numeric_probe_id,family_id,max_oriented_ic,max_oriented_spread,min_control_ratio,clean_label_count,eval_rows,candidate_id,dataset,motif,operator,primary_field,partner_field,window_h,expression,cluster_key,quality_score
a7ffcore30_0134,F1b_taker_flow_market_panel,0.0398347068334387,0.1200553774833679,0.5731420776453197,9,252906,a7ffcore29e_0207,top498_replay_v2,taker_flow_x_liquidity,WinsorZ,trade_volume,trade_quote_volume,24,"Clip(ZScore(Delta(trade_volume,24)),-3,3)*Sign(Delta(trade_quote_volume,24))",F1b_taker_flow_market_panel|taker_flow_x_liquidity|WinsorZ|trade_volume|trade_quote_volume,96.11776029511726
a7ffcore30_0019,F1a_aggtrades_flow_microstructure,0.0338372476348253,0.1434564739465713,0.390002705645414,9,8886,a7ffcore29e_0131,core12_aggtrades_all_features,flow_reversal,ZScore,agg_large_notional_ratio_100k_plus,premium_index_bps,8,"ZScore(agg_large_notional_ratio_100k_plus,8)*ZScore(Delta(premium_index_bps,8))",F1a_aggtrades_flow_microstructure|flow_reversal|ZScore|agg_large_notional_ratio_100k_plus|premium_index_bps,96.43371123525546
a7ffcore30_0028,F1a_aggtrades_flow_microstructure,0.0330340587256734,0.0853605791926384,0.1817989897847456,9,8886,a7ffcore29e_0035,core12_aggtrades_all_features,flow_x_dislocation,TSRank,agg_large_notional_ratio_100k_plus,premium_index_bps,4,"TSRank(agg_large_notional_ratio_100k_plus,4)*ZScore(Delta(premium_index_bps,4))",F1a_aggtrades_flow_microstructure|flow_x_dislocation|TSRank|agg_large_notional_ratio_100k_plus|premium_index_bps,97.3944109236436
a7ffcore30_0031,F1a_aggtrades_flow_microstructure,0.0320522815529403,0.1923868060111999,0.2294520956303805,9,9030,a7ffcore29e_0111,core12_aggtrades_all_features,flow_x_dislocation,TSRank,agg_large_notional_ratio_100k_plus,agg_price_range_bps,8,"TSRank(agg_large_notional_ratio_100k_plus,8)*ZScore(Delta(agg_price_range_bps,8))",F1a_aggtrades_flow_microstructure|flow_x_dislocation|TSRank|agg_large_notional_ratio_100k_plus|agg_price_range_bps,97.05796767714213
a7ffcore30_0008,F1a_aggtrades_flow_microstructure,0.0224851944211825,0.0388048216700553,0.0548475189042261,9,9030,a7ffcore29e_0010,core12_aggtrades_all_features,flow_reversal,TSRank,agg_max_trade_notional,mark_index_basis_bps,4,"TSRank(agg_max_trade_notional,4)*ZScore(Delta(mark_index_basis_bps,4))",F1a_aggtrades_flow_microstructure|flow_reversal|TSRank|agg_max_trade_notional|mark_index_basis_bps,96.97428184759713
a7ffcore30_0011,F1a_aggtrades_flow_microstructure,0.022062135563196,0.0671471431851387,0.0605304002310376,9,9030,a7ffcore29e_0136,core12_aggtrades_all_features,flow_reversal,TSRank,agg_signed_aggressor_notional,mark_index_basis_bps,8,"TSRank(agg_signed_aggressor_notional,8)*ZScore(Delta(mark_index_basis_bps,8))",F1a_aggtrades_flow_microstructure|flow_reversal|TSRank|agg_signed_aggressor_notional|mark_index_basis_bps,96.9035615551644
a7ffcore30_0014,F1a_aggtrades_flow_microstructure,0.0217792734289363,0.1359652578830719,0.038479868923185,9,9030,a7ffcore29e_0072,core12_aggtrades_all_features,flow_reversal,WinsorZ,agg_signed_aggressor_notional,mark_index_basis_bps,24,"Clip(ZScore(Delta(agg_signed_aggressor_notional,24)),-3,3)*Sign(Delta(mark_index_basis_bps,24))",F1a_aggtrades_flow_microstructure|flow_reversal|WinsorZ|agg_signed_aggressor_notional|mark_index_basis_bps,96.9855279982777
a7ffcore30_0051,F1a_aggtrades_flow_microstructure,0.0203866820630545,0.0494302585721015,0.1837399866992194,9,8886,a7ffcore29e_0112,core12_aggtrades_all_features,flow_x_low_turnover,TSRank,agg_signed_aggressor_notional,premium_index_bps,24,"TSRank(agg_signed_aggressor_notional,24)*ZScore(Delta(premium_index_bps,24))",F1a_aggtrades_flow_microstructure|flow_x_low_turnover|TSRank|agg_signed_aggressor_notional|premium_index_bps,96.11996827280934
a7ffcore30_0102,F1b_taker_flow_market_panel,0.0188396428632036,0.0765715315937995,0.2177741299161798,9,36812,a7ffcore29e_0235,top498_replay_v2,taker_flow_x_basis,Delta,trade_volume,funding_rate,4,"Delta(trade_volume,4)*ZScore(Delta(funding_rate,4))",F1b_taker_flow_market_panel|taker_flow_x_basis|Delta|trade_volume|funding_rate,95.79509363673947
a7ffcore30_0041,F1a_aggtrades_flow_microstructure,0.0172382524956857,0.0650902539491653,0.048987216589168,9,8886,a7ffcore29e_0051,core12_aggtrades_all_features,flow_x_low_turnover,Delta,agg_large_notional_ratio_100k_plus,premium_index_bps,8,"Delta(agg_large_notional_ratio_100k_plus,8)*ZScore(Delta(premium_index_bps,8))",F1a_aggtrades_flow_microstructure|flow_x_low_turnover|Delta|agg_large_notional_ratio_100k_plus|premium_index_bps,96.47888916662272
a7ffcore30_0163,F2a_basis_funding_independent,0.0158873122761404,0.0285664871335029,0.2956543846968728,9,49044,a7ffcore29e_0446,top498_replay_v2,H8_H24_dislocation,Delta,funding_rate,trade_volume,8,"Delta(funding_rate,8)*ZScore(Delta(trade_volume,8))",F2a_basis_funding_independent|H8_H24_dislocation|Delta|funding_rate|trade_volume,95.11045930412968
a7ffcore30_0095,F1b_taker_flow_market_panel,0.0150534550885204,0.0759985670447349,0.5017750695340993,9,48940,a7ffcore29e_0282,top498_replay_v2,low_turnover_flow_state,WinsorZ,trade_quote_volume,funding_rate,24,"Clip(ZScore(Delta(trade_quote_volume,24)),-3,3)*Sign(Delta(funding_rate,24))",F1b_taker_flow_market_panel|low_turnover_flow_state|WinsorZ|trade_quote_volume|funding_rate,93.99647016118155
a7ffcore30_0222,F2a_basis_funding_independent,0.0133018193592024,0.0851465314626693,0.4179026518092483,9,48940,a7ffcore29e_0422,top498_replay_v2,funding_persistence_low_turnover,Delta,funding_rate,trade_quote_volume,24,"Delta(funding_rate,24)*ZScore(Delta(trade_quote_volume,24))",F2a_basis_funding_independent|funding_persistence_low_turnover|Delta|funding_rate|trade_quote_volume,94.240668676874
a7ffcore30_0068,F1a_aggtrades_flow_microstructure,0.0132500964160067,0.0843192040920257,0.2076817383653438,9,7428,a7ffcore29e_0085,core12_aggtrades_all_features,large_trade_shock,TSRank,agg_volume_imbalance,funding_rate,4,"TSRank(agg_volume_imbalance,4)*ZScore(Delta(funding_rate,4))",F1a_aggtrades_flow_microstructure|large_trade_shock|TSRank|agg_volume_imbalance|funding_rate,95.28660094977396
a7ffcore30_0094,F1b_taker_flow_market_panel,0.0125441484612594,0.087407074868679,0.2767784659658313,9,49044,a7ffcore29e_0281,top498_replay_v2,low_turnover_flow_state,WinsorZ,taker_buy_quote_volume,funding_rate,8,"Clip(ZScore(Delta(taker_buy_quote_volume,8)),-3,3)*Sign(Delta(funding_rate,8))",F1b_taker_flow_market_panel|low_turnover_flow_state|WinsorZ|taker_buy_quote_volume|funding_rate,94.87052251629679
a7ffcore30_0201,F2a_basis_funding_independent,0.0121664135335492,0.0578483939170837,0.4041078463283059,9,49044,a7ffcore29e_0346,top498_replay_v2,basis_x_flow,Delta,funding_rate,taker_buy_quote_volume,8,"Delta(funding_rate,8)*ZScore(Delta(taker_buy_quote_volume,8))",F2a_basis_funding_independent|basis_x_flow|Delta|funding_rate|taker_buy_quote_volume,94.19610212171338
a7ffcore30_0195,F2a_basis_funding_independent,0.0120861518043925,0.0877236723899841,0.3918560103757754,9,251782,a7ffcore29e_0393,top498_replay_v2,basis_delta_x_funding,WinsorZ,premium_close_bps,taker_buy_quote_volume,72,"Clip(ZScore(Delta(premium_close_bps,72)),-3,3)*Sign(Delta(taker_buy_quote_volume,72))",F2a_basis_funding_independent|basis_delta_x_funding|WinsorZ|premium_close_bps|taker_buy_quote_volume,94.24933512856038
a7ffcore30_0123,F1b_taker_flow_market_panel,0.012052887442402,0.0700903534889221,0.7402684032261673,9,251782,a7ffcore29e_0263,top498_replay_v2,taker_flow_x_liquidity,Delta,trade_volume,premium_close_bps,72,"Delta(trade_volume,72)*ZScore(Delta(premium_close_bps,72))",F1b_taker_flow_market_panel|taker_flow_x_liquidity|Delta|trade_volume|premium_close_bps,92.50394672810937
a7ffcore30_0187,F2a_basis_funding_independent,0.0118173630666131,0.0565327629446983,0.4152556623170466,9,252566,a7ffcore29e_0460,top498_replay_v2,basis_delta_x_funding,SpreadShortLong,mark_index_basis_bps,trade_volume,4,"Sub(ZScore(Mean(mark_index_basis_bps,4)),ZScore(Mean(trade_volume,16)))",F2a_basis_funding_independent|basis_delta_x_funding|SpreadShortLong|mark_index_basis_bps|trade_volume,94.10545799507608
a7ffcore30_0113,F1b_taker_flow_market_panel,0.0099709371824053,0.0728295072913169,0.1782039900307073,9,252918,a7ffcore29e_0231,top498_replay_v2,taker_flow_x_basis,WinsorZ,trade_volume,premium_close_bps,8,"Clip(ZScore(Delta(trade_volume,8)),-3,3)*Sign(Delta(premium_close_bps,8))",F1b_taker_flow_market_panel|taker_flow_x_basis|WinsorZ|trade_volume|premium_close_bps,95.106073768087
a7ffcore30_0057,F1a_aggtrades_flow_microstructure,0.0082688109120696,0.0261307153850793,0.5121762187029582,9,9030,a7ffcore29e_0056,core12_aggtrades_all_features,flow_x_low_turnover,ZScore,agg_signed_aggressor_notional,mark_index_basis_bps,8,"ZScore(agg_signed_aggressor_notional,8)*ZScore(Delta(mark_index_basis_bps,8))",F1a_aggtrades_flow_microstructure|flow_x_low_turnover|ZScore|agg_signed_aggressor_notional|mark_index_basis_bps,93.26599999769216
a7ffcore30_0092,F1b_taker_flow_market_panel,0.0052705086957043,0.0314960479736328,0.1269420617634464,9,251387,a7ffcore29e_0208,top498_replay_v2,low_turnover_flow_state,WinsorZ,kline_taker_buy_quote_share,mark_index_basis_bps,72,"Clip(ZScore(Delta(kline_taker_buy_quote_share,72)),-3,3)*Sign(Delta(mark_index_basis_bps,72))",F1b_taker_flow_market_panel|low_turnover_flow_state|WinsorZ|kline_taker_buy_quote_share|mark_index_basis_bps,94.8923405607532
a7ffcore30_0183,F2a_basis_funding_independent,0.0051162255990091,0.0559738799929618,0.031379218310726,9,252652,a7ffcore29e_0396,top498_replay_v2,basis_delta_x_funding,Delta,mark_index_basis_bps,trade_volume,8,"Delta(mark_index_basis_bps,8)*ZScore(Delta(trade_volume,8))",F2a_basis_funding_independent|basis_delta_x_funding|Delta|mark_index_basis_bps|trade_volume,95.35472646834728
a7ffcore30_0071,F1a_aggtrades_flow_microstructure,0.0386704293464102,0.0590063743293285,0.0613577692578968,6,9006,a7ffcore29e_0088,core12_aggtrades_all_features,large_trade_shock,TSRank,agg_signed_aggressor_notional,mark_index_basis_bps,72,"TSRank(agg_signed_aggressor_notional,72)*ZScore(Delta(mark_index_basis_bps,72))",F1a_aggtrades_flow_microstructure|large_trade_shock|TSRank|agg_signed_aggressor_notional|mark_index_basis_bps,68.56025408835154
a7ffcore30_0069,F1a_aggtrades_flow_microstructure,0.0282853310751413,0.003700777888298,0.4955467877290076,6,8967,a7ffcore29e_0086,core12_aggtrades_all_features,large_trade_shock,TSRank,agg_max_trade_notional,funding_rate,8,"TSRank(agg_max_trade_notional,8)*ZScore(Delta(funding_rate,8))",F1a_aggtrades_flow_microstructure|large_trade_shock|TSRank|agg_max_trade_notional|funding_rate,65.35079916886909
a7ffcore30_0010,F1a_aggtrades_flow_microstructure,0.0270941049127915,0.0481853894889354,0.2727906369555553,6,7428,a7ffcore29e_0135,core12_aggtrades_all_features,flow_reversal,TSRank,agg_large_notional_ratio_100k_plus,funding_rate,4,"TSRank(agg_large_notional_ratio_100k_plus,4)*ZScore(Delta(funding_rate,4))",F1a_aggtrades_flow_microstructure|flow_reversal|TSRank|agg_large_notional_ratio_100k_plus|funding_rate,66.34545730650137
a7ffcore30_0056,F1a_aggtrades_flow_microstructure,0.0267525358637738,0.0510077476501464,0.1555766471585071,6,7428,a7ffcore29e_0055,core12_aggtrades_all_features,flow_x_low_turnover,ZScore,agg_large_notional_ratio_100k_plus,funding_rate,4,"ZScore(agg_large_notional_ratio_100k_plus,4)*ZScore(Delta(funding_rate,4))",F1a_aggtrades_flow_microstructure|flow_x_low_turnover|ZScore|agg_large_notional_ratio_100k_plus|funding_rate,66.89737035058485
a7ffcore30_0026,F1a_aggtrades_flow_microstructure,0.0259882915326887,0.1265455484390258,0.4340637617937247,6,8994,a7ffcore29e_0042,core12_aggtrades_all_features,flow_x_dislocation,SpreadShortLong,agg_max_trade_notional,mark_index_basis_bps,24,"Sub(ZScore(Mean(agg_max_trade_notional,24)),ZScore(Mean(mark_index_basis_bps,96)))",F1a_aggtrades_flow_microstructure|flow_x_dislocation|SpreadShortLong|agg_max_trade_notional|mark_index_basis_bps,65.42851034430025
a7ffcore30_0017,F1a_aggtrades_flow_microstructure,0.0213166637142424,0.0679958537220954,0.0145547446038382,6,8967,a7ffcore29e_0006,core12_aggtrades_all_features,flow_reversal,ZScore,agg_max_trade_notional,funding_rate,8,"ZScore(agg_max_trade_notional,8)*ZScore(Delta(funding_rate,8))",F1a_aggtrades_flow_microstructure|flow_reversal|ZScore|agg_max_trade_notional|funding_rate,67.05889264840505
a7ffcore30_0137,F1b_taker_flow_market_panel,0.0206055230262792,0.0463903024792671,0.287305904929575,6,36812,a7ffcore29e_0265,top498_replay_v2,taker_flow_x_liquidity,ZScore,taker_buy_quote_volume,funding_rate,4,"ZScore(taker_buy_quote_volume,4)*ZScore(Delta(funding_rate,4))",F1b_taker_flow_market_panel|taker_flow_x_liquidity|ZScore|taker_buy_quote_volume|funding_rate,65.62402277798004
a7ffcore30_0115,F1b_taker_flow_market_panel,0.0196400993740138,0.1431759595870971,0.4673978235681605,6,48610,a7ffcore29e_0233,top498_replay_v2,taker_flow_x_basis,WinsorZ,taker_buy_quote_volume,funding_rate,72,"Clip(ZScore(Delta(taker_buy_quote_volume,72)),-3,3)*Sign(Delta(funding_rate,72))",F1b_taker_flow_market_panel|taker_flow_x_basis|WinsorZ|taker_buy_quote_volume|funding_rate,64.62702081956057
a7ffcore30_0062,F1a_aggtrades_flow_microstructure,0.018671324388003,0.0300838015973567,0.1295534541168591,6,7428,a7ffcore29e_0150,core12_aggtrades_all_features,large_trade_shock,Delta,agg_max_trade_notional,funding_rate,4,"Delta(agg_max_trade_notional,4)*ZScore(Delta(funding_rate,4))",F1a_aggtrades_flow_microstructure|large_trade_shock|Delta|agg_max_trade_notional|funding_rate,66.219365168216
a7ffcore30_0047,F1a_aggtrades_flow_microstructure,0.0186126532084867,0.0596697181463241,0.1728670988609312,6,8910,a7ffcore29e_0118,core12_aggtrades_all_features,flow_x_low_turnover,SpreadShortLong,agg_max_trade_notional,funding_rate,72,"Sub(ZScore(Mean(agg_max_trade_notional,72)),ZScore(Mean(funding_rate,288)))",F1a_aggtrades_flow_microstructure|flow_x_low_turnover|SpreadShortLong|agg_max_trade_notional|funding_rate,65.99692982654402
a7ffcore30_0040,F1a_aggtrades_flow_microstructure,0.0185521577227064,0.1231293380260467,0.209205040227859,6,8886,a7ffcore29e_0050,core12_aggtrades_all_features,flow_x_low_turnover,Delta,agg_max_trade_notional,premium_index_bps,4,"Delta(agg_max_trade_notional,4)*ZScore(Delta(premium_index_bps,4))",F1a_aggtrades_flow_microstructure|flow_x_low_turnover|Delta|agg_max_trade_notional|premium_index_bps,65.80919057113134
a7ffcore30_0061,F1a_aggtrades_flow_microstructure,0.0183254653812819,0.1533438861370086,0.2703083104848041,6,9030,a7ffcore29e_0026,core12_aggtrades_all_features,large_trade_shock,Delta,agg_max_trade_notional,mark_index_basis_bps,8,"Delta(agg_max_trade_notional,8)*ZScore(Delta(mark_index_basis_bps,8))",F1a_aggtrades_flow_microstructure|large_trade_shock|Delta|agg_max_trade_notional|mark_index_basis_bps,65.48100498570417
a7ffcore30_0009,F1a_aggtrades_flow_microstructure,0.0178916286484783,0.0985483080148696,0.5787342840711407,6,9030,a7ffcore29e_0011,core12_aggtrades_all_features,flow_reversal,TSRank,agg_large_notional_ratio_100k_plus,mark_index_basis_bps,8,"TSRank(agg_large_notional_ratio_100k_plus,8)*ZScore(Delta(mark_index_basis_bps,8))",F1a_aggtrades_flow_microstructure|flow_reversal|TSRank|agg_large_notional_ratio_100k_plus|mark_index_basis_bps,63.89549144449213
a7ffcore30_0138,F1b_taker_flow_market_panel,0.0172539333641549,0.1790173947811126,0.1706040538741641,6,49010,a7ffcore29e_0266,top498_replay_v2,taker_flow_x_liquidity,ZScore,trade_quote_volume,funding_rate,8,"ZScore(trade_quote_volume,8)*ZScore(Delta(funding_rate,8))",F1b_taker_flow_market_panel|taker_flow_x_liquidity|ZScore|trade_quote_volume|funding_rate,65.87237306704468
a7ffcore30_0099,F1b_taker_flow_market_panel,0.0168088121930625,0.2618207931518554,0.4774156920063198,6,48572,a7ffcore29e_0218,top498_replay_v2,low_turnover_flow_state,ZScore,trade_quote_volume,funding_rate,72,"ZScore(trade_quote_volume,72)*ZScore(Delta(funding_rate,72))",F1b_taker_flow_market_panel|low_turnover_flow_state|ZScore|trade_quote_volume|funding_rate,64.29380275927466
a7ffcore30_0016,F1a_aggtrades_flow_microstructure,0.0168077772726293,0.0626620575785636,0.2565730757702717,6,7428,a7ffcore29e_0005,core12_aggtrades_all_features,flow_reversal,ZScore,agg_volume_imbalance,funding_rate,4,"ZScore(agg_volume_imbalance,4)*ZScore(Delta(funding_rate,4))",F1a_aggtrades_flow_microstructure|flow_reversal|ZScore|agg_volume_imbalance|funding_rate,65.39791234841157
a7ffcore30_0140,F1b_taker_flow_market_panel,0.0158938044620552,0.0911483764648437,0.4128182416729188,6,36812,a7ffcore29e_0185,top498_replay_v2,taker_flow_x_vol,Delta,taker_buy_quote_volume,funding_rate,4,"Delta(taker_buy_quote_volume,4)*ZScore(Delta(funding_rate,4))",F1b_taker_flow_market_panel|taker_flow_x_vol|Delta|taker_buy_quote_volume|funding_rate,64.52528923784092
a7ffcore30_0058,F1a_aggtrades_flow_microstructure,0.0151707287021517,0.0886185616254806,0.0483662867660207,6,9030,a7ffcore29e_0057,core12_aggtrades_all_features,flow_x_low_turnover,ZScore,agg_volume_imbalance,mark_index_basis_bps,24,"ZScore(agg_volume_imbalance,24)*ZScore(Delta(mark_index_basis_bps,24))",F1a_aggtrades_flow_microstructure|flow_x_low_turnover|ZScore|agg_volume_imbalance|mark_index_basis_bps,66.27524143638507
a7ffcore30_0002,F1a_aggtrades_flow_microstructure,0.0147584212281772,0.1220863461494445,0.2388693668780671,6,9030,a7ffcore29e_0075,core12_aggtrades_all_features,flow_reversal,Delta,agg_large_notional_ratio_100k_plus,mark_index_basis_bps,4,"Delta(agg_large_notional_ratio_100k_plus,4)*ZScore(Delta(mark_index_basis_bps,4))",F1a_aggtrades_flow_microstructure|flow_reversal|Delta|agg_large_notional_ratio_100k_plus|mark_index_basis_bps,65.28149528842738
a7ffcore30_0070,F1a_aggtrades_flow_microstructure,0.0146281129784652,0.0942951217293739,0.2980552591653826,6,9030,a7ffcore29e_0087,core12_aggtrades_all_features,large_trade_shock,TSRank,agg_large_notional_ratio_100k_plus,funding_rate,24,"TSRank(agg_large_notional_ratio_100k_plus,24)*ZScore(Delta(funding_rate,24))",F1a_aggtrades_flow_microstructure|large_trade_shock|TSRank|agg_large_notional_ratio_100k_plus|funding_rate,64.97253500201961
a7ffcore30_0175,F2a_basis_funding_independent,0.0142949055360251,0.0298072323203086,0.6209154604352785,6,48908,a7ffcore29e_0442,top498_replay_v2,H8_H24_dislocation,WinsorZ,funding_rate,taker_buy_quote_volume,24,"Clip(ZScore(Delta(funding_rate,24)),-3,3)*Sign(Delta(taker_buy_quote_volume,24))",F2a_basis_funding_independent|H8_H24_dislocation|WinsorZ|funding_rate|taker_buy_quote_volume,63.32491325142612
a7ffcore30_0072,F1a_aggtrades_flow_microstructure,0.0139147257745891,0.1055842861533165,0.2456323273653899,6,9030,a7ffcore29e_0020,core12_aggtrades_all_features,large_trade_shock,WinsorZ,agg_signed_aggressor_notional,funding_rate,4,"Clip(ZScore(Delta(agg_signed_aggressor_notional,4)),-3,3)*Sign(Delta(funding_rate,4))",F1a_aggtrades_flow_microstructure|large_trade_shock|WinsorZ|agg_signed_aggressor_notional|funding_rate,65.16331094063196
a7ffcore30_0233,F2a_basis_funding_independent,0.0125960502232091,0.1480264067649841,0.1651663552232868,6,49010,a7ffcore29e_0366,top498_replay_v2,funding_persistence_low_turnover,WinsorZ,funding_rate,trade_volume,8,"Clip(ZScore(Delta(funding_rate,8)),-3,3)*Sign(Delta(trade_volume,8))",F2a_basis_funding_independent|funding_persistence_low_turnover|WinsorZ|funding_rate|trade_volume,65.43377324620448
a7ffcore30_0022,F1a_aggtrades_flow_microstructure,0.0124815508863252,0.1241172105073928,0.0191048686421456,6,9030,a7ffcore29e_0102,core12_aggtrades_all_features,flow_x_dislocation,Delta,agg_max_trade_notional,funding_rate,24,"Delta(agg_max_trade_notional,24)*ZScore(Delta(funding_rate,24))",F1a_aggtrades_flow_microstructure|flow_x_dislocation|Delta|agg_max_trade_notional|funding_rate,66.15263074542179
a7ffcore30_0192,F2a_basis_funding_independent,0.0123920624503711,0.0656478703022003,0.2894062133676051,6,36812,a7ffcore29e_0390,top498_replay_v2,basis_delta_x_funding,WinsorZ,funding_rate,trade_quote_volume,4,"Clip(ZScore(Delta(funding_rate,4)),-3,3)*Sign(Delta(trade_quote_volume,4))",F2a_basis_funding_independent|basis_delta_x_funding|WinsorZ|funding_rate|trade_quote_volume,64.79217517819909
a7ffcore30_0114,F1b_taker_flow_market_panel,0.0119985166704039,0.0328310467302799,0.7962960980875067,6,48927,a7ffcore29e_0232,top498_replay_v2,taker_flow_x_basis,WinsorZ,kline_taker_buy_quote_share,funding_rate,24,"Clip(ZScore(Delta(kline_taker_buy_quote_share,24)),-3,3)*Sign(Delta(funding_rate,24))",F1b_taker_flow_market_panel|taker_flow_x_basis|WinsorZ|kline_taker_buy_quote_share|funding_rate,62.21837117660286
a7ffcore30_0159,F1b_taker_flow_market_panel,0.0114871042148976,0.0510356575250625,0.3619095222217551,6,36812,a7ffcore29e_0315,top498_replay_v2,taker_flow_x_vol,ZScore,trade_volume,funding_rate,4,"ZScore(trade_volume,4)*ZScore(Delta(funding_rate,4))",F1b_taker_flow_market_panel|taker_flow_x_vol|ZScore|trade_volume|funding_rate,64.33916281038098
a7ffcore30_0194,F2a_basis_funding_independent,0.0104927789773816,0.13181072473526,0.3753178253390137,6,252459,a7ffcore29e_0392,top498_replay_v2,basis_delta_x_funding,WinsorZ,mark_index_basis_bps,taker_buy_quote_volume,24,"Clip(ZScore(Delta(mark_index_basis_bps,24)),-3,3)*Sign(Delta(taker_buy_quote_volume,24))",F2a_basis_funding_independent|basis_delta_x_funding|WinsorZ|mark_index_basis_bps|taker_buy_quote_volume,64.17268877104308
a7ffcore30_0188,F2a_basis_funding_independent,0.010227589219211,0.0926008224487304,0.4735235318875898,6,49090,a7ffcore29e_0330,top498_replay_v2,basis_delta_x_funding,TSRank,funding_rate,taker_buy_quote_volume,4,"TSRank(funding_rate,4)*ZScore(Delta(taker_buy_quote_volume,4))",F2a_basis_funding_independent|basis_delta_x_funding|TSRank|funding_rate|taker_buy_quote_volume,63.655141262483156
a7ffcore30_0036,F1a_aggtrades_flow_microstructure,0.0093036505200669,0.1329049468040466,0.5247921297666631,6,8886,a7ffcore29e_0032,core12_aggtrades_all_features,flow_x_dislocation,ZScore,agg_signed_aggressor_notional,premium_index_bps,24,"ZScore(agg_signed_aggressor_notional,24)*ZScore(Delta(premium_index_bps,24))",F1a_aggtrades_flow_microstructure|flow_x_dislocation|ZScore|agg_signed_aggressor_notional|premium_index_bps,63.306404403173374
a7ffcore30_0234,F2a_basis_funding_independent,0.0092088290678994,0.1035305559635162,0.5470523998191622,6,252717,a7ffcore29e_0367,top498_replay_v2,funding_persistence_low_turnover,WinsorZ,premium_close,trade_volume,24,"Clip(ZScore(Delta(premium_close,24)),-3,3)*Sign(Delta(trade_volume,24))",F2a_basis_funding_independent|funding_persistence_low_turnover|WinsorZ|premium_close|trade_volume,63.18562090769413
a7ffcore30_0198,F2a_basis_funding_independent,0.0091605629874137,0.0641142725944519,0.5077961442606621,6,49030,a7ffcore29e_0450,top498_replay_v2,basis_delta_x_funding,ZScore,funding_rate,kline_taker_buy_quote_share,4,"ZScore(funding_rate,4)*ZScore(Delta(kline_taker_buy_quote_share,4))",F2a_basis_funding_independent|basis_delta_x_funding|ZScore|funding_rate|kline_taker_buy_quote_share,63.377075577438056
a7ffcore30_0000,F1a_aggtrades_flow_microstructure,0.0089804343537229,0.026495661586523,0.1877432985450061,6,8886,a7ffcore29e_0000,core12_aggtrades_all_features,flow_reversal,Delta,agg_signed_aggressor_notional,premium_index_bps,4,"Delta(agg_signed_aggressor_notional,4)*ZScore(Delta(premium_index_bps,4))",F1a_aggtrades_flow_microstructure|flow_reversal|Delta|agg_signed_aggressor_notional|premium_index_bps,64.95932694264725
a7ffcore30_0153,F1b_taker_flow_market_panel,0.0085940721930264,0.0965658277273178,0.1169510176242186,6,252918,a7ffcore29e_0181,top498_replay_v2,taker_flow_x_vol,WinsorZ,taker_buy_quote_volume,premium_close_bps,8,"Clip(ZScore(Delta(taker_buy_quote_volume,8)),-3,3)*Sign(Delta(premium_close_bps,8))",F1b_taker_flow_market_panel|taker_flow_x_vol|WinsorZ|taker_buy_quote_volume|premium_close_bps,65.27465213118154
a7ffcore30_0221,F2a_basis_funding_independent,0.00789750761398,0.0798745304346084,0.0901404328710016,6,252918,a7ffcore29e_0421,top498_replay_v2,funding_persistence_low_turnover,Delta,premium_close_bps,trade_quote_volume,8,"Delta(premium_close_bps,8)*ZScore(Delta(trade_quote_volume,8))",F2a_basis_funding_independent|funding_persistence_low_turnover|Delta|premium_close_bps|trade_quote_volume,65.33904859704299
a7ffcore30_0203,F2a_basis_funding_independent,0.0078974593675474,0.0798745304346084,0.090127985719654,6,252918,a7ffcore29e_0471,top498_replay_v2,basis_x_flow,Delta,premium_close,trade_quote_volume,8,"Delta(premium_close,8)*ZScore(Delta(trade_quote_volume,8))",F2a_basis_funding_independent|basis_x_flow|Delta|premium_close|trade_quote_volume,65.33910600815648
a7ffcore30_0223,F2a_basis_funding_independent,0.0078023503647239,0.09181609749794,0.7042338789054113,6,251782,a7ffcore29e_0423,top498_replay_v2,funding_persistence_low_turnover,Delta,premium_close,trade_quote_volume,72,"Delta(premium_close,72)*ZScore(Delta(trade_quote_volume,72))",F2a_basis_funding_independent|funding_persistence_low_turnover|Delta|premium_close|trade_quote_volume,62.259065641945334
a7ffcore30_0215,F2a_basis_funding_independent,0.007329527206761,0.0414873287081718,0.2989053588572128,6,252875,a7ffcore29e_0465,top498_replay_v2,basis_x_flow,WinsorZ,premium_close_bps,kline_taker_buy_quote_share,4,"Clip(ZScore(Delta(premium_close_bps,4)),-3,3)*Sign(Delta(kline_taker_buy_quote_share,4))",F2a_basis_funding_independent|basis_x_flow|WinsorZ|premium_close_bps|kline_taker_buy_quote_share,64.23842592639004
a7ffcore30_0139,F1b_taker_flow_market_panel,0.0071630237768078,0.1099266558885574,0.3987686920727044,6,48908,a7ffcore29e_0267,top498_replay_v2,taker_flow_x_liquidity,ZScore,trade_volume,funding_rate,24,"ZScore(trade_volume,24)*ZScore(Delta(funding_rate,24))",F1b_taker_flow_market_panel|taker_flow_x_liquidity|ZScore|trade_volume|funding_rate,63.72245891731726
a7ffcore30_0219,F2a_basis_funding_independent,0.0071372453057594,0.0554554611444473,0.5300848720100302,6,252958,a7ffcore29e_0475,top498_replay_v2,basis_x_flow,ZScore,premium_close,taker_buy_quote_volume,4,"ZScore(premium_close,4)*ZScore(Delta(taker_buy_quote_volume,4))",F2a_basis_funding_independent|basis_x_flow|ZScore|premium_close|taker_buy_quote_volume,63.063300170525785
a7ffcore30_0237,F2a_basis_funding_independent,0.0071372453057594,0.0554554611444473,0.5300848720100302,6,252958,a7ffcore29e_0425,top498_replay_v2,funding_persistence_low_turnover,ZScore,premium_close_bps,taker_buy_quote_volume,4,"ZScore(premium_close_bps,4)*ZScore(Delta(taker_buy_quote_volume,4))",F2a_basis_funding_independent|funding_persistence_low_turnover|ZScore|premium_close_bps|taker_buy_quote_volume,63.063300170525785
a7ffcore30_0023,F1a_aggtrades_flow_microstructure,0.0069062730014258,0.0302698109298944,0.1490534239571562,6,9006,a7ffcore29e_0103,core12_aggtrades_all_features,flow_x_dislocation,Delta,agg_large_notional_ratio_100k_plus,funding_rate,72,"Delta(agg_large_notional_ratio_100k_plus,72)*ZScore(Delta(funding_rate,72))",F1a_aggtrades_flow_microstructure|flow_x_dislocation|Delta|agg_large_notional_ratio_100k_plus|funding_rate,64.9453601803568
a7ffcore30_0168,F2a_basis_funding_independent,0.0061634359431955,0.0196940749883651,0.1658649088412983,6,252696,a7ffcore29e_0380,top498_replay_v2,H8_H24_dislocation,TSRank,mark_index_basis_bps,trade_volume,4,"TSRank(mark_index_basis_bps,4)*ZScore(Delta(trade_volume,4))",F2a_basis_funding_independent|H8_H24_dislocation|TSRank|mark_index_basis_bps|trade_volume,64.78701905011306
a7ffcore30_0176,F2a_basis_funding_independent,0.0058131080653433,0.0500423274934291,0.2093055084990587,6,252958,a7ffcore29e_0375,top498_replay_v2,H8_H24_dislocation,ZScore,premium_close,trade_quote_volume,4,"ZScore(premium_close,4)*ZScore(Delta(trade_quote_volume,4))",F2a_basis_funding_independent|H8_H24_dislocation|ZScore|premium_close|trade_quote_volume,64.53478326403904
a7ffcore30_0196,F2a_basis_funding_independent,0.0058131080653433,0.0500423274934291,0.2093055084990587,6,252958,a7ffcore29e_0325,top498_replay_v2,basis_delta_x_funding,ZScore,premium_close_bps,trade_quote_volume,4,"ZScore(premium_close_bps,4)*ZScore(Delta(trade_quote_volume,4))",F2a_basis_funding_independent|basis_delta_x_funding|ZScore|premium_close_bps|trade_quote_volume,64.53478326403904
a7ffcore30_0120,F1b_taker_flow_market_panel,0.0053999306507278,0.0331364087760448,0.2382800480377311,6,252875,a7ffcore29e_0260,top498_replay_v2,taker_flow_x_liquidity,Delta,kline_taker_buy_quote_share,premium_close_bps,4,"Delta(kline_taker_buy_quote_share,4)*ZScore(Delta(premium_close_bps,4))",F1b_taker_flow_market_panel|taker_flow_x_liquidity|Delta|kline_taker_buy_quote_share|premium_close_bps,64.34859282488412
a7ffcore30_0133,F1b_taker_flow_market_panel,0.0434872709633974,0.1496255099773407,0.9812394262658845,3,253098,a7ffcore29e_0206,top498_replay_v2,taker_flow_x_liquidity,WinsorZ,trade_quote_volume,trade_quote_volume,8,"Clip(ZScore(Delta(trade_quote_volume,8)),-3,3)*Sign(Delta(trade_quote_volume,8))",F1b_taker_flow_market_panel|taker_flow_x_liquidity|WinsorZ|trade_quote_volume|trade_quote_volume,34.44252996501032
a7ffcore30_0154,F1b_taker_flow_market_panel,0.0406460059130801,0.0910340249538421,0.2670262560249273,3,253136,a7ffcore29e_0255,top498_replay_v2,taker_flow_x_vol,WinsorZ,trade_volume,trade_quote_volume,4,"Clip(ZScore(Delta(trade_volume,4)),-3,3)*Sign(Delta(trade_quote_volume,4))",F1b_taker_flow_market_panel|taker_flow_x_vol|WinsorZ|trade_volume|trade_quote_volume,37.72946931118337
a7ffcore30_0025,F1a_aggtrades_flow_microstructure,0.0325971453375651,0.1081698015332222,0.0122040601282271,3,9018,a7ffcore29e_0041,core12_aggtrades_all_features,flow_x_dislocation,SpreadShortLong,agg_volume_imbalance,mark_index_basis_bps,8,"Sub(ZScore(Mean(agg_volume_imbalance,8)),ZScore(Mean(mark_index_basis_bps,32)))",F1a_aggtrades_flow_microstructure|flow_x_dislocation|SpreadShortLong|agg_volume_imbalance|mark_index_basis_bps,38.198694233115376
a7ffcore30_0032,F1a_aggtrades_flow_microstructure,0.0295468058223784,0.0689697340130806,0.9926883312796504,3,9030,a7ffcore29e_0045,core12_aggtrades_all_features,flow_x_dislocation,WinsorZ,agg_volume_imbalance,agg_price_range_bps,4,"Clip(ZScore(Delta(agg_volume_imbalance,4)),-3,3)*Sign(Delta(agg_price_range_bps,4))",F1a_aggtrades_flow_microstructure|flow_x_dislocation|WinsorZ|agg_volume_imbalance|agg_price_range_bps,32.99123892583959
a7ffcore30_0076,F1a_aggtrades_flow_microstructure,0.0285651378664013,0.1336382925510406,0.7212935846216253,3,9030,a7ffcore29e_0030,core12_aggtrades_all_features,large_trade_shock,ZScore,agg_max_trade_notional,agg_price_range_bps,4,"ZScore(agg_max_trade_notional,4)*ZScore(Delta(agg_price_range_bps,4))",F1a_aggtrades_flow_microstructure|large_trade_shock|ZScore|agg_max_trade_notional|agg_price_range_bps,34.250045863532
a7ffcore30_0030,F1a_aggtrades_flow_microstructure,0.0257506769759298,0.0708757191896438,0.4875933119481236,3,9030,a7ffcore29e_0110,core12_aggtrades_all_features,flow_x_dislocation,TSRank,agg_max_trade_notional,agg_price_range_bps,4,"TSRank(agg_max_trade_notional,4)*ZScore(Delta(agg_price_range_bps,4))",F1a_aggtrades_flow_microstructure|flow_x_dislocation|TSRank|agg_max_trade_notional|agg_price_range_bps,35.13710113785236
a7ffcore30_0018,F1a_aggtrades_flow_microstructure,0.0241652323667673,0.040175162255764,0.3640594686095285,3,8886,a7ffcore29e_0130,core12_aggtrades_all_features,flow_reversal,ZScore,agg_max_trade_notional,premium_index_bps,4,"ZScore(agg_max_trade_notional,4)*ZScore(Delta(premium_index_bps,4))",F1a_aggtrades_flow_microstructure|flow_reversal|ZScore|agg_max_trade_notional|premium_index_bps,35.59622589362909
a7ffcore30_0015,F1a_aggtrades_flow_microstructure,0.0227032557073595,0.0726185590028762,0.3682776771156734,3,9006,a7ffcore29e_0073,core12_aggtrades_all_features,flow_reversal,WinsorZ,agg_volume_imbalance,mark_index_basis_bps,72,"Clip(ZScore(Delta(agg_volume_imbalance,72)),-3,3)*Sign(Delta(mark_index_basis_bps,72))",F1a_aggtrades_flow_microstructure|flow_reversal|WinsorZ|agg_volume_imbalance|mark_index_basis_bps,35.42893718515758
a7ffcore30_0055,F1a_aggtrades_flow_microstructure,0.0215326948190114,0.0670979022979736,0.8544347427783471,3,9030,a7ffcore29e_0122,core12_aggtrades_all_features,flow_x_low_turnover,WinsorZ,agg_max_trade_notional,mark_index_basis_bps,24,"Clip(ZScore(Delta(agg_max_trade_notional,24)),-3,3)*Sign(Delta(mark_index_basis_bps,24))",F1a_aggtrades_flow_microstructure|flow_x_low_turnover|WinsorZ|agg_max_trade_notional|mark_index_basis_bps,32.88109576800941
a7ffcore30_0044,F1a_aggtrades_flow_microstructure,0.021145428532373,0.1612699329853058,0.5219140898471268,3,8886,a7ffcore29e_0115,core12_aggtrades_all_features,flow_x_low_turnover,SpreadShortLong,agg_large_notional_ratio_100k_plus,premium_index_bps,4,"Sub(ZScore(Mean(agg_large_notional_ratio_100k_plus,4)),ZScore(Mean(premium_index_bps,16)))",F1a_aggtrades_flow_microstructure|flow_x_low_turnover|SpreadShortLong|agg_large_notional_ratio_100k_plus|premium_index_bps,34.50497240400167
a7ffcore30_0053,F1a_aggtrades_flow_microstructure,0.0209154490568456,0.0502339676022529,0.9677009063754828,3,9030,a7ffcore29e_0120,core12_aggtrades_all_features,flow_x_low_turnover,WinsorZ,agg_signed_aggressor_notional,mark_index_basis_bps,4,"Clip(ZScore(Delta(agg_signed_aggressor_notional,4)),-3,3)*Sign(Delta(mark_index_basis_bps,4))",F1a_aggtrades_flow_microstructure|flow_x_low_turnover|WinsorZ|agg_signed_aggressor_notional|mark_index_basis_bps,32.253040373807146
a7ffcore30_0038,F1a_aggtrades_flow_microstructure,0.0206317167104866,0.0351566970348358,0.4609045211379096,3,9030,a7ffcore29e_0106,core12_aggtrades_all_features,flow_x_dislocation,ZScore,agg_max_trade_notional,mark_index_basis_bps,8,"ZScore(agg_max_trade_notional,8)*ZScore(Delta(mark_index_basis_bps,8))",F1a_aggtrades_flow_microstructure|flow_x_dislocation|ZScore|agg_max_trade_notional|mark_index_basis_bps,34.75864906535911
a7ffcore30_0045,F1a_aggtrades_flow_microstructure,0.0203298787769313,0.1136251166462898,0.1838082881328575,3,9018,a7ffcore29e_0116,core12_aggtrades_all_features,flow_x_low_turnover,SpreadShortLong,agg_signed_aggressor_notional,funding_rate,8,"Sub(ZScore(Mean(agg_signed_aggressor_notional,8)),ZScore(Mean(funding_rate,32)))",F1a_aggtrades_flow_microstructure|flow_x_low_turnover|SpreadShortLong|agg_signed_aggressor_notional|funding_rate,36.113946437028844
a7ffcore30_0060,F1a_aggtrades_flow_microstructure,0.0197678923383959,0.0996836721897125,0.559052784384766,3,9030,a7ffcore29e_0025,core12_aggtrades_all_features,large_trade_shock,Delta,agg_volume_imbalance,mark_index_basis_bps,4,"Delta(agg_volume_imbalance,4)*ZScore(Delta(mark_index_basis_bps,4))",F1a_aggtrades_flow_microstructure|large_trade_shock|Delta|agg_volume_imbalance|mark_index_basis_bps,34.18152531191576
a7ffcore30_0039,F1a_aggtrades_flow_microstructure,0.0191829437152391,0.0533599443733692,0.2886945339403713,3,9030,a7ffcore29e_0107,core12_aggtrades_all_features,flow_x_dislocation,ZScore,agg_large_notional_ratio_100k_plus,mark_index_basis_bps,24,"ZScore(agg_large_notional_ratio_100k_plus,24)*ZScore(Delta(mark_index_basis_bps,24))",F1a_aggtrades_flow_microstructure|flow_x_dislocation|ZScore|agg_large_notional_ratio_100k_plus|mark_index_basis_bps,35.47482170182205
a7ffcore30_0050,F1a_aggtrades_flow_microstructure,0.018649071134371,0.0943782553076744,0.1032121277720217,3,9030,a7ffcore29e_0062,core12_aggtrades_all_features,flow_x_low_turnover,TSRank,agg_max_trade_notional,agg_price_range_bps,24,"TSRank(agg_max_trade_notional,24)*ZScore(Delta(agg_price_range_bps,24))",F1a_aggtrades_flow_microstructure|flow_x_low_turnover|TSRank|agg_max_trade_notional|agg_price_range_bps,36.34884647457699
a7ffcore30_0020,F1a_aggtrades_flow_microstructure,0.0184302045453471,0.1141545474529266,0.4800677441894904,3,7428,a7ffcore29e_0100,core12_aggtrades_all_features,flow_x_dislocation,Delta,agg_signed_aggressor_notional,funding_rate,4,"Delta(agg_signed_aggressor_notional,4)*ZScore(Delta(funding_rate,4))",F1a_aggtrades_flow_microstructure|flow_x_dislocation|Delta|agg_signed_aggressor_notional|funding_rate,34.44268173358726
a7ffcore30_0079,F1a_aggtrades_flow_microstructure,0.0178424275477248,0.0499222651124,0.7735922135271446,3,9030,a7ffcore29e_0155,core12_aggtrades_all_features,large_trade_shock,ZScore,agg_large_notional_ratio_100k_plus,mark_index_basis_bps,4,"ZScore(agg_large_notional_ratio_100k_plus,4)*ZScore(Delta(mark_index_basis_bps,4))",F1a_aggtrades_flow_microstructure|large_trade_shock|ZScore|agg_large_notional_ratio_100k_plus|mark_index_basis_bps,32.91628168713675
a7ffcore30_0006,F1a_aggtrades_flow_microstructure,0.0172890235142785,0.0721474587917327,0.650769894737521,3,8874,a7ffcore29e_0066,core12_aggtrades_all_features,flow_reversal,SpreadShortLong,agg_max_trade_notional,premium_index_bps,8,"Sub(ZScore(Mean(agg_max_trade_notional,8)),ZScore(Mean(premium_index_bps,32)))",F1a_aggtrades_flow_microstructure|flow_reversal|SpreadShortLong|agg_max_trade_notional|premium_index_bps,33.47505287774025
a7ffcore30_0059,F1a_aggtrades_flow_microstructure,0.0171527395140664,0.0390154793858528,0.8063154516863916,3,9006,a7ffcore29e_0058,core12_aggtrades_all_features,flow_x_low_turnover,ZScore,agg_max_trade_notional,mark_index_basis_bps,72,"ZScore(agg_max_trade_notional,72)*ZScore(Delta(mark_index_basis_bps,72))",F1a_aggtrades_flow_microstructure|flow_x_low_turnover|ZScore|agg_max_trade_notional|mark_index_basis_bps,32.683696692974685
a7ffcore30_0202,F2a_basis_funding_independent,0.0164739008648513,0.0861221328377723,0.0830566199372403,3,36843,a7ffcore29e_0470,top498_replay_v2,basis_x_flow,Delta,funding_rate,trade_quote_volume,4,"Delta(funding_rate,4)*ZScore(Delta(trade_quote_volume,4))",F2a_basis_funding_independent|basis_x_flow|Delta|funding_rate|trade_quote_volume,36.23210698679893
a7ffcore30_0074,F1a_aggtrades_flow_microstructure,0.0163757851679136,0.0918746963143348,0.2959843308961164,3,9030,a7ffcore29e_0095,core12_aggtrades_all_features,large_trade_shock,WinsorZ,agg_large_notional_ratio_100k_plus,agg_price_range_bps,4,"Clip(ZScore(Delta(agg_large_notional_ratio_100k_plus,4)),-3,3)*Sign(Delta(agg_price_range_bps,4))",F1a_aggtrades_flow_microstructure|large_trade_shock|WinsorZ|agg_large_notional_ratio_100k_plus|agg_price_range_bps,35.15765686231078
a7ffcore30_0021,F1a_aggtrades_flow_microstructure,0.0154940322170279,0.0796582475304603,0.2565183346162443,3,8967,a7ffcore29e_0101,core12_aggtrades_all_features,flow_x_dislocation,Delta,agg_volume_imbalance,funding_rate,8,"Delta(agg_volume_imbalance,8)*ZScore(Delta(funding_rate,8))",F1a_aggtrades_flow_microstructure|flow_x_dislocation|Delta|agg_volume_imbalance|funding_rate,35.26681154862157
a7ffcore30_0108,F1b_taker_flow_market_panel,0.0152904818442718,0.1296440213918686,0.9011200785512784,3,36812,a7ffcore29e_0170,top498_replay_v2,taker_flow_x_basis,TSRank,trade_quote_volume,funding_rate,4,"TSRank(trade_quote_volume,4)*ZScore(Delta(funding_rate,4))",F1b_taker_flow_market_panel|taker_flow_x_basis|TSRank|trade_quote_volume|funding_rate,32.02344779167079
a7ffcore30_0119,F1b_taker_flow_market_panel,0.0119225667950964,0.0430851727724075,0.1390488753724641,3,252652,a7ffcore29e_0291,top498_replay_v2,taker_flow_x_basis,ZScore,trade_volume,mark_index_basis_bps,8,"ZScore(trade_volume,8)*ZScore(Delta(mark_index_basis_bps,8))",F1b_taker_flow_market_panel|taker_flow_x_basis|ZScore|trade_volume|mark_index_basis_bps,35.49701230264732
a7ffcore30_0073,F1a_aggtrades_flow_microstructure,0.0109954231518371,0.0200609639286994,0.9580254555524612,3,9030,a7ffcore29e_0021,core12_aggtrades_all_features,large_trade_shock,WinsorZ,agg_volume_imbalance,funding_rate,8,"Clip(ZScore(Delta(agg_volume_imbalance,8)),-3,3)*Sign(Delta(funding_rate,8))",F1a_aggtrades_flow_microstructure|large_trade_shock|WinsorZ|agg_volume_imbalance|funding_rate,31.309415037421406
a7ffcore30_0063,F1a_aggtrades_flow_microstructure,0.0105131999669146,0.0111773507669568,0.6436881914026699,3,8967,a7ffcore29e_0151,core12_aggtrades_all_features,large_trade_shock,Delta,agg_large_notional_ratio_100k_plus,funding_rate,8,"Delta(agg_large_notional_ratio_100k_plus,8)*ZScore(Delta(funding_rate,8))",F1a_aggtrades_flow_microstructure|large_trade_shock|Delta|agg_large_notional_ratio_100k_plus|funding_rate,32.83287903967811
a7ffcore30_0141,F1b_taker_flow_market_panel,0.010252089095321,0.1308278441429138,0.2982298723839521,3,49010,a7ffcore29e_0186,top498_replay_v2,taker_flow_x_vol,Delta,trade_quote_volume,funding_rate,8,"Delta(trade_quote_volume,8)*ZScore(Delta(funding_rate,8))",F1b_taker_flow_market_panel|taker_flow_x_vol|Delta|trade_quote_volume|funding_rate,34.534059547612344
a7ffcore30_0105,F1b_taker_flow_market_panel,0.0096545469408297,0.0294878706336021,0.6195709815546666,3,252550,a7ffcore29e_0225,top498_replay_v2,taker_flow_x_basis,SpreadShortLong,taker_buy_quote_volume,mark_index_basis_bps,4,"Sub(ZScore(Mean(taker_buy_quote_volume,4)),ZScore(Mean(mark_index_basis_bps,16)))",F1b_taker_flow_market_panel|taker_flow_x_basis|SpreadShortLong|taker_buy_quote_volume|mark_index_basis_bps,32.86759978630964
a7ffcore30_0162,F2a_basis_funding_independent,0.0091633334934924,0.0496587418019771,0.5980513478151152,3,252957,a7ffcore29e_0445,top498_replay_v2,H8_H24_dislocation,Delta,premium_close_bps,trade_volume,4,"Delta(premium_close_bps,4)*ZScore(Delta(trade_volume,4))",F2a_basis_funding_independent|H8_H24_dislocation|Delta|premium_close_bps|trade_volume,32.92607661027367
a7ffcore30_0084,F1b_taker_flow_market_panel,0.0088697185767069,0.013718232512474,0.4823302981426945,3,252550,a7ffcore29e_0275,top498_replay_v2,low_turnover_flow_state,SpreadShortLong,trade_volume,mark_index_basis_bps,4,"Sub(ZScore(Mean(trade_volume,4)),ZScore(Mean(mark_index_basis_bps,16)))",F1b_taker_flow_market_panel|low_turnover_flow_state|SpreadShortLong|trade_volume|mark_index_basis_bps,33.47532036695722
a7ffcore30_0029,F1a_aggtrades_flow_microstructure,0.0082398892571461,0.0180074069648981,0.2884510883810172,3,8967,a7ffcore29e_0036,core12_aggtrades_all_features,flow_x_dislocation,TSRank,agg_signed_aggressor_notional,funding_rate,8,"TSRank(agg_signed_aggressor_notional,8)*ZScore(Delta(funding_rate,8))",F1a_aggtrades_flow_microstructure|flow_x_dislocation|TSRank|agg_signed_aggressor_notional|funding_rate,34.381733483809526
a7ffcore30_0122,F1b_taker_flow_market_panel,0.0082396504720731,0.080993428826332,0.5257119976715006,3,252717,a7ffcore29e_0262,top498_replay_v2,taker_flow_x_liquidity,Delta,trade_quote_volume,premium_close_bps,24,"Delta(trade_quote_volume,24)*ZScore(Delta(premium_close_bps,24))",F1b_taker_flow_market_panel|taker_flow_x_liquidity|Delta|trade_quote_volume|premium_close_bps,33.19540505884981
a7ffcore30_0034,F1a_aggtrades_flow_microstructure,0.0081383561327414,0.0495926141738891,0.1439674542657635,3,9030,a7ffcore29e_0047,core12_aggtrades_all_features,flow_x_dislocation,WinsorZ,agg_large_notional_ratio_100k_plus,agg_price_range_bps,24,"Clip(ZScore(Delta(agg_large_notional_ratio_100k_plus,24)),-3,3)*Sign(Delta(agg_price_range_bps,24))",F1a_aggtrades_flow_microstructure|flow_x_dislocation|WinsorZ|agg_large_notional_ratio_100k_plus|agg_price_range_bps,35.09399834194532
a7ffcore30_0096,F1b_taker_flow_market_panel,0.0076469453085189,0.0601706281304359,0.6075799148469881,3,252957,a7ffcore29e_0215,top498_replay_v2,low_turnover_flow_state,ZScore,trade_volume,premium_close_bps,4,"ZScore(trade_volume,4)*ZScore(Delta(premium_close_bps,4))",F1b_taker_flow_market_panel|low_turnover_flow_state|ZScore|trade_volume|premium_close_bps,32.72679495661695
a7ffcore30_0151,F1b_taker_flow_market_panel,0.0074561625402449,0.1648570746183395,0.3916977343094849,3,48564,a7ffcore29e_0248,top498_replay_v2,taker_flow_x_vol,TSRank,kline_taker_buy_quote_share,funding_rate,72,"TSRank(kline_taker_buy_quote_share,72)*ZScore(Delta(funding_rate,72))",F1b_taker_flow_market_panel|taker_flow_x_vol|TSRank|kline_taker_buy_quote_share|funding_rate,33.78712758247707
a7ffcore30_0117,F1b_taker_flow_market_panel,0.0066815083777993,0.0080302879214286,0.8770415855922717,3,252918,a7ffcore29e_0166,top498_replay_v2,taker_flow_x_basis,ZScore,trade_quote_volume,premium_close_bps,8,"ZScore(trade_quote_volume,8)*ZScore(Delta(premium_close_bps,8))",F1b_taker_flow_market_panel|taker_flow_x_basis|ZScore|trade_quote_volume|premium_close_bps,31.282942909818573
a7ffcore30_0037,F1a_aggtrades_flow_microstructure,0.0065463174977317,0.0309249125421047,0.2862920792907669,3,9030,a7ffcore29e_0105,core12_aggtrades_all_features,flow_x_dislocation,ZScore,agg_volume_imbalance,mark_index_basis_bps,4,"ZScore(agg_volume_imbalance,4)*ZScore(Delta(mark_index_basis_bps,4))",F1a_aggtrades_flow_microstructure|flow_x_dislocation|ZScore|agg_volume_imbalance|mark_index_basis_bps,34.22317135331934
a7ffcore30_0220,F2a_basis_funding_independent,0.0058591250820633,0.0585348159074783,0.8770780125248199,3,252693,a7ffcore29e_0420,top498_replay_v2,funding_persistence_low_turnover,Delta,mark_index_basis_bps,trade_quote_volume,4,"Delta(mark_index_basis_bps,4)*ZScore(Delta(trade_quote_volume,4))",F2a_basis_funding_independent|funding_persistence_low_turnover|Delta|mark_index_basis_bps|trade_quote_volume,31.20052244558223
a7ffcore30_0164,F2a_basis_funding_independent,0.0054338410128229,0.058904081583023,0.4260501746208579,3,252733,a7ffcore29e_0435,top498_replay_v2,H8_H24_dislocation,SpreadShortLong,premium_close,kline_taker_buy_quote_share,4,"Sub(ZScore(Mean(premium_close,4)),ZScore(Mean(kline_taker_buy_quote_share,16)))",F2a_basis_funding_independent|H8_H24_dislocation|SpreadShortLong|premium_close|kline_taker_buy_quote_share,33.413133228178
a7ffcore30_0185,F2a_basis_funding_independent,0.0054338410128229,0.058904081583023,0.4260501746208579,3,252733,a7ffcore29e_0385,top498_replay_v2,basis_delta_x_funding,SpreadShortLong,premium_close_bps,kline_taker_buy_quote_share,4,"Sub(ZScore(Mean(premium_close_bps,4)),ZScore(Mean(kline_taker_buy_quote_share,16)))",F2a_basis_funding_independent|basis_delta_x_funding|SpreadShortLong|premium_close_bps|kline_taker_buy_quote_share,33.413133228178
a7ffcore30_0209,F2a_basis_funding_independent,0.0053807177247862,0.0526804104447364,0.1664155534001827,3,49080,a7ffcore29e_0406,top498_replay_v2,basis_x_flow,TSRank,funding_rate,trade_quote_volume,8,"TSRank(funding_rate,8)*ZScore(Delta(trade_quote_volume,8))",F2a_basis_funding_independent|basis_x_flow|TSRank|funding_rate|trade_quote_volume,34.705994005477706
a7ffcore30_0170,F2a_basis_funding_independent,0.0052224989009336,0.1115690320730209,0.7925590078734241,3,49034,a7ffcore29e_0382,top498_replay_v2,H8_H24_dislocation,TSRank,funding_rate,trade_volume,24,"TSRank(funding_rate,24)*ZScore(Delta(trade_volume,24))",F2a_basis_funding_independent|H8_H24_dislocation|TSRank|funding_rate|trade_volume,31.55945485072624
a7ffcore30_0078,F1a_aggtrades_flow_microstructure,0.0051228329933268,0.0524097755551338,0.2942347564095619,3,8886,a7ffcore29e_0080,core12_aggtrades_all_features,large_trade_shock,ZScore,agg_signed_aggressor_notional,premium_index_bps,4,"ZScore(agg_signed_aggressor_notional,4)*ZScore(Delta(premium_index_bps,4))",F1a_aggtrades_flow_microstructure|large_trade_shock|ZScore|agg_signed_aggressor_notional|premium_index_bps,34.041109517284866
