level,primary_field,secondary_field,primary_semantic,secondary_semantic,primary_route,secondary_route,primary_transform,secondary_transform,motif,expression,semantic_pair,generation_priority,candidate_role,modifier_guard_required,skeleton_key,production_key,blueprint_id,company_shard
L3_state_conditioned_feature,funding_rate,index_close,funding_like,basis_premium_like,modifier_only_seed,modifier_only_seed,mean_2h,delta_12h,mean_reversion_gate,"Mul(Neg(ZScore(Mean(funding_rate,2))),Sign(Delta(index_close,12)))",basis_premium_like|funding_like,P1,role_mixed_allowed,True,skel_2674b9b28339672e,prod_747c4befa806b727,a7ff24r_593f22ed45b0764c,shard_09
L3_state_conditioned_feature,funding_rate,index_close,funding_like,basis_premium_like,modifier_only_seed,modifier_only_seed,mean_4h,mean_8h,mean_reversion_gate,"Mul(Neg(ZScore(Mean(funding_rate,4))),Sign(Mean(index_close,8)))",basis_premium_like|funding_like,P1,role_mixed_allowed,True,skel_2674b9b28339672e,prod_875dd31ce0af45df,a7ff24r_596a7faf986998cc,shard_09
L3_state_conditioned_feature,funding_rate,index_close,funding_like,basis_premium_like,modifier_only_seed,modifier_only_seed,delta_2h,delta_4h,mean_reversion_gate,"Mul(Neg(ZScore(Delta(funding_rate,2))),Sign(Delta(index_close,4)))",basis_premium_like|funding_like,P1,role_mixed_allowed,True,skel_2674b9b28339672e,prod_bdc71da420b3af5e,a7ff24r_5acd00f6ce096992,shard_09
L3_state_conditioned_feature,funding_rate,index_close,funding_like,basis_premium_like,modifier_only_seed,modifier_only_seed,delta_1h,delta_12h,mean_reversion_gate,"Mul(Neg(ZScore(Delta(funding_rate,1))),Sign(Delta(index_close,12)))",basis_premium_like|funding_like,P1,role_mixed_allowed,True,skel_2674b9b28339672e,prod_9896cd36dc3b90af,a7ff24r_5cf8f9b74c8f2e5e,shard_09
L3_state_conditioned_feature,funding_rate,index_close,funding_like,basis_premium_like,modifier_only_seed,modifier_only_seed,mean_1h,mean_12h,mean_reversion_gate,"Mul(Neg(ZScore(Mean(funding_rate,1))),Sign(Mean(index_close,12)))",basis_premium_like|funding_like,P1,role_mixed_allowed,True,skel_2674b9b28339672e,prod_66ecda8b163f267f,a7ff24r_5eeb24c7357295a4,shard_09
L3_state_conditioned_feature,funding_rate,index_close,funding_like,basis_premium_like,modifier_only_seed,modifier_only_seed,delta_2h,mean_2h,mean_reversion_gate,"Mul(Neg(ZScore(Delta(funding_rate,2))),Sign(Mean(index_close,2)))",basis_premium_like|funding_like,P1,role_mixed_allowed,True,skel_2674b9b28339672e,prod_609b58d829a52bd3,a7ff24r_63c8ed7b6fe0e7dc,shard_09
L3_state_conditioned_feature,funding_rate,index_close,funding_like,basis_premium_like,modifier_only_seed,modifier_only_seed,delta_1h,delta_4h,mean_reversion_gate,"Mul(Neg(ZScore(Delta(funding_rate,1))),Sign(Delta(index_close,4)))",basis_premium_like|funding_like,P1,role_mixed_allowed,True,skel_2674b9b28339672e,prod_41b78ad88558f7fd,a7ff24r_641699a1afd441db,shard_09
L3_state_conditioned_feature,funding_rate,index_close,funding_like,basis_premium_like,modifier_only_seed,modifier_only_seed,mean_4h,delta_1h,mean_reversion_gate,"Mul(Neg(ZScore(Mean(funding_rate,4))),Sign(Delta(index_close,1)))",basis_premium_like|funding_like,P1,role_mixed_allowed,True,skel_2674b9b28339672e,prod_bfa07b6a1cb6f034,a7ff24r_695076f43ca28245,shard_09
L3_state_conditioned_feature,funding_rate,index_close,funding_like,basis_premium_like,modifier_only_seed,modifier_only_seed,mean_2h,mean_12h,mean_reversion_gate,"Mul(Neg(ZScore(Mean(funding_rate,2))),Sign(Mean(index_close,12)))",basis_premium_like|funding_like,P1,role_mixed_allowed,True,skel_2674b9b28339672e,prod_cc1226e8229c07cf,a7ff24r_6f4f3f27004c95a4,shard_09
L3_state_conditioned_feature,funding_rate,index_close,funding_like,basis_premium_like,modifier_only_seed,modifier_only_seed,delta_2h,delta_8h,mean_reversion_gate,"Mul(Neg(ZScore(Delta(funding_rate,2))),Sign(Delta(index_close,8)))",basis_premium_like|funding_like,P1,role_mixed_allowed,True,skel_2674b9b28339672e,prod_a37d4e84d5539b0b,a7ff24r_6f8eb49555463801,shard_09
L3_state_conditioned_feature,funding_rate,index_close,funding_like,basis_premium_like,modifier_only_seed,modifier_only_seed,mean_2h,mean_2h,mean_reversion_gate,"Mul(Neg(ZScore(Mean(funding_rate,2))),Sign(Mean(index_close,2)))",basis_premium_like|funding_like,P1,role_mixed_allowed,True,skel_2674b9b28339672e,prod_b882ac0b8bb0703f,a7ff24r_78f368a2819136ed,shard_09
L3_state_conditioned_feature,funding_rate,index_close,funding_like,basis_premium_like,modifier_only_seed,modifier_only_seed,delta_4h,delta_2h,mean_reversion_gate,"Mul(Neg(ZScore(Delta(funding_rate,4))),Sign(Delta(index_close,2)))",basis_premium_like|funding_like,P1,role_mixed_allowed,True,skel_2674b9b28339672e,prod_68e832b5ffff3f94,a7ff24r_7ceafd668a01f795,shard_09
L3_state_conditioned_feature,funding_rate,index_close,funding_like,basis_premium_like,modifier_only_seed,modifier_only_seed,delta_4h,mean_2h,mean_reversion_gate,"Mul(Neg(ZScore(Delta(funding_rate,4))),Sign(Mean(index_close,2)))",basis_premium_like|funding_like,P1,role_mixed_allowed,True,skel_2674b9b28339672e,prod_37249ef5539751d8,a7ff24r_816a16be12fdcdbc,shard_09
L3_state_conditioned_feature,funding_rate,index_close,funding_like,basis_premium_like,modifier_only_seed,modifier_only_seed,delta_1h,mean_2h,mean_reversion_gate,"Mul(Neg(ZScore(Delta(funding_rate,1))),Sign(Mean(index_close,2)))",basis_premium_like|funding_like,P1,role_mixed_allowed,True,skel_2674b9b28339672e,prod_d808057a1308e86f,a7ff24r_84948f636e05a70d,shard_09
L3_state_conditioned_feature,funding_rate,index_close,funding_like,basis_premium_like,modifier_only_seed,modifier_only_seed,mean_4h,mean_2h,mean_reversion_gate,"Mul(Neg(ZScore(Mean(funding_rate,4))),Sign(Mean(index_close,2)))",basis_premium_like|funding_like,P1,role_mixed_allowed,True,skel_2674b9b28339672e,prod_116a5c30f1e99af0,a7ff24r_8501cca9a8c5c1a5,shard_09
L3_state_conditioned_feature,funding_rate,index_close,funding_like,basis_premium_like,modifier_only_seed,modifier_only_seed,mean_1h,delta_12h,mean_reversion_gate,"Mul(Neg(ZScore(Mean(funding_rate,1))),Sign(Delta(index_close,12)))",basis_premium_like|funding_like,P1,role_mixed_allowed,True,skel_2674b9b28339672e,prod_9c2154551a6e6550,a7ff24r_854146c66412a136,shard_09
L3_state_conditioned_feature,funding_rate,index_close,funding_like,basis_premium_like,modifier_only_seed,modifier_only_seed,mean_2h,mean_8h,mean_reversion_gate,"Mul(Neg(ZScore(Mean(funding_rate,2))),Sign(Mean(index_close,8)))",basis_premium_like|funding_like,P1,role_mixed_allowed,True,skel_2674b9b28339672e,prod_c9c17cf4a8a9bd02,a7ff24r_85eb02f1931b9a25,shard_09
L3_state_conditioned_feature,funding_rate,index_close,funding_like,basis_premium_like,modifier_only_seed,modifier_only_seed,delta_4h,delta_4h,mean_reversion_gate,"Mul(Neg(ZScore(Delta(funding_rate,4))),Sign(Delta(index_close,4)))",basis_premium_like|funding_like,P1,role_mixed_allowed,True,skel_2674b9b28339672e,prod_73b7b4dd49d2e29e,a7ff24r_88092ede2cdbefc5,shard_09
L3_state_conditioned_feature,funding_rate,index_close,funding_like,basis_premium_like,modifier_only_seed,modifier_only_seed,mean_1h,delta_2h,mean_reversion_gate,"Mul(Neg(ZScore(Mean(funding_rate,1))),Sign(Delta(index_close,2)))",basis_premium_like|funding_like,P1,role_mixed_allowed,True,skel_2674b9b28339672e,prod_41dce08561b9f04f,a7ff24r_89f49f12c5c5cbde,shard_09
L3_state_conditioned_feature,funding_rate,index_close,funding_like,basis_premium_like,modifier_only_seed,modifier_only_seed,delta_2h,mean_8h,mean_reversion_gate,"Mul(Neg(ZScore(Delta(funding_rate,2))),Sign(Mean(index_close,8)))",basis_premium_like|funding_like,P1,role_mixed_allowed,True,skel_2674b9b28339672e,prod_9aafc8a3d6f140c5,a7ff24r_8b050865d5946ca4,shard_09
L3_state_conditioned_feature,funding_rate,index_close,funding_like,basis_premium_like,modifier_only_seed,modifier_only_seed,delta_1h,mean_12h,mean_reversion_gate,"Mul(Neg(ZScore(Delta(funding_rate,1))),Sign(Mean(index_close,12)))",basis_premium_like|funding_like,P1,role_mixed_allowed,True,skel_2674b9b28339672e,prod_58f52a31d8a9a309,a7ff24r_9907178ca50728f5,shard_09
L3_state_conditioned_feature,funding_rate,index_close,funding_like,basis_premium_like,modifier_only_seed,modifier_only_seed,mean_4h,delta_8h,mean_reversion_gate,"Mul(Neg(ZScore(Mean(funding_rate,4))),Sign(Delta(index_close,8)))",basis_premium_like|funding_like,P1,role_mixed_allowed,True,skel_2674b9b28339672e,prod_dea54f06b25a02be,a7ff24r_9bbb73baa95ea61f,shard_09
L3_state_conditioned_feature,funding_rate,index_close,funding_like,basis_premium_like,modifier_only_seed,modifier_only_seed,delta_2h,mean_1h,mean_reversion_gate,"Mul(Neg(ZScore(Delta(funding_rate,2))),Sign(Mean(index_close,1)))",basis_premium_like|funding_like,P1,role_mixed_allowed,True,skel_2674b9b28339672e,prod_4501d97d91effee0,a7ff24r_9e65021c1ba2026a,shard_09
L3_state_conditioned_feature,funding_rate,index_close,funding_like,basis_premium_like,modifier_only_seed,modifier_only_seed,delta_2h,mean_4h,mean_reversion_gate,"Mul(Neg(ZScore(Delta(funding_rate,2))),Sign(Mean(index_close,4)))",basis_premium_like|funding_like,P1,role_mixed_allowed,True,skel_2674b9b28339672e,prod_f29a8fec79761914,a7ff24r_a14e6fb429e6a4c2,shard_09
L3_state_conditioned_feature,funding_rate,index_close,funding_like,basis_premium_like,modifier_only_seed,modifier_only_seed,delta_1h,mean_8h,mean_reversion_gate,"Mul(Neg(ZScore(Delta(funding_rate,1))),Sign(Mean(index_close,8)))",basis_premium_like|funding_like,P1,role_mixed_allowed,True,skel_2674b9b28339672e,prod_e8e43c72659eb2fc,a7ff24r_a24f7bda9c56b862,shard_09
L3_state_conditioned_feature,funding_rate,index_close,funding_like,basis_premium_like,modifier_only_seed,modifier_only_seed,mean_1h,mean_2h,mean_reversion_gate,"Mul(Neg(ZScore(Mean(funding_rate,1))),Sign(Mean(index_close,2)))",basis_premium_like|funding_like,P1,role_mixed_allowed,True,skel_2674b9b28339672e,prod_4ac8c3b82971ca08,a7ff24r_a4561f58d89a60ba,shard_09
L3_state_conditioned_feature,funding_rate,index_close,funding_like,basis_premium_like,modifier_only_seed,modifier_only_seed,delta_1h,delta_8h,mean_reversion_gate,"Mul(Neg(ZScore(Delta(funding_rate,1))),Sign(Delta(index_close,8)))",basis_premium_like|funding_like,P1,role_mixed_allowed,True,skel_2674b9b28339672e,prod_f4431809181ab07f,a7ff24r_a91a55872870a489,shard_09
L3_state_conditioned_feature,funding_rate,index_close,funding_like,basis_premium_like,modifier_only_seed,modifier_only_seed,mean_4h,delta_12h,mean_reversion_gate,"Mul(Neg(ZScore(Mean(funding_rate,4))),Sign(Delta(index_close,12)))",basis_premium_like|funding_like,P1,role_mixed_allowed,True,skel_2674b9b28339672e,prod_871deeeec30eb30a,a7ff24r_ace3b40980114093,shard_09
L3_state_conditioned_feature,funding_rate,index_close,funding_like,basis_premium_like,modifier_only_seed,modifier_only_seed,mean_1h,delta_4h,mean_reversion_gate,"Mul(Neg(ZScore(Mean(funding_rate,1))),Sign(Delta(index_close,4)))",basis_premium_like|funding_like,P1,role_mixed_allowed,True,skel_2674b9b28339672e,prod_dda93f51f4c9b1c9,a7ff24r_b8158a6d599bc6ca,shard_09
L3_state_conditioned_feature,funding_rate,index_close,funding_like,basis_premium_like,modifier_only_seed,modifier_only_seed,delta_1h,delta_2h,mean_reversion_gate,"Mul(Neg(ZScore(Delta(funding_rate,1))),Sign(Delta(index_close,2)))",basis_premium_like|funding_like,P1,role_mixed_allowed,True,skel_2674b9b28339672e,prod_9eaae8f82f7b0f52,a7ff24r_ba845ba93cc6141f,shard_09
L3_state_conditioned_feature,funding_rate,index_close,funding_like,basis_premium_like,modifier_only_seed,modifier_only_seed,delta_8h,mean_12h,mean_reversion_gate,"Mul(Neg(ZScore(Delta(funding_rate,8))),Sign(Mean(index_close,12)))",basis_premium_like|funding_like,P1,role_mixed_allowed,True,skel_2674b9b28339672e,prod_0b25509e5b661fb2,a7ff24r_bbb3cff6add8813a,shard_09
L3_state_conditioned_feature,funding_rate,index_close,funding_like,basis_premium_like,modifier_only_seed,modifier_only_seed,delta_8h,mean_8h,mean_reversion_gate,"Mul(Neg(ZScore(Delta(funding_rate,8))),Sign(Mean(index_close,8)))",basis_premium_like|funding_like,P1,role_mixed_allowed,True,skel_2674b9b28339672e,prod_d1ceda39b1bd0b59,a7ff24r_c164ec93422850e8,shard_09
L3_state_conditioned_feature,funding_rate,index_close,funding_like,basis_premium_like,modifier_only_seed,modifier_only_seed,delta_2h,delta_1h,mean_reversion_gate,"Mul(Neg(ZScore(Delta(funding_rate,2))),Sign(Delta(index_close,1)))",basis_premium_like|funding_like,P1,role_mixed_allowed,True,skel_2674b9b28339672e,prod_2aebc59408f02136,a7ff24r_c513d68eacbd125f,shard_09
L3_state_conditioned_feature,funding_rate,index_close,funding_like,basis_premium_like,modifier_only_seed,modifier_only_seed,delta_4h,delta_1h,mean_reversion_gate,"Mul(Neg(ZScore(Delta(funding_rate,4))),Sign(Delta(index_close,1)))",basis_premium_like|funding_like,P1,role_mixed_allowed,True,skel_2674b9b28339672e,prod_a820d659f57b9d71,a7ff24r_c8d03781bfdfd0a5,shard_09
L3_state_conditioned_feature,funding_rate,index_close,funding_like,basis_premium_like,modifier_only_seed,modifier_only_seed,mean_4h,mean_12h,mean_reversion_gate,"Mul(Neg(ZScore(Mean(funding_rate,4))),Sign(Mean(index_close,12)))",basis_premium_like|funding_like,P1,role_mixed_allowed,True,skel_2674b9b28339672e,prod_ea3a0721822d88a1,a7ff24r_d1a4b334cfea6270,shard_09
L3_state_conditioned_feature,funding_rate,index_close,funding_like,basis_premium_like,modifier_only_seed,modifier_only_seed,delta_8h,delta_12h,mean_reversion_gate,"Mul(Neg(ZScore(Delta(funding_rate,8))),Sign(Delta(index_close,12)))",basis_premium_like|funding_like,P1,role_mixed_allowed,True,skel_2674b9b28339672e,prod_f650ca0ca45f410b,a7ff24r_d2c0991703b7a6e4,shard_09
L3_state_conditioned_feature,funding_rate,index_close,funding_like,basis_premium_like,modifier_only_seed,modifier_only_seed,mean_2h,mean_1h,mean_reversion_gate,"Mul(Neg(ZScore(Mean(funding_rate,2))),Sign(Mean(index_close,1)))",basis_premium_like|funding_like,P1,role_mixed_allowed,True,skel_2674b9b28339672e,prod_34c74a7c9d668ca7,a7ff24r_d63e8569d297af01,shard_09
L3_state_conditioned_feature,funding_rate,index_close,funding_like,basis_premium_like,modifier_only_seed,modifier_only_seed,delta_4h,delta_12h,mean_reversion_gate,"Mul(Neg(ZScore(Delta(funding_rate,4))),Sign(Delta(index_close,12)))",basis_premium_like|funding_like,P1,role_mixed_allowed,True,skel_2674b9b28339672e,prod_e4f0e8eec176a6dd,a7ff24r_d69a0fd8cb69645a,shard_09
L3_state_conditioned_feature,funding_rate,index_close,funding_like,basis_premium_like,modifier_only_seed,modifier_only_seed,delta_4h,mean_12h,mean_reversion_gate,"Mul(Neg(ZScore(Delta(funding_rate,4))),Sign(Mean(index_close,12)))",basis_premium_like|funding_like,P1,role_mixed_allowed,True,skel_2674b9b28339672e,prod_abfb5a19abdfbaa2,a7ff24r_de7c975ee541aac1,shard_09
L3_state_conditioned_feature,funding_rate,index_close,funding_like,basis_premium_like,modifier_only_seed,modifier_only_seed,delta_8h,delta_2h,mean_reversion_gate,"Mul(Neg(ZScore(Delta(funding_rate,8))),Sign(Delta(index_close,2)))",basis_premium_like|funding_like,P1,role_mixed_allowed,True,skel_2674b9b28339672e,prod_c0d072a7f1c8b494,a7ff24r_ded5ae6d34ee5bd2,shard_09
L3_state_conditioned_feature,funding_rate,index_close,funding_like,basis_premium_like,modifier_only_seed,modifier_only_seed,delta_1h,delta_1h,mean_reversion_gate,"Mul(Neg(ZScore(Delta(funding_rate,1))),Sign(Delta(index_close,1)))",basis_premium_like|funding_like,P1,role_mixed_allowed,True,skel_2674b9b28339672e,prod_5d8d01934e9d39a4,a7ff24r_e7dbdff0dd184f5a,shard_09
L3_state_conditioned_feature,funding_rate,index_close,funding_like,basis_premium_like,modifier_only_seed,modifier_only_seed,delta_8h,delta_1h,mean_reversion_gate,"Mul(Neg(ZScore(Delta(funding_rate,8))),Sign(Delta(index_close,1)))",basis_premium_like|funding_like,P1,role_mixed_allowed,True,skel_2674b9b28339672e,prod_b1e1db622921bd49,a7ff24r_ea37ea765a591b3f,shard_09
L3_state_conditioned_feature,funding_rate,index_close,funding_like,basis_premium_like,modifier_only_seed,modifier_only_seed,delta_2h,delta_12h,mean_reversion_gate,"Mul(Neg(ZScore(Delta(funding_rate,2))),Sign(Delta(index_close,12)))",basis_premium_like|funding_like,P1,role_mixed_allowed,True,skel_2674b9b28339672e,prod_6a4e00faf3789f85,a7ff24r_ed0ce99eac1a4737,shard_09
L3_state_conditioned_feature,funding_rate,index_close,funding_like,basis_premium_like,modifier_only_seed,modifier_only_seed,delta_4h,mean_8h,mean_reversion_gate,"Mul(Neg(ZScore(Delta(funding_rate,4))),Sign(Mean(index_close,8)))",basis_premium_like|funding_like,P1,role_mixed_allowed,True,skel_2674b9b28339672e,prod_784a9894f5ef2fc6,a7ff24r_f2f354833e19d029,shard_09
L3_state_conditioned_feature,funding_rate,index_close,funding_like,basis_premium_like,modifier_only_seed,modifier_only_seed,mean_4h,delta_2h,mean_reversion_gate,"Mul(Neg(ZScore(Mean(funding_rate,4))),Sign(Delta(index_close,2)))",basis_premium_like|funding_like,P1,role_mixed_allowed,True,skel_2674b9b28339672e,prod_026d46ee8f9e2693,a7ff24r_f49e6c67cb534dc0,shard_09
L3_state_conditioned_feature,funding_rate,index_close,funding_like,basis_premium_like,modifier_only_seed,modifier_only_seed,mean_1h,mean_4h,mean_reversion_gate,"Mul(Neg(ZScore(Mean(funding_rate,1))),Sign(Mean(index_close,4)))",basis_premium_like|funding_like,P1,role_mixed_allowed,True,skel_2674b9b28339672e,prod_06e19840f0a1da4d,a7ff24r_f4ffda3339a6b4b5,shard_09
L3_state_conditioned_feature,funding_rate,index_close,funding_like,basis_premium_like,modifier_only_seed,modifier_only_seed,mean_2h,delta_1h,mean_reversion_gate,"Mul(Neg(ZScore(Mean(funding_rate,2))),Sign(Delta(index_close,1)))",basis_premium_like|funding_like,P1,role_mixed_allowed,True,skel_2674b9b28339672e,prod_b2d5869d7019ddc3,a7ff24r_f770cb7a823a47e7,shard_09
L3_state_conditioned_feature,funding_rate,index_close,funding_like,basis_premium_like,modifier_only_seed,modifier_only_seed,delta_8h,delta_4h,mean_reversion_gate,"Mul(Neg(ZScore(Delta(funding_rate,8))),Sign(Delta(index_close,4)))",basis_premium_like|funding_like,P1,role_mixed_allowed,True,skel_2674b9b28339672e,prod_866a1f8b728ea1f5,a7ff24r_f84fa037aed48c8a,shard_09
L3_state_conditioned_feature,funding_rate,index_close,funding_like,basis_premium_like,modifier_only_seed,modifier_only_seed,delta_8h,delta_8h,mean_reversion_gate,"Mul(Neg(ZScore(Delta(funding_rate,8))),Sign(Delta(index_close,8)))",basis_premium_like|funding_like,P1,role_mixed_allowed,True,skel_2674b9b28339672e,prod_17dbf753147e2c7f,a7ff24r_faba47eec0ea03e3,shard_09
L3_state_conditioned_feature,funding_rate,mark_close,funding_like,basis_premium_like,modifier_only_seed,modifier_only_seed,zmean_2h,mean_8h,mean_reversion_gate,"Mul(Neg(ZScore(ZScore(Mean(funding_rate,2)))),Sign(Mean(mark_close,8)))",basis_premium_like|funding_like,P1,role_mixed_allowed,True,skel_857699c27821c9ad,prod_c607d758f6e610ec,a7ff24r_030c4128314e63af,shard_09
L3_state_conditioned_feature,funding_rate,index_close,funding_like,basis_premium_like,modifier_only_seed,modifier_only_seed,zmean_4h,delta_2h,mean_reversion_gate,"Mul(Neg(ZScore(ZScore(Mean(funding_rate,4)))),Sign(Delta(index_close,2)))",basis_premium_like|funding_like,P1,role_mixed_allowed,True,skel_857699c27821c9ad,prod_ea7505b2c02cdc9b,a7ff24r_0417992a3e9f637a,shard_09
L3_state_conditioned_feature,funding_rate,index_close,funding_like,basis_premium_like,modifier_only_seed,modifier_only_seed,zmean_8h,mean_12h,mean_reversion_gate,"Mul(Neg(ZScore(ZScore(Mean(funding_rate,8)))),Sign(Mean(index_close,12)))",basis_premium_like|funding_like,P1,role_mixed_allowed,True,skel_857699c27821c9ad,prod_d137b911bfbb2af6,a7ff24r_0829acd798887393,shard_09
L3_state_conditioned_feature,funding_rate,index_close,funding_like,basis_premium_like,modifier_only_seed,modifier_only_seed,zmean_8h,delta_12h,mean_reversion_gate,"Mul(Neg(ZScore(ZScore(Mean(funding_rate,8)))),Sign(Delta(index_close,12)))",basis_premium_like|funding_like,P1,role_mixed_allowed,True,skel_857699c27821c9ad,prod_74ef01a315268153,a7ff24r_10ea62a6b5a4bb6f,shard_09
L3_state_conditioned_feature,funding_rate,index_close,funding_like,basis_premium_like,modifier_only_seed,modifier_only_seed,zmean_8h,mean_1h,mean_reversion_gate,"Mul(Neg(ZScore(ZScore(Mean(funding_rate,8)))),Sign(Mean(index_close,1)))",basis_premium_like|funding_like,P1,role_mixed_allowed,True,skel_857699c27821c9ad,prod_bccdb0306ae0e808,a7ff24r_12c573681df535e8,shard_09
L3_state_conditioned_feature,funding_rate,index_close,funding_like,basis_premium_like,modifier_only_seed,modifier_only_seed,zmean_2h,mean_8h,mean_reversion_gate,"Mul(Neg(ZScore(ZScore(Mean(funding_rate,2)))),Sign(Mean(index_close,8)))",basis_premium_like|funding_like,P1,role_mixed_allowed,True,skel_857699c27821c9ad,prod_e380ca2c85f6c657,a7ff24r_13098e1755d62c09,shard_09
L3_state_conditioned_feature,funding_rate,mark_close,funding_like,basis_premium_like,modifier_only_seed,modifier_only_seed,zmean_4h,delta_12h,mean_reversion_gate,"Mul(Neg(ZScore(ZScore(Mean(funding_rate,4)))),Sign(Delta(mark_close,12)))",basis_premium_like|funding_like,P1,role_mixed_allowed,True,skel_857699c27821c9ad,prod_8595ad9ead9b1cc4,a7ff24r_191103e1a07a2e00,shard_09
L3_state_conditioned_feature,funding_rate,index_close,funding_like,basis_premium_like,modifier_only_seed,modifier_only_seed,zmean_12h,mean_12h,mean_reversion_gate,"Mul(Neg(ZScore(ZScore(Mean(funding_rate,12)))),Sign(Mean(index_close,12)))",basis_premium_like|funding_like,P1,role_mixed_allowed,True,skel_857699c27821c9ad,prod_2f27c808ca0c8da3,a7ff24r_198b9f6d4f3e1d8b,shard_09
L3_state_conditioned_feature,funding_rate,mark_close,funding_like,basis_premium_like,modifier_only_seed,modifier_only_seed,zmean_8h,mean_12h,mean_reversion_gate,"Mul(Neg(ZScore(ZScore(Mean(funding_rate,8)))),Sign(Mean(mark_close,12)))",basis_premium_like|funding_like,P1,role_mixed_allowed,True,skel_857699c27821c9ad,prod_f20398dd6b759e6d,a7ff24r_1b2d897171366b5f,shard_09
L3_state_conditioned_feature,funding_rate,index_close,funding_like,basis_premium_like,modifier_only_seed,modifier_only_seed,zmean_12h,delta_8h,mean_reversion_gate,"Mul(Neg(ZScore(ZScore(Mean(funding_rate,12)))),Sign(Delta(index_close,8)))",basis_premium_like|funding_like,P1,role_mixed_allowed,True,skel_857699c27821c9ad,prod_64dac9ed38bb59aa,a7ff24r_1c91b9bae8961fab,shard_09
L3_state_conditioned_feature,funding_rate,mark_close,funding_like,basis_premium_like,modifier_only_seed,modifier_only_seed,zmean_8h,delta_8h,mean_reversion_gate,"Mul(Neg(ZScore(ZScore(Mean(funding_rate,8)))),Sign(Delta(mark_close,8)))",basis_premium_like|funding_like,P1,role_mixed_allowed,True,skel_857699c27821c9ad,prod_d775db67fa3201b5,a7ff24r_1f92822ef8b4a991,shard_09
L3_state_conditioned_feature,funding_rate,mark_close,funding_like,basis_premium_like,modifier_only_seed,modifier_only_seed,zmean_4h,delta_2h,mean_reversion_gate,"Mul(Neg(ZScore(ZScore(Mean(funding_rate,4)))),Sign(Delta(mark_close,2)))",basis_premium_like|funding_like,P1,role_mixed_allowed,True,skel_857699c27821c9ad,prod_a74ff1263e817238,a7ff24r_20cbb4e4452e7e2e,shard_09
L3_state_conditioned_feature,funding_rate,index_close,funding_like,basis_premium_like,modifier_only_seed,modifier_only_seed,zmean_4h,mean_2h,mean_reversion_gate,"Mul(Neg(ZScore(ZScore(Mean(funding_rate,4)))),Sign(Mean(index_close,2)))",basis_premium_like|funding_like,P1,role_mixed_allowed,True,skel_857699c27821c9ad,prod_ec6508dd565f3832,a7ff24r_219f8727681316b0,shard_09
L3_state_conditioned_feature,funding_rate,index_close,funding_like,basis_premium_like,modifier_only_seed,modifier_only_seed,zmean_4h,delta_12h,mean_reversion_gate,"Mul(Neg(ZScore(ZScore(Mean(funding_rate,4)))),Sign(Delta(index_close,12)))",basis_premium_like|funding_like,P1,role_mixed_allowed,True,skel_857699c27821c9ad,prod_01d74d7be407e70d,a7ff24r_26d331b930b5e6fb,shard_09
L3_state_conditioned_feature,funding_rate,index_close,funding_like,basis_premium_like,modifier_only_seed,modifier_only_seed,zmean_4h,mean_4h,mean_reversion_gate,"Mul(Neg(ZScore(ZScore(Mean(funding_rate,4)))),Sign(Mean(index_close,4)))",basis_premium_like|funding_like,P1,role_mixed_allowed,True,skel_857699c27821c9ad,prod_1cde11728c7cb535,a7ff24r_304ae356b53d1378,shard_09
L3_state_conditioned_feature,funding_rate,mark_close,funding_like,basis_premium_like,modifier_only_seed,modifier_only_seed,zmean_8h,delta_12h,mean_reversion_gate,"Mul(Neg(ZScore(ZScore(Mean(funding_rate,8)))),Sign(Delta(mark_close,12)))",basis_premium_like|funding_like,P1,role_mixed_allowed,True,skel_857699c27821c9ad,prod_6e87fbb2034fac4b,a7ff24r_3356c71d1d5ff3fe,shard_09
L3_state_conditioned_feature,funding_rate,index_close,funding_like,basis_premium_like,modifier_only_seed,modifier_only_seed,zmean_2h,delta_12h,mean_reversion_gate,"Mul(Neg(ZScore(ZScore(Mean(funding_rate,2)))),Sign(Delta(index_close,12)))",basis_premium_like|funding_like,P1,role_mixed_allowed,True,skel_857699c27821c9ad,prod_6359c452cd3a313a,a7ff24r_357242ba22a03a43,shard_09
L3_state_conditioned_feature,funding_rate,index_close,funding_like,basis_premium_like,modifier_only_seed,modifier_only_seed,zmean_1h,delta_4h,mean_reversion_gate,"Mul(Neg(ZScore(ZScore(Mean(funding_rate,1)))),Sign(Delta(index_close,4)))",basis_premium_like|funding_like,P1,role_mixed_allowed,True,skel_857699c27821c9ad,prod_ee3beeeab13269d0,a7ff24r_3b3f1fcb9aa3e98d,shard_09
L3_state_conditioned_feature,funding_rate,index_close,funding_like,basis_premium_like,modifier_only_seed,modifier_only_seed,zmean_4h,delta_4h,mean_reversion_gate,"Mul(Neg(ZScore(ZScore(Mean(funding_rate,4)))),Sign(Delta(index_close,4)))",basis_premium_like|funding_like,P1,role_mixed_allowed,True,skel_857699c27821c9ad,prod_6dc4c092d5acf866,a7ff24r_3e88422b0454f2ca,shard_09
L3_state_conditioned_feature,funding_rate,mark_close,funding_like,basis_premium_like,modifier_only_seed,modifier_only_seed,zmean_2h,delta_1h,mean_reversion_gate,"Mul(Neg(ZScore(ZScore(Mean(funding_rate,2)))),Sign(Delta(mark_close,1)))",basis_premium_like|funding_like,P1,role_mixed_allowed,True,skel_857699c27821c9ad,prod_e02567a3235faf6a,a7ff24r_3ef4d571ee242ea3,shard_09
L3_state_conditioned_feature,funding_rate,index_close,funding_like,basis_premium_like,modifier_only_seed,modifier_only_seed,zmean_2h,mean_1h,mean_reversion_gate,"Mul(Neg(ZScore(ZScore(Mean(funding_rate,2)))),Sign(Mean(index_close,1)))",basis_premium_like|funding_like,P1,role_mixed_allowed,True,skel_857699c27821c9ad,prod_da3d38c502b35694,a7ff24r_44a3229aef39671a,shard_09
L3_state_conditioned_feature,funding_rate,mark_close,funding_like,basis_premium_like,modifier_only_seed,modifier_only_seed,zmean_4h,mean_1h,mean_reversion_gate,"Mul(Neg(ZScore(ZScore(Mean(funding_rate,4)))),Sign(Mean(mark_close,1)))",basis_premium_like|funding_like,P1,role_mixed_allowed,True,skel_857699c27821c9ad,prod_4d04cd7829aefb2a,a7ff24r_4bb7df6db48894c1,shard_09
L3_state_conditioned_feature,funding_rate,mark_close,funding_like,basis_premium_like,modifier_only_seed,modifier_only_seed,zmean_4h,mean_2h,mean_reversion_gate,"Mul(Neg(ZScore(ZScore(Mean(funding_rate,4)))),Sign(Mean(mark_close,2)))",basis_premium_like|funding_like,P1,role_mixed_allowed,True,skel_857699c27821c9ad,prod_5b1f30ead56ff17a,a7ff24r_5265132dd569f195,shard_09
L3_state_conditioned_feature,funding_rate,index_close,funding_like,basis_premium_like,modifier_only_seed,modifier_only_seed,zmean_2h,delta_1h,mean_reversion_gate,"Mul(Neg(ZScore(ZScore(Mean(funding_rate,2)))),Sign(Delta(index_close,1)))",basis_premium_like|funding_like,P1,role_mixed_allowed,True,skel_857699c27821c9ad,prod_0697cee672d08b5b,a7ff24r_5274d2ce0db6803f,shard_09
L3_state_conditioned_feature,funding_rate,mark_close,funding_like,basis_premium_like,modifier_only_seed,modifier_only_seed,zmean_8h,mean_1h,mean_reversion_gate,"Mul(Neg(ZScore(ZScore(Mean(funding_rate,8)))),Sign(Mean(mark_close,1)))",basis_premium_like|funding_like,P1,role_mixed_allowed,True,skel_857699c27821c9ad,prod_f0fe7b0284efae11,a7ff24r_6493a11704e4c626,shard_09
L3_state_conditioned_feature,funding_rate,mark_close,funding_like,basis_premium_like,modifier_only_seed,modifier_only_seed,zmean_2h,delta_12h,mean_reversion_gate,"Mul(Neg(ZScore(ZScore(Mean(funding_rate,2)))),Sign(Delta(mark_close,12)))",basis_premium_like|funding_like,P1,role_mixed_allowed,True,skel_857699c27821c9ad,prod_d901f45ac72a6363,a7ff24r_64ebc465fc9a27fc,shard_09
L3_state_conditioned_feature,funding_rate,index_close,funding_like,basis_premium_like,modifier_only_seed,modifier_only_seed,zmean_4h,mean_1h,mean_reversion_gate,"Mul(Neg(ZScore(ZScore(Mean(funding_rate,4)))),Sign(Mean(index_close,1)))",basis_premium_like|funding_like,P1,role_mixed_allowed,True,skel_857699c27821c9ad,prod_ded4f509706a3564,a7ff24r_66826a660c320702,shard_09
L3_state_conditioned_feature,funding_rate,mark_close,funding_like,basis_premium_like,modifier_only_seed,modifier_only_seed,zmean_8h,delta_1h,mean_reversion_gate,"Mul(Neg(ZScore(ZScore(Mean(funding_rate,8)))),Sign(Delta(mark_close,1)))",basis_premium_like|funding_like,P1,role_mixed_allowed,True,skel_857699c27821c9ad,prod_7de8805dc1f44343,a7ff24r_670cca792a511172,shard_09
L3_state_conditioned_feature,funding_rate,mark_close,funding_like,basis_premium_like,modifier_only_seed,modifier_only_seed,zmean_1h,mean_8h,mean_reversion_gate,"Mul(Neg(ZScore(ZScore(Mean(funding_rate,1)))),Sign(Mean(mark_close,8)))",basis_premium_like|funding_like,P1,role_mixed_allowed,True,skel_857699c27821c9ad,prod_b44dc2d40d8c445f,a7ff24r_6ab5dcead2ceadd5,shard_09
L3_state_conditioned_feature,funding_rate,index_close,funding_like,basis_premium_like,modifier_only_seed,modifier_only_seed,zmean_1h,mean_2h,mean_reversion_gate,"Mul(Neg(ZScore(ZScore(Mean(funding_rate,1)))),Sign(Mean(index_close,2)))",basis_premium_like|funding_like,P1,role_mixed_allowed,True,skel_857699c27821c9ad,prod_560396e60db9e23c,a7ff24r_6b04f0c6d8744b30,shard_09
L3_state_conditioned_feature,funding_rate,mark_close,funding_like,basis_premium_like,modifier_only_seed,modifier_only_seed,zmean_2h,mean_12h,mean_reversion_gate,"Mul(Neg(ZScore(ZScore(Mean(funding_rate,2)))),Sign(Mean(mark_close,12)))",basis_premium_like|funding_like,P1,role_mixed_allowed,True,skel_857699c27821c9ad,prod_c734e303b10c0105,a7ff24r_6c432c6bad61c367,shard_09
L3_state_conditioned_feature,funding_rate,index_close,funding_like,basis_premium_like,modifier_only_seed,modifier_only_seed,zmean_1h,delta_1h,mean_reversion_gate,"Mul(Neg(ZScore(ZScore(Mean(funding_rate,1)))),Sign(Delta(index_close,1)))",basis_premium_like|funding_like,P1,role_mixed_allowed,True,skel_857699c27821c9ad,prod_b3a2227f3a9792af,a7ff24r_6cf534189ae7d893,shard_09
L3_state_conditioned_feature,funding_rate,mark_close,funding_like,basis_premium_like,modifier_only_seed,modifier_only_seed,zmean_2h,mean_4h,mean_reversion_gate,"Mul(Neg(ZScore(ZScore(Mean(funding_rate,2)))),Sign(Mean(mark_close,4)))",basis_premium_like|funding_like,P1,role_mixed_allowed,True,skel_857699c27821c9ad,prod_b3bfe8bdb2076284,a7ff24r_71776948ecf6d7a2,shard_09
L3_state_conditioned_feature,funding_rate,index_close,funding_like,basis_premium_like,modifier_only_seed,modifier_only_seed,zmean_8h,mean_4h,mean_reversion_gate,"Mul(Neg(ZScore(ZScore(Mean(funding_rate,8)))),Sign(Mean(index_close,4)))",basis_premium_like|funding_like,P1,role_mixed_allowed,True,skel_857699c27821c9ad,prod_aa776e7edbeb1b12,a7ff24r_76c0ac8f99f5d859,shard_09
L3_state_conditioned_feature,funding_rate,mark_close,funding_like,basis_premium_like,modifier_only_seed,modifier_only_seed,zmean_1h,mean_2h,mean_reversion_gate,"Mul(Neg(ZScore(ZScore(Mean(funding_rate,1)))),Sign(Mean(mark_close,2)))",basis_premium_like|funding_like,P1,role_mixed_allowed,True,skel_857699c27821c9ad,prod_4d999499274fcf3f,a7ff24r_771092593ee1ff31,shard_09
L3_state_conditioned_feature,funding_rate,mark_close,funding_like,basis_premium_like,modifier_only_seed,modifier_only_seed,zmean_1h,delta_2h,mean_reversion_gate,"Mul(Neg(ZScore(ZScore(Mean(funding_rate,1)))),Sign(Delta(mark_close,2)))",basis_premium_like|funding_like,P1,role_mixed_allowed,True,skel_857699c27821c9ad,prod_e5ce4c0bfec3f9a6,a7ff24r_7d31bfd344cea67b,shard_09
L3_state_conditioned_feature,funding_rate,index_close,funding_like,basis_premium_like,modifier_only_seed,modifier_only_seed,zmean_8h,delta_8h,mean_reversion_gate,"Mul(Neg(ZScore(ZScore(Mean(funding_rate,8)))),Sign(Delta(index_close,8)))",basis_premium_like|funding_like,P1,role_mixed_allowed,True,skel_857699c27821c9ad,prod_2c5ad6c0095e6681,a7ff24r_7d5a6751c3fc8d38,shard_09
L3_state_conditioned_feature,funding_rate,mark_close,funding_like,basis_premium_like,modifier_only_seed,modifier_only_seed,zmean_4h,mean_4h,mean_reversion_gate,"Mul(Neg(ZScore(ZScore(Mean(funding_rate,4)))),Sign(Mean(mark_close,4)))",basis_premium_like|funding_like,P1,role_mixed_allowed,True,skel_857699c27821c9ad,prod_5a5e71cbd2720a76,a7ff24r_801ddbb5f748ce46,shard_09
L3_state_conditioned_feature,funding_rate,index_close,funding_like,basis_premium_like,modifier_only_seed,modifier_only_seed,zmean_2h,mean_4h,mean_reversion_gate,"Mul(Neg(ZScore(ZScore(Mean(funding_rate,2)))),Sign(Mean(index_close,4)))",basis_premium_like|funding_like,P1,role_mixed_allowed,True,skel_857699c27821c9ad,prod_6e875389eedcdb65,a7ff24r_86b46d2f79928550,shard_09
L3_state_conditioned_feature,funding_rate,mark_close,funding_like,basis_premium_like,modifier_only_seed,modifier_only_seed,zmean_1h,delta_1h,mean_reversion_gate,"Mul(Neg(ZScore(ZScore(Mean(funding_rate,1)))),Sign(Delta(mark_close,1)))",basis_premium_like|funding_like,P1,role_mixed_allowed,True,skel_857699c27821c9ad,prod_2f4f1b8a7da6f844,a7ff24r_877e73a8bf70ded4,shard_09
L3_state_conditioned_feature,funding_rate,index_close,funding_like,basis_premium_like,modifier_only_seed,modifier_only_seed,zmean_1h,mean_12h,mean_reversion_gate,"Mul(Neg(ZScore(ZScore(Mean(funding_rate,1)))),Sign(Mean(index_close,12)))",basis_premium_like|funding_like,P1,role_mixed_allowed,True,skel_857699c27821c9ad,prod_7879aff29efece59,a7ff24r_87e795ec645c59c8,shard_09
L3_state_conditioned_feature,funding_rate,mark_close,funding_like,basis_premium_like,modifier_only_seed,modifier_only_seed,zmean_8h,mean_4h,mean_reversion_gate,"Mul(Neg(ZScore(ZScore(Mean(funding_rate,8)))),Sign(Mean(mark_close,4)))",basis_premium_like|funding_like,P1,role_mixed_allowed,True,skel_857699c27821c9ad,prod_2eadae609df0abb3,a7ff24r_88d71beb396bff78,shard_09
L3_state_conditioned_feature,funding_rate,mark_close,funding_like,basis_premium_like,modifier_only_seed,modifier_only_seed,zmean_2h,delta_2h,mean_reversion_gate,"Mul(Neg(ZScore(ZScore(Mean(funding_rate,2)))),Sign(Delta(mark_close,2)))",basis_premium_like|funding_like,P1,role_mixed_allowed,True,skel_857699c27821c9ad,prod_98ba8f3e392aa1d6,a7ff24r_8a5a5378f89d0d26,shard_09
L3_state_conditioned_feature,funding_rate,index_close,funding_like,basis_premium_like,modifier_only_seed,modifier_only_seed,zmean_8h,mean_8h,mean_reversion_gate,"Mul(Neg(ZScore(ZScore(Mean(funding_rate,8)))),Sign(Mean(index_close,8)))",basis_premium_like|funding_like,P1,role_mixed_allowed,True,skel_857699c27821c9ad,prod_f36e7407ea70f2de,a7ff24r_8ac7674a6d4776a2,shard_09
L3_state_conditioned_feature,funding_rate,mark_close,funding_like,basis_premium_like,modifier_only_seed,modifier_only_seed,zmean_4h,delta_8h,mean_reversion_gate,"Mul(Neg(ZScore(ZScore(Mean(funding_rate,4)))),Sign(Delta(mark_close,8)))",basis_premium_like|funding_like,P1,role_mixed_allowed,True,skel_857699c27821c9ad,prod_8ac2e9ef2c15c106,a7ff24r_8b6466b3283408a6,shard_09
L3_state_conditioned_feature,funding_rate,index_close,funding_like,basis_premium_like,modifier_only_seed,modifier_only_seed,zmean_12h,delta_4h,mean_reversion_gate,"Mul(Neg(ZScore(ZScore(Mean(funding_rate,12)))),Sign(Delta(index_close,4)))",basis_premium_like|funding_like,P1,role_mixed_allowed,True,skel_857699c27821c9ad,prod_d3e9ed65ed93c315,a7ff24r_8bcdf42868078912,shard_09
L3_state_conditioned_feature,funding_rate,mark_close,funding_like,basis_premium_like,modifier_only_seed,modifier_only_seed,zmean_1h,delta_4h,mean_reversion_gate,"Mul(Neg(ZScore(ZScore(Mean(funding_rate,1)))),Sign(Delta(mark_close,4)))",basis_premium_like|funding_like,P1,role_mixed_allowed,True,skel_857699c27821c9ad,prod_89e3239e8152bb4e,a7ff24r_8be63056a8ee7fbe,shard_09
L3_state_conditioned_feature,funding_rate,mark_close,funding_like,basis_premium_like,modifier_only_seed,modifier_only_seed,zmean_4h,delta_4h,mean_reversion_gate,"Mul(Neg(ZScore(ZScore(Mean(funding_rate,4)))),Sign(Delta(mark_close,4)))",basis_premium_like|funding_like,P1,role_mixed_allowed,True,skel_857699c27821c9ad,prod_1270c587a4ba8e86,a7ff24r_90b9d303c7e2c846,shard_09
L3_state_conditioned_feature,funding_rate,index_close,funding_like,basis_premium_like,modifier_only_seed,modifier_only_seed,zmean_2h,delta_4h,mean_reversion_gate,"Mul(Neg(ZScore(ZScore(Mean(funding_rate,2)))),Sign(Delta(index_close,4)))",basis_premium_like|funding_like,P1,role_mixed_allowed,True,skel_857699c27821c9ad,prod_abfac37a84f87269,a7ff24r_931c8c0b2e186749,shard_09
L3_state_conditioned_feature,funding_rate,mark_close,funding_like,basis_premium_like,modifier_only_seed,modifier_only_seed,zmean_2h,delta_8h,mean_reversion_gate,"Mul(Neg(ZScore(ZScore(Mean(funding_rate,2)))),Sign(Delta(mark_close,8)))",basis_premium_like|funding_like,P1,role_mixed_allowed,True,skel_857699c27821c9ad,prod_cce4f005e53dbe16,a7ff24r_97768bfcb9d3e006,shard_09
L3_state_conditioned_feature,funding_rate,index_close,funding_like,basis_premium_like,modifier_only_seed,modifier_only_seed,zmean_1h,mean_8h,mean_reversion_gate,"Mul(Neg(ZScore(ZScore(Mean(funding_rate,1)))),Sign(Mean(index_close,8)))",basis_premium_like|funding_like,P1,role_mixed_allowed,True,skel_857699c27821c9ad,prod_651edd34ad387b56,a7ff24r_97da853d329bef45,shard_09
L3_state_conditioned_feature,funding_rate,index_close,funding_like,basis_premium_like,modifier_only_seed,modifier_only_seed,zmean_8h,mean_2h,mean_reversion_gate,"Mul(Neg(ZScore(ZScore(Mean(funding_rate,8)))),Sign(Mean(index_close,2)))",basis_premium_like|funding_like,P1,role_mixed_allowed,True,skel_857699c27821c9ad,prod_e078be9b73dfe984,a7ff24r_9b5ce2b674efb837,shard_09
L3_state_conditioned_feature,funding_rate,index_close,funding_like,basis_premium_like,modifier_only_seed,modifier_only_seed,zmean_2h,mean_12h,mean_reversion_gate,"Mul(Neg(ZScore(ZScore(Mean(funding_rate,2)))),Sign(Mean(index_close,12)))",basis_premium_like|funding_like,P1,role_mixed_allowed,True,skel_857699c27821c9ad,prod_b32b73634b75bdfb,a7ff24r_9d30ed2a7c5b3425,shard_09
L3_state_conditioned_feature,funding_rate,mark_close,funding_like,basis_premium_like,modifier_only_seed,modifier_only_seed,zmean_1h,mean_4h,mean_reversion_gate,"Mul(Neg(ZScore(ZScore(Mean(funding_rate,1)))),Sign(Mean(mark_close,4)))",basis_premium_like|funding_like,P1,role_mixed_allowed,True,skel_857699c27821c9ad,prod_7373976a47ba72e6,a7ff24r_9f42c41982dc285f,shard_09
L3_state_conditioned_feature,funding_rate,index_close,funding_like,basis_premium_like,modifier_only_seed,modifier_only_seed,zmean_1h,delta_12h,mean_reversion_gate,"Mul(Neg(ZScore(ZScore(Mean(funding_rate,1)))),Sign(Delta(index_close,12)))",basis_premium_like|funding_like,P1,role_mixed_allowed,True,skel_857699c27821c9ad,prod_ade1bbfbe9362239,a7ff24r_a8e1edc84b9a110b,shard_09
L3_state_conditioned_feature,funding_rate,index_close,funding_like,basis_premium_like,modifier_only_seed,modifier_only_seed,zmean_2h,delta_8h,mean_reversion_gate,"Mul(Neg(ZScore(ZScore(Mean(funding_rate,2)))),Sign(Delta(index_close,8)))",basis_premium_like|funding_like,P1,role_mixed_allowed,True,skel_857699c27821c9ad,prod_61cfcb00048cd82c,a7ff24r_abb709c4535b5fcf,shard_09
L3_state_conditioned_feature,funding_rate,index_close,funding_like,basis_premium_like,modifier_only_seed,modifier_only_seed,zmean_12h,delta_2h,mean_reversion_gate,"Mul(Neg(ZScore(ZScore(Mean(funding_rate,12)))),Sign(Delta(index_close,2)))",basis_premium_like|funding_like,P1,role_mixed_allowed,True,skel_857699c27821c9ad,prod_7808a22a1fec0716,a7ff24r_ae1c7f327c3b8c6b,shard_09
L3_state_conditioned_feature,funding_rate,index_close,funding_like,basis_premium_like,modifier_only_seed,modifier_only_seed,zmean_2h,delta_2h,mean_reversion_gate,"Mul(Neg(ZScore(ZScore(Mean(funding_rate,2)))),Sign(Delta(index_close,2)))",basis_premium_like|funding_like,P1,role_mixed_allowed,True,skel_857699c27821c9ad,prod_c5674c58f810ef41,a7ff24r_af4bc7da8d5cc3a6,shard_09
L3_state_conditioned_feature,funding_rate,mark_close,funding_like,basis_premium_like,modifier_only_seed,modifier_only_seed,zmean_8h,mean_8h,mean_reversion_gate,"Mul(Neg(ZScore(ZScore(Mean(funding_rate,8)))),Sign(Mean(mark_close,8)))",basis_premium_like|funding_like,P1,role_mixed_allowed,True,skel_857699c27821c9ad,prod_cd36a8a900feba07,a7ff24r_b99a8b2d92b7df5e,shard_09
L3_state_conditioned_feature,funding_rate,index_close,funding_like,basis_premium_like,modifier_only_seed,modifier_only_seed,zmean_8h,delta_2h,mean_reversion_gate,"Mul(Neg(ZScore(ZScore(Mean(funding_rate,8)))),Sign(Delta(index_close,2)))",basis_premium_like|funding_like,P1,role_mixed_allowed,True,skel_857699c27821c9ad,prod_c4e66ef751ded3b8,a7ff24r_bab4404b718b73a3,shard_09
L3_state_conditioned_feature,funding_rate,index_close,funding_like,basis_premium_like,modifier_only_seed,modifier_only_seed,zmean_1h,mean_4h,mean_reversion_gate,"Mul(Neg(ZScore(ZScore(Mean(funding_rate,1)))),Sign(Mean(index_close,4)))",basis_premium_like|funding_like,P1,role_mixed_allowed,True,skel_857699c27821c9ad,prod_428784e44e498a32,a7ff24r_badac7059c3e65f0,shard_09
L3_state_conditioned_feature,funding_rate,index_close,funding_like,basis_premium_like,modifier_only_seed,modifier_only_seed,zmean_4h,delta_1h,mean_reversion_gate,"Mul(Neg(ZScore(ZScore(Mean(funding_rate,4)))),Sign(Delta(index_close,1)))",basis_premium_like|funding_like,P1,role_mixed_allowed,True,skel_857699c27821c9ad,prod_0fbcc101ec6012fe,a7ff24r_bb4e12af4a86a698,shard_09
L3_state_conditioned_feature,funding_rate,mark_close,funding_like,basis_premium_like,modifier_only_seed,modifier_only_seed,zmean_1h,mean_12h,mean_reversion_gate,"Mul(Neg(ZScore(ZScore(Mean(funding_rate,1)))),Sign(Mean(mark_close,12)))",basis_premium_like|funding_like,P1,role_mixed_allowed,True,skel_857699c27821c9ad,prod_a461991558af8340,a7ff24r_bfaad10adfd31cc5,shard_09
L3_state_conditioned_feature,funding_rate,index_close,funding_like,basis_premium_like,modifier_only_seed,modifier_only_seed,zmean_12h,delta_12h,mean_reversion_gate,"Mul(Neg(ZScore(ZScore(Mean(funding_rate,12)))),Sign(Delta(index_close,12)))",basis_premium_like|funding_like,P1,role_mixed_allowed,True,skel_857699c27821c9ad,prod_1e6effc11a4b36a2,a7ff24r_bfb9e714ac5f443a,shard_09
L3_state_conditioned_feature,funding_rate,index_close,funding_like,basis_premium_like,modifier_only_seed,modifier_only_seed,zmean_4h,delta_8h,mean_reversion_gate,"Mul(Neg(ZScore(ZScore(Mean(funding_rate,4)))),Sign(Delta(index_close,8)))",basis_premium_like|funding_like,P1,role_mixed_allowed,True,skel_857699c27821c9ad,prod_731c891a84110bca,a7ff24r_c0104c714b76d460,shard_09
L3_state_conditioned_feature,funding_rate,index_close,funding_like,basis_premium_like,modifier_only_seed,modifier_only_seed,zmean_8h,delta_4h,mean_reversion_gate,"Mul(Neg(ZScore(ZScore(Mean(funding_rate,8)))),Sign(Delta(index_close,4)))",basis_premium_like|funding_like,P1,role_mixed_allowed,True,skel_857699c27821c9ad,prod_ae45c4592b6ad7fd,a7ff24r_c131aa46b0bca62d,shard_09
L3_state_conditioned_feature,funding_rate,index_close,funding_like,basis_premium_like,modifier_only_seed,modifier_only_seed,zmean_12h,mean_4h,mean_reversion_gate,"Mul(Neg(ZScore(ZScore(Mean(funding_rate,12)))),Sign(Mean(index_close,4)))",basis_premium_like|funding_like,P1,role_mixed_allowed,True,skel_857699c27821c9ad,prod_1aa66628860ed07c,a7ff24r_c35a484fb2ce88ca,shard_09
L3_state_conditioned_feature,funding_rate,index_close,funding_like,basis_premium_like,modifier_only_seed,modifier_only_seed,zmean_1h,delta_8h,mean_reversion_gate,"Mul(Neg(ZScore(ZScore(Mean(funding_rate,1)))),Sign(Delta(index_close,8)))",basis_premium_like|funding_like,P1,role_mixed_allowed,True,skel_857699c27821c9ad,prod_bee2c197f143d3df,a7ff24r_cac4dd37ec3bf339,shard_09
L3_state_conditioned_feature,funding_rate,index_close,funding_like,basis_premium_like,modifier_only_seed,modifier_only_seed,zmean_12h,mean_1h,mean_reversion_gate,"Mul(Neg(ZScore(ZScore(Mean(funding_rate,12)))),Sign(Mean(index_close,1)))",basis_premium_like|funding_like,P1,role_mixed_allowed,True,skel_857699c27821c9ad,prod_59b1a21cc480d52c,a7ff24r_d019093637522913,shard_09
L3_state_conditioned_feature,funding_rate,index_close,funding_like,basis_premium_like,modifier_only_seed,modifier_only_seed,zmean_2h,mean_2h,mean_reversion_gate,"Mul(Neg(ZScore(ZScore(Mean(funding_rate,2)))),Sign(Mean(index_close,2)))",basis_premium_like|funding_like,P1,role_mixed_allowed,True,skel_857699c27821c9ad,prod_503f9bfcf03831bf,a7ff24r_d1419306f5ec95ce,shard_09
L3_state_conditioned_feature,funding_rate,index_close,funding_like,basis_premium_like,modifier_only_seed,modifier_only_seed,zmean_1h,mean_1h,mean_reversion_gate,"Mul(Neg(ZScore(ZScore(Mean(funding_rate,1)))),Sign(Mean(index_close,1)))",basis_premium_like|funding_like,P1,role_mixed_allowed,True,skel_857699c27821c9ad,prod_a000da93a04d9e4a,a7ff24r_d2f74b34c3d8f175,shard_09
L3_state_conditioned_feature,funding_rate,mark_close,funding_like,basis_premium_like,modifier_only_seed,modifier_only_seed,zmean_2h,mean_2h,mean_reversion_gate,"Mul(Neg(ZScore(ZScore(Mean(funding_rate,2)))),Sign(Mean(mark_close,2)))",basis_premium_like|funding_like,P1,role_mixed_allowed,True,skel_857699c27821c9ad,prod_9cbe77c0bf78df08,a7ff24r_d75df9709b75642e,shard_09
L3_state_conditioned_feature,funding_rate,mark_close,funding_like,basis_premium_like,modifier_only_seed,modifier_only_seed,zmean_8h,delta_4h,mean_reversion_gate,"Mul(Neg(ZScore(ZScore(Mean(funding_rate,8)))),Sign(Delta(mark_close,4)))",basis_premium_like|funding_like,P1,role_mixed_allowed,True,skel_857699c27821c9ad,prod_78ade7541c37da1f,a7ff24r_d7c47c3306bd337f,shard_09
L3_state_conditioned_feature,funding_rate,index_close,funding_like,basis_premium_like,modifier_only_seed,modifier_only_seed,zmean_12h,mean_8h,mean_reversion_gate,"Mul(Neg(ZScore(ZScore(Mean(funding_rate,12)))),Sign(Mean(index_close,8)))",basis_premium_like|funding_like,P1,role_mixed_allowed,True,skel_857699c27821c9ad,prod_1e9dbde605694482,a7ff24r_dbac920c412387fd,shard_09
L3_state_conditioned_feature,funding_rate,index_close,funding_like,basis_premium_like,modifier_only_seed,modifier_only_seed,zmean_8h,delta_1h,mean_reversion_gate,"Mul(Neg(ZScore(ZScore(Mean(funding_rate,8)))),Sign(Delta(index_close,1)))",basis_premium_like|funding_like,P1,role_mixed_allowed,True,skel_857699c27821c9ad,prod_aea6068cddd4639c,a7ff24r_ddddd9a3bebac622,shard_09
L3_state_conditioned_feature,funding_rate,mark_close,funding_like,basis_premium_like,modifier_only_seed,modifier_only_seed,zmean_8h,delta_2h,mean_reversion_gate,"Mul(Neg(ZScore(ZScore(Mean(funding_rate,8)))),Sign(Delta(mark_close,2)))",basis_premium_like|funding_like,P1,role_mixed_allowed,True,skel_857699c27821c9ad,prod_7d0edc61c4c3cf02,a7ff24r_dfba91ec269981c0,shard_09
L3_state_conditioned_feature,funding_rate,index_close,funding_like,basis_premium_like,modifier_only_seed,modifier_only_seed,zmean_12h,mean_2h,mean_reversion_gate,"Mul(Neg(ZScore(ZScore(Mean(funding_rate,12)))),Sign(Mean(index_close,2)))",basis_premium_like|funding_like,P1,role_mixed_allowed,True,skel_857699c27821c9ad,prod_c93222843fc638f6,a7ff24r_e02032059cac1a07,shard_09
L3_state_conditioned_feature,funding_rate,index_close,funding_like,basis_premium_like,modifier_only_seed,modifier_only_seed,zmean_1h,delta_2h,mean_reversion_gate,"Mul(Neg(ZScore(ZScore(Mean(funding_rate,1)))),Sign(Delta(index_close,2)))",basis_premium_like|funding_like,P1,role_mixed_allowed,True,skel_857699c27821c9ad,prod_a23b89689e7d6332,a7ff24r_e4994431600ddb31,shard_09
L3_state_conditioned_feature,funding_rate,mark_close,funding_like,basis_premium_like,modifier_only_seed,modifier_only_seed,zmean_2h,mean_1h,mean_reversion_gate,"Mul(Neg(ZScore(ZScore(Mean(funding_rate,2)))),Sign(Mean(mark_close,1)))",basis_premium_like|funding_like,P1,role_mixed_allowed,True,skel_857699c27821c9ad,prod_dbc1393f2d5fa8e1,a7ff24r_e9d3701003a9cbc4,shard_09
L3_state_conditioned_feature,funding_rate,mark_close,funding_like,basis_premium_like,modifier_only_seed,modifier_only_seed,zmean_2h,delta_4h,mean_reversion_gate,"Mul(Neg(ZScore(ZScore(Mean(funding_rate,2)))),Sign(Delta(mark_close,4)))",basis_premium_like|funding_like,P1,role_mixed_allowed,True,skel_857699c27821c9ad,prod_86363674a3467e9e,a7ff24r_efc4d3077dc9a3cd,shard_09
L3_state_conditioned_feature,funding_rate,index_close,funding_like,basis_premium_like,modifier_only_seed,modifier_only_seed,zmean_12h,level,mean_reversion_gate,"Mul(Neg(ZScore(ZScore(Mean(funding_rate,12)))),Sign(index_close))",basis_premium_like|funding_like,P1,role_mixed_allowed,True,skel_9bf9b7aa7b80877e,prod_991c9f8a1a683e36,a7ff24r_2deedf51fee0cbbb,shard_09
L3_state_conditioned_feature,funding_rate,mark_close,funding_like,basis_premium_like,modifier_only_seed,modifier_only_seed,zmean_2h,level,mean_reversion_gate,"Mul(Neg(ZScore(ZScore(Mean(funding_rate,2)))),Sign(mark_close))",basis_premium_like|funding_like,P1,role_mixed_allowed,True,skel_9bf9b7aa7b80877e,prod_f44f9eb32db67916,a7ff24r_83745fa80330a3de,shard_09
L3_state_conditioned_feature,funding_rate,index_close,funding_like,basis_premium_like,modifier_only_seed,modifier_only_seed,zmean_1h,level,mean_reversion_gate,"Mul(Neg(ZScore(ZScore(Mean(funding_rate,1)))),Sign(index_close))",basis_premium_like|funding_like,P1,role_mixed_allowed,True,skel_9bf9b7aa7b80877e,prod_ead546772d72d30b,a7ff24r_a95e173c27094596,shard_09
L3_state_conditioned_feature,funding_rate,index_close,funding_like,basis_premium_like,modifier_only_seed,modifier_only_seed,zmean_8h,level,mean_reversion_gate,"Mul(Neg(ZScore(ZScore(Mean(funding_rate,8)))),Sign(index_close))",basis_premium_like|funding_like,P1,role_mixed_allowed,True,skel_9bf9b7aa7b80877e,prod_3a737c342ecbe09d,a7ff24r_d1a7900d49224d91,shard_09
L3_state_conditioned_feature,funding_rate,index_close,funding_like,basis_premium_like,modifier_only_seed,modifier_only_seed,zmean_2h,level,mean_reversion_gate,"Mul(Neg(ZScore(ZScore(Mean(funding_rate,2)))),Sign(index_close))",basis_premium_like|funding_like,P1,role_mixed_allowed,True,skel_9bf9b7aa7b80877e,prod_4d9e36a15d877eed,a7ff24r_d1eb637e18f4760c,shard_09
L3_state_conditioned_feature,funding_rate,index_close,funding_like,basis_premium_like,modifier_only_seed,modifier_only_seed,zmean_4h,level,mean_reversion_gate,"Mul(Neg(ZScore(ZScore(Mean(funding_rate,4)))),Sign(index_close))",basis_premium_like|funding_like,P1,role_mixed_allowed,True,skel_9bf9b7aa7b80877e,prod_39b7442849811e45,a7ff24r_f06e45a7bd7749f8,shard_09
L3_state_conditioned_feature,funding_rate,mark_close,funding_like,basis_premium_like,modifier_only_seed,modifier_only_seed,zmean_4h,level,mean_reversion_gate,"Mul(Neg(ZScore(ZScore(Mean(funding_rate,4)))),Sign(mark_close))",basis_premium_like|funding_like,P1,role_mixed_allowed,True,skel_9bf9b7aa7b80877e,prod_2c69954eaa629d2f,a7ff24r_f49ffdff26a42ddb,shard_09
L3_state_conditioned_feature,funding_rate,mark_close,funding_like,basis_premium_like,modifier_only_seed,modifier_only_seed,zmean_1h,level,mean_reversion_gate,"Mul(Neg(ZScore(ZScore(Mean(funding_rate,1)))),Sign(mark_close))",basis_premium_like|funding_like,P1,role_mixed_allowed,True,skel_9bf9b7aa7b80877e,prod_f3387369c0bef8c8,a7ff24r_f9400f0c2b2243b5,shard_09
L3_state_conditioned_feature,funding_rate,mark_close,funding_like,basis_premium_like,modifier_only_seed,modifier_only_seed,zmean_8h,level,mean_reversion_gate,"Mul(Neg(ZScore(ZScore(Mean(funding_rate,8)))),Sign(mark_close))",basis_premium_like|funding_like,P1,role_mixed_allowed,True,skel_9bf9b7aa7b80877e,prod_f191240adc05298a,a7ff24r_fb4b9623354cfc90,shard_09
L3_state_conditioned_feature,funding_rate,index_close,funding_like,basis_premium_like,modifier_only_seed,modifier_only_seed,level,mean_8h,mean_reversion_gate,"Mul(Neg(ZScore(funding_rate)),Sign(Mean(index_close,8)))",basis_premium_like|funding_like,P1,role_mixed_allowed,True,skel_ac3a45a1120f7842,prod_5dd20081549b9625,a7ff24r_272ed3672fb338ef,shard_09
L3_state_conditioned_feature,funding_rate,index_close,funding_like,basis_premium_like,modifier_only_seed,modifier_only_seed,level,mean_2h,mean_reversion_gate,"Mul(Neg(ZScore(funding_rate)),Sign(Mean(index_close,2)))",basis_premium_like|funding_like,P1,role_mixed_allowed,True,skel_ac3a45a1120f7842,prod_0d954957c5e8f0b9,a7ff24r_284dc20ea98bbb0f,shard_09
L3_state_conditioned_feature,funding_rate,index_close,funding_like,basis_premium_like,modifier_only_seed,modifier_only_seed,level,delta_4h,mean_reversion_gate,"Mul(Neg(ZScore(funding_rate)),Sign(Delta(index_close,4)))",basis_premium_like|funding_like,P1,role_mixed_allowed,True,skel_ac3a45a1120f7842,prod_c9ba559f5f9bafb7,a7ff24r_2a0c7c6aefc932a9,shard_09
L3_state_conditioned_feature,funding_rate,mark_close,funding_like,basis_premium_like,modifier_only_seed,modifier_only_seed,level,delta_8h,mean_reversion_gate,"Mul(Neg(ZScore(funding_rate)),Sign(Delta(mark_close,8)))",basis_premium_like|funding_like,P1,role_mixed_allowed,True,skel_ac3a45a1120f7842,prod_c7f635229b46da5a,a7ff24r_32041f96444778a3,shard_09
L3_state_conditioned_feature,funding_rate,mark_close,funding_like,basis_premium_like,modifier_only_seed,modifier_only_seed,level,delta_1h,mean_reversion_gate,"Mul(Neg(ZScore(funding_rate)),Sign(Delta(mark_close,1)))",basis_premium_like|funding_like,P1,role_mixed_allowed,True,skel_ac3a45a1120f7842,prod_fa95e865dc66d310,a7ff24r_41a4132ece88bfea,shard_09
L3_state_conditioned_feature,funding_rate,index_close,funding_like,basis_premium_like,modifier_only_seed,modifier_only_seed,level,delta_2h,mean_reversion_gate,"Mul(Neg(ZScore(funding_rate)),Sign(Delta(index_close,2)))",basis_premium_like|funding_like,P1,role_mixed_allowed,True,skel_ac3a45a1120f7842,prod_159a3710a57e9136,a7ff24r_4620a26dc0b5c95d,shard_09
L3_state_conditioned_feature,funding_rate,mark_close,funding_like,basis_premium_like,modifier_only_seed,modifier_only_seed,level,delta_2h,mean_reversion_gate,"Mul(Neg(ZScore(funding_rate)),Sign(Delta(mark_close,2)))",basis_premium_like|funding_like,P1,role_mixed_allowed,True,skel_ac3a45a1120f7842,prod_b24b4f2bfa348a4a,a7ff24r_4f5b7ca54402a0af,shard_09
L3_state_conditioned_feature,funding_rate,mark_close,funding_like,basis_premium_like,modifier_only_seed,modifier_only_seed,level,mean_12h,mean_reversion_gate,"Mul(Neg(ZScore(funding_rate)),Sign(Mean(mark_close,12)))",basis_premium_like|funding_like,P1,role_mixed_allowed,True,skel_ac3a45a1120f7842,prod_b07e7b40162d6f04,a7ff24r_5127541d55a7915e,shard_09
L3_state_conditioned_feature,funding_rate,mark_close,funding_like,basis_premium_like,modifier_only_seed,modifier_only_seed,level,delta_4h,mean_reversion_gate,"Mul(Neg(ZScore(funding_rate)),Sign(Delta(mark_close,4)))",basis_premium_like|funding_like,P1,role_mixed_allowed,True,skel_ac3a45a1120f7842,prod_ec96c8270a4dbc9e,a7ff24r_69c59c4138d4d405,shard_09
L3_state_conditioned_feature,funding_rate,index_close,funding_like,basis_premium_like,modifier_only_seed,modifier_only_seed,level,mean_4h,mean_reversion_gate,"Mul(Neg(ZScore(funding_rate)),Sign(Mean(index_close,4)))",basis_premium_like|funding_like,P1,role_mixed_allowed,True,skel_ac3a45a1120f7842,prod_34ac39d6910fab65,a7ff24r_7dc8efdb8624f089,shard_09
L3_state_conditioned_feature,funding_rate,mark_close,funding_like,basis_premium_like,modifier_only_seed,modifier_only_seed,level,mean_4h,mean_reversion_gate,"Mul(Neg(ZScore(funding_rate)),Sign(Mean(mark_close,4)))",basis_premium_like|funding_like,P1,role_mixed_allowed,True,skel_ac3a45a1120f7842,prod_dcf7a12a501d55e1,a7ff24r_92b3daa33db183d1,shard_09
L3_state_conditioned_feature,funding_rate,mark_close,funding_like,basis_premium_like,modifier_only_seed,modifier_only_seed,level,delta_12h,mean_reversion_gate,"Mul(Neg(ZScore(funding_rate)),Sign(Delta(mark_close,12)))",basis_premium_like|funding_like,P1,role_mixed_allowed,True,skel_ac3a45a1120f7842,prod_5bc894456d4ac9fe,a7ff24r_c14ef383f36e9b93,shard_09
L3_state_conditioned_feature,funding_rate,index_close,funding_like,basis_premium_like,modifier_only_seed,modifier_only_seed,level,mean_12h,mean_reversion_gate,"Mul(Neg(ZScore(funding_rate)),Sign(Mean(index_close,12)))",basis_premium_like|funding_like,P1,role_mixed_allowed,True,skel_ac3a45a1120f7842,prod_46c2d8d46ebeccc3,a7ff24r_c4a43af0f7924f48,shard_09
L3_state_conditioned_feature,funding_rate,index_close,funding_like,basis_premium_like,modifier_only_seed,modifier_only_seed,level,delta_12h,mean_reversion_gate,"Mul(Neg(ZScore(funding_rate)),Sign(Delta(index_close,12)))",basis_premium_like|funding_like,P1,role_mixed_allowed,True,skel_ac3a45a1120f7842,prod_aef3215619c27f89,a7ff24r_c83fd5f72eaea24b,shard_09
L3_state_conditioned_feature,funding_rate,mark_close,funding_like,basis_premium_like,modifier_only_seed,modifier_only_seed,level,mean_8h,mean_reversion_gate,"Mul(Neg(ZScore(funding_rate)),Sign(Mean(mark_close,8)))",basis_premium_like|funding_like,P1,role_mixed_allowed,True,skel_ac3a45a1120f7842,prod_1c9e0c0790762e85,a7ff24r_c93c227114785f6d,shard_09
L3_state_conditioned_feature,funding_rate,mark_close,funding_like,basis_premium_like,modifier_only_seed,modifier_only_seed,level,mean_2h,mean_reversion_gate,"Mul(Neg(ZScore(funding_rate)),Sign(Mean(mark_close,2)))",basis_premium_like|funding_like,P1,role_mixed_allowed,True,skel_ac3a45a1120f7842,prod_f1347f1b775975c8,a7ff24r_cbfdc747fc3b3e2e,shard_09
L3_state_conditioned_feature,funding_rate,index_close,funding_like,basis_premium_like,modifier_only_seed,modifier_only_seed,level,delta_1h,mean_reversion_gate,"Mul(Neg(ZScore(funding_rate)),Sign(Delta(index_close,1)))",basis_premium_like|funding_like,P1,role_mixed_allowed,True,skel_ac3a45a1120f7842,prod_51b0982abac46514,a7ff24r_db5b785c3166eb46,shard_09
L3_state_conditioned_feature,funding_rate,index_close,funding_like,basis_premium_like,modifier_only_seed,modifier_only_seed,level,delta_8h,mean_reversion_gate,"Mul(Neg(ZScore(funding_rate)),Sign(Delta(index_close,8)))",basis_premium_like|funding_like,P1,role_mixed_allowed,True,skel_ac3a45a1120f7842,prod_354c909024c191d0,a7ff24r_e7b8f8df481eba1f,shard_09
L3_state_conditioned_feature,funding_rate,index_close,funding_like,basis_premium_like,modifier_only_seed,modifier_only_seed,level,mean_1h,mean_reversion_gate,"Mul(Neg(ZScore(funding_rate)),Sign(Mean(index_close,1)))",basis_premium_like|funding_like,P1,role_mixed_allowed,True,skel_ac3a45a1120f7842,prod_341fb2bb6494d8a4,a7ff24r_f3edcac01e25c4f5,shard_09
L3_state_conditioned_feature,funding_rate,mark_close,funding_like,basis_premium_like,modifier_only_seed,modifier_only_seed,level,mean_1h,mean_reversion_gate,"Mul(Neg(ZScore(funding_rate)),Sign(Mean(mark_close,1)))",basis_premium_like|funding_like,P1,role_mixed_allowed,True,skel_ac3a45a1120f7842,prod_b84826297eaffe0f,a7ff24r_fc39cf6d5b71210a,shard_09
L3_state_conditioned_feature,funding_rate,mark_close,funding_like,basis_premium_like,modifier_only_seed,modifier_only_seed,level,zmean_2h,mean_reversion_gate,"Mul(Neg(ZScore(funding_rate)),Sign(ZScore(Mean(mark_close,2))))",basis_premium_like|funding_like,P1,role_mixed_allowed,True,skel_bee202f15f6c9956,prod_94ed13c712c249bb,a7ff24r_0da227d205e178ac,shard_09
L3_state_conditioned_feature,funding_rate,mark_close,funding_like,basis_premium_like,modifier_only_seed,modifier_only_seed,level,zmean_4h,mean_reversion_gate,"Mul(Neg(ZScore(funding_rate)),Sign(ZScore(Mean(mark_close,4))))",basis_premium_like|funding_like,P1,role_mixed_allowed,True,skel_bee202f15f6c9956,prod_abc4fc64b2153a10,a7ff24r_1aea30c74119dcdf,shard_09
L3_state_conditioned_feature,funding_rate,index_close,funding_like,basis_premium_like,modifier_only_seed,modifier_only_seed,level,zmean_4h,mean_reversion_gate,"Mul(Neg(ZScore(funding_rate)),Sign(ZScore(Mean(index_close,4))))",basis_premium_like|funding_like,P1,role_mixed_allowed,True,skel_bee202f15f6c9956,prod_8b729e0fed4b963e,a7ff24r_37d1d783fe9bda1a,shard_09
L3_state_conditioned_feature,funding_rate,mark_close,funding_like,basis_premium_like,modifier_only_seed,modifier_only_seed,level,zmean_1h,mean_reversion_gate,"Mul(Neg(ZScore(funding_rate)),Sign(ZScore(Mean(mark_close,1))))",basis_premium_like|funding_like,P1,role_mixed_allowed,True,skel_bee202f15f6c9956,prod_8a34edfcaf22202a,a7ff24r_3e6922544ed740c6,shard_09
L3_state_conditioned_feature,funding_rate,index_close,funding_like,basis_premium_like,modifier_only_seed,modifier_only_seed,level,zmean_1h,mean_reversion_gate,"Mul(Neg(ZScore(funding_rate)),Sign(ZScore(Mean(index_close,1))))",basis_premium_like|funding_like,P1,role_mixed_allowed,True,skel_bee202f15f6c9956,prod_bb39b9dd0e252984,a7ff24r_4b79160086dfe059,shard_09
L3_state_conditioned_feature,funding_rate,index_close,funding_like,basis_premium_like,modifier_only_seed,modifier_only_seed,level,zmean_8h,mean_reversion_gate,"Mul(Neg(ZScore(funding_rate)),Sign(ZScore(Mean(index_close,8))))",basis_premium_like|funding_like,P1,role_mixed_allowed,True,skel_bee202f15f6c9956,prod_e573d9e577d0c438,a7ff24r_5ba56baccaeff778,shard_09
L3_state_conditioned_feature,funding_rate,index_close,funding_like,basis_premium_like,modifier_only_seed,modifier_only_seed,level,zmean_12h,mean_reversion_gate,"Mul(Neg(ZScore(funding_rate)),Sign(ZScore(Mean(index_close,12))))",basis_premium_like|funding_like,P1,role_mixed_allowed,True,skel_bee202f15f6c9956,prod_8d95f8367d2250fd,a7ff24r_a32edd9c5fde9934,shard_09
L3_state_conditioned_feature,funding_rate,mark_close,funding_like,basis_premium_like,modifier_only_seed,modifier_only_seed,level,zmean_8h,mean_reversion_gate,"Mul(Neg(ZScore(funding_rate)),Sign(ZScore(Mean(mark_close,8))))",basis_premium_like|funding_like,P1,role_mixed_allowed,True,skel_bee202f15f6c9956,prod_9f173c5ec1b23331,a7ff24r_c0184aa76297db25,shard_09
L3_state_conditioned_feature,funding_rate,mark_close,funding_like,basis_premium_like,modifier_only_seed,modifier_only_seed,level,zmean_12h,mean_reversion_gate,"Mul(Neg(ZScore(funding_rate)),Sign(ZScore(Mean(mark_close,12))))",basis_premium_like|funding_like,P1,role_mixed_allowed,True,skel_bee202f15f6c9956,prod_60b2862e6022e20f,a7ff24r_ca083ffbfb4d3257,shard_09
L3_state_conditioned_feature,funding_rate,index_close,funding_like,basis_premium_like,modifier_only_seed,modifier_only_seed,level,zmean_2h,mean_reversion_gate,"Mul(Neg(ZScore(funding_rate)),Sign(ZScore(Mean(index_close,2))))",basis_premium_like|funding_like,P1,role_mixed_allowed,True,skel_bee202f15f6c9956,prod_c43f31339a61efc7,a7ff24r_d8fb5cb97ad26582,shard_09
L3_state_conditioned_feature,funding_rate,index_close,funding_like,basis_premium_like,modifier_only_seed,modifier_only_seed,level,level,mean_reversion_gate,"Mul(Neg(ZScore(funding_rate)),Sign(index_close))",basis_premium_like|funding_like,P1,role_mixed_allowed,True,skel_ea6cf56ff46594b4,prod_b0c5c0990ad50630,a7ff24r_193c23c778f33c29,shard_09
L3_state_conditioned_feature,funding_rate,mark_close,funding_like,basis_premium_like,modifier_only_seed,modifier_only_seed,level,level,mean_reversion_gate,"Mul(Neg(ZScore(funding_rate)),Sign(mark_close))",basis_premium_like|funding_like,P1,role_mixed_allowed,True,skel_ea6cf56ff46594b4,prod_36f35e9e3824c48b,a7ff24r_9951eb3bae68ce09,shard_09
L3_state_conditioned_feature,funding_rate,index_close,funding_like,basis_premium_like,modifier_only_seed,modifier_only_seed,level,level,mul,"Mul(funding_rate,index_close)",basis_premium_like|funding_like,P1,role_mixed_allowed,True,skel_337820bc5afcf6cc,prod_3ec8ecedfaf8ec2c,a7ff24r_32f621b935c581e9,shard_09
L3_state_conditioned_feature,funding_rate,mark_close,funding_like,basis_premium_like,modifier_only_seed,modifier_only_seed,level,level,mul,"Mul(funding_rate,mark_close)",basis_premium_like|funding_like,P1,role_mixed_allowed,True,skel_337820bc5afcf6cc,prod_8f412ee3c59ebcf3,a7ff24r_c3dc1ea4cea85e8c,shard_09
L3_state_conditioned_feature,funding_rate,index_close,funding_like,basis_premium_like,modifier_only_seed,modifier_only_seed,zmean_2h,delta_4h,mul,"Mul(ZScore(Mean(funding_rate,2)),Delta(index_close,4))",basis_premium_like|funding_like,P1,role_mixed_allowed,True,skel_eaa129218e1e1a2f,prod_5608299df78cb070,a7ff24r_01a0e1f708302ccb,shard_09
L3_state_conditioned_feature,funding_rate,index_close,funding_like,basis_premium_like,modifier_only_seed,modifier_only_seed,zmean_4h,mean_8h,mul,"Mul(ZScore(Mean(funding_rate,4)),Mean(index_close,8))",basis_premium_like|funding_like,P1,role_mixed_allowed,True,skel_eaa129218e1e1a2f,prod_866a93c177b151a0,a7ff24r_04c4e0d56e6886ae,shard_09
L3_state_conditioned_feature,funding_rate,index_close,funding_like,basis_premium_like,modifier_only_seed,modifier_only_seed,zmean_1h,delta_1h,mul,"Mul(ZScore(Mean(funding_rate,1)),Delta(index_close,1))",basis_premium_like|funding_like,P1,role_mixed_allowed,True,skel_eaa129218e1e1a2f,prod_4b94dffb0f907ce1,a7ff24r_05828a4ac63830e4,shard_09
L3_state_conditioned_feature,funding_rate,index_close,funding_like,basis_premium_like,modifier_only_seed,modifier_only_seed,zmean_1h,mean_1h,mul,"Mul(ZScore(Mean(funding_rate,1)),Mean(index_close,1))",basis_premium_like|funding_like,P1,role_mixed_allowed,True,skel_eaa129218e1e1a2f,prod_ef5467bd84dfcbb5,a7ff24r_05a5d04c9bafbfc1,shard_09
L3_state_conditioned_feature,funding_rate,index_close,funding_like,basis_premium_like,modifier_only_seed,modifier_only_seed,zmean_2h,mean_1h,mul,"Mul(ZScore(Mean(funding_rate,2)),Mean(index_close,1))",basis_premium_like|funding_like,P1,role_mixed_allowed,True,skel_eaa129218e1e1a2f,prod_1b9d1f4aeca41325,a7ff24r_0620f82503409f2c,shard_09
L3_state_conditioned_feature,funding_rate,index_close,funding_like,basis_premium_like,modifier_only_seed,modifier_only_seed,zmean_4h,delta_4h,mul,"Mul(ZScore(Mean(funding_rate,4)),Delta(index_close,4))",basis_premium_like|funding_like,P1,role_mixed_allowed,True,skel_eaa129218e1e1a2f,prod_a1dbe56e144cf283,a7ff24r_0e69d1a56ba85c8e,shard_09
L3_state_conditioned_feature,funding_rate,index_close,funding_like,basis_premium_like,modifier_only_seed,modifier_only_seed,zmean_12h,mean_1h,mul,"Mul(ZScore(Mean(funding_rate,12)),Mean(index_close,1))",basis_premium_like|funding_like,P1,role_mixed_allowed,True,skel_eaa129218e1e1a2f,prod_37b29beaa05badbc,a7ff24r_0f8a76a56931a5d3,shard_09
L3_state_conditioned_feature,funding_rate,mark_close,funding_like,basis_premium_like,modifier_only_seed,modifier_only_seed,zmean_2h,delta_2h,mul,"Mul(ZScore(Mean(funding_rate,2)),Delta(mark_close,2))",basis_premium_like|funding_like,P1,role_mixed_allowed,True,skel_eaa129218e1e1a2f,prod_e34b97a22c6739a8,a7ff24r_12a1a47db6430207,shard_09
L3_state_conditioned_feature,funding_rate,index_close,funding_like,basis_premium_like,modifier_only_seed,modifier_only_seed,zmean_1h,mean_8h,mul,"Mul(ZScore(Mean(funding_rate,1)),Mean(index_close,8))",basis_premium_like|funding_like,P1,role_mixed_allowed,True,skel_eaa129218e1e1a2f,prod_4663f70fb2d608da,a7ff24r_14d2439938b6ad8c,shard_09
L3_state_conditioned_feature,funding_rate,index_close,funding_like,basis_premium_like,modifier_only_seed,modifier_only_seed,zmean_8h,mean_1h,mul,"Mul(ZScore(Mean(funding_rate,8)),Mean(index_close,1))",basis_premium_like|funding_like,P1,role_mixed_allowed,True,skel_eaa129218e1e1a2f,prod_c1b21264aa1dc586,a7ff24r_168e5098c668b267,shard_09
L3_state_conditioned_feature,funding_rate,index_close,funding_like,basis_premium_like,modifier_only_seed,modifier_only_seed,zmean_2h,mean_4h,mul,"Mul(ZScore(Mean(funding_rate,2)),Mean(index_close,4))",basis_premium_like|funding_like,P1,role_mixed_allowed,True,skel_eaa129218e1e1a2f,prod_b953310a550d8b0f,a7ff24r_1f52bb0f48411e1d,shard_09
L3_state_conditioned_feature,funding_rate,mark_close,funding_like,basis_premium_like,modifier_only_seed,modifier_only_seed,zmean_2h,mean_2h,mul,"Mul(ZScore(Mean(funding_rate,2)),Mean(mark_close,2))",basis_premium_like|funding_like,P1,role_mixed_allowed,True,skel_eaa129218e1e1a2f,prod_aa74f6beaba39b46,a7ff24r_1feda3e889e7c1b2,shard_09
L3_state_conditioned_feature,funding_rate,index_close,funding_like,basis_premium_like,modifier_only_seed,modifier_only_seed,zmean_4h,mean_12h,mul,"Mul(ZScore(Mean(funding_rate,4)),Mean(index_close,12))",basis_premium_like|funding_like,P1,role_mixed_allowed,True,skel_eaa129218e1e1a2f,prod_671a97a75d8af9ea,a7ff24r_207147396b763c4d,shard_09
L3_state_conditioned_feature,funding_rate,index_close,funding_like,basis_premium_like,modifier_only_seed,modifier_only_seed,zmean_1h,delta_12h,mul,"Mul(ZScore(Mean(funding_rate,1)),Delta(index_close,12))",basis_premium_like|funding_like,P1,role_mixed_allowed,True,skel_eaa129218e1e1a2f,prod_4697a10b3b8f7b2f,a7ff24r_22f433592bb4ac45,shard_09
L3_state_conditioned_feature,funding_rate,index_close,funding_like,basis_premium_like,modifier_only_seed,modifier_only_seed,zmean_8h,delta_1h,mul,"Mul(ZScore(Mean(funding_rate,8)),Delta(index_close,1))",basis_premium_like|funding_like,P1,role_mixed_allowed,True,skel_eaa129218e1e1a2f,prod_c8aac853c0060dd3,a7ff24r_23409e049c5e8571,shard_09
L3_state_conditioned_feature,funding_rate,index_close,funding_like,basis_premium_like,modifier_only_seed,modifier_only_seed,zmean_12h,delta_4h,mul,"Mul(ZScore(Mean(funding_rate,12)),Delta(index_close,4))",basis_premium_like|funding_like,P1,role_mixed_allowed,True,skel_eaa129218e1e1a2f,prod_96940c56176e103e,a7ff24r_2792a4809be0c626,shard_09
L3_state_conditioned_feature,funding_rate,index_close,funding_like,basis_premium_like,modifier_only_seed,modifier_only_seed,zmean_12h,delta_12h,mul,"Mul(ZScore(Mean(funding_rate,12)),Delta(index_close,12))",basis_premium_like|funding_like,P1,role_mixed_allowed,True,skel_eaa129218e1e1a2f,prod_3cf879c4f9f12a06,a7ff24r_2adfa5fa4ea58685,shard_09
L3_state_conditioned_feature,funding_rate,mark_close,funding_like,basis_premium_like,modifier_only_seed,modifier_only_seed,zmean_1h,mean_2h,mul,"Mul(ZScore(Mean(funding_rate,1)),Mean(mark_close,2))",basis_premium_like|funding_like,P1,role_mixed_allowed,True,skel_eaa129218e1e1a2f,prod_0ae29458538f2fbd,a7ff24r_2bec0cbe58c4577a,shard_09
L3_state_conditioned_feature,funding_rate,mark_close,funding_like,basis_premium_like,modifier_only_seed,modifier_only_seed,zmean_4h,mean_1h,mul,"Mul(ZScore(Mean(funding_rate,4)),Mean(mark_close,1))",basis_premium_like|funding_like,P1,role_mixed_allowed,True,skel_eaa129218e1e1a2f,prod_b21f9326df8c1b0f,a7ff24r_2c9f5cfe58bde6d5,shard_09
L3_state_conditioned_feature,funding_rate,mark_close,funding_like,basis_premium_like,modifier_only_seed,modifier_only_seed,zmean_2h,delta_1h,mul,"Mul(ZScore(Mean(funding_rate,2)),Delta(mark_close,1))",basis_premium_like|funding_like,P1,role_mixed_allowed,True,skel_eaa129218e1e1a2f,prod_25011798c8c3f3dd,a7ff24r_3394c4acb3c98b8c,shard_09
L3_state_conditioned_feature,funding_rate,index_close,funding_like,basis_premium_like,modifier_only_seed,modifier_only_seed,zmean_8h,delta_8h,mul,"Mul(ZScore(Mean(funding_rate,8)),Delta(index_close,8))",basis_premium_like|funding_like,P1,role_mixed_allowed,True,skel_eaa129218e1e1a2f,prod_a142073ba8484da7,a7ff24r_35b6a0a3d63f1361,shard_09
L3_state_conditioned_feature,funding_rate,index_close,funding_like,basis_premium_like,modifier_only_seed,modifier_only_seed,zmean_12h,delta_1h,mul,"Mul(ZScore(Mean(funding_rate,12)),Delta(index_close,1))",basis_premium_like|funding_like,P1,role_mixed_allowed,True,skel_eaa129218e1e1a2f,prod_25963133e673556c,a7ff24r_36ad081dea0aaaf7,shard_09
L3_state_conditioned_feature,funding_rate,mark_close,funding_like,basis_premium_like,modifier_only_seed,modifier_only_seed,zmean_4h,delta_4h,mul,"Mul(ZScore(Mean(funding_rate,4)),Delta(mark_close,4))",basis_premium_like|funding_like,P1,role_mixed_allowed,True,skel_eaa129218e1e1a2f,prod_137f2ef9f4802ec0,a7ff24r_3842eba63afaf43e,shard_09
L3_state_conditioned_feature,funding_rate,mark_close,funding_like,basis_premium_like,modifier_only_seed,modifier_only_seed,zmean_4h,mean_8h,mul,"Mul(ZScore(Mean(funding_rate,4)),Mean(mark_close,8))",basis_premium_like|funding_like,P1,role_mixed_allowed,True,skel_eaa129218e1e1a2f,prod_e263dfc628ee3253,a7ff24r_40e79483a2552c48,shard_09
L3_state_conditioned_feature,funding_rate,index_close,funding_like,basis_premium_like,modifier_only_seed,modifier_only_seed,zmean_1h,mean_4h,mul,"Mul(ZScore(Mean(funding_rate,1)),Mean(index_close,4))",basis_premium_like|funding_like,P1,role_mixed_allowed,True,skel_eaa129218e1e1a2f,prod_6076521986d89d27,a7ff24r_4c9481ad83c39f91,shard_09
L3_state_conditioned_feature,funding_rate,mark_close,funding_like,basis_premium_like,modifier_only_seed,modifier_only_seed,zmean_1h,delta_2h,mul,"Mul(ZScore(Mean(funding_rate,1)),Delta(mark_close,2))",basis_premium_like|funding_like,P1,role_mixed_allowed,True,skel_eaa129218e1e1a2f,prod_4966970981204130,a7ff24r_55ef3e576781220d,shard_09
L3_state_conditioned_feature,funding_rate,index_close,funding_like,basis_premium_like,modifier_only_seed,modifier_only_seed,zmean_12h,mean_2h,mul,"Mul(ZScore(Mean(funding_rate,12)),Mean(index_close,2))",basis_premium_like|funding_like,P1,role_mixed_allowed,True,skel_eaa129218e1e1a2f,prod_adf4dc127ce03d17,a7ff24r_58b732e56aed328e,shard_09
L3_state_conditioned_feature,funding_rate,index_close,funding_like,basis_premium_like,modifier_only_seed,modifier_only_seed,zmean_12h,mean_8h,mul,"Mul(ZScore(Mean(funding_rate,12)),Mean(index_close,8))",basis_premium_like|funding_like,P1,role_mixed_allowed,True,skel_eaa129218e1e1a2f,prod_480291595c1edc74,a7ff24r_5a7b58abbf00390d,shard_09
