blueprint_id,semantic_pair,motif,skeleton_key,expression,horizon_h,diagnostic_composite_score,overall_reward,train_sortino,validation_sortino,test_sortino,recent_sortino,stress_sortino,recent_sharpe,recent_ic,recent_rankic,recent_net_mean,recent_max_drawdown,recent_avg_turnover,recent_capacity_proxy,recent_control_ratio,recent_shuffle_control_ratio,oos_positive_split_count,hard_reject,hard_reject_reasons,min_oos_sortino,obj_recent_sortino,obj_min_oos_sortino,obj_recent_sharpe,obj_recent_rankic,obj_stress_sortino,obj_neg_recent_drawdown,obj_neg_recent_turnover,obj_neg_shuffle_control_ratio,objective_pass_count,gate_pass,pareto_rank,pareto_front,dominance_count,dominates_count
a7ls30_fea76deef615bc91,basis_premium_like|positioning_like,safe_div_abs,basis_premium_like|positioning_like|safe_div_abs|044c7da54852,"SafeDiv(TSRank(mark_index_basis_bps,72),Abs(Decay(account_position_divergence,48)))",8,6.130211985057072,6.130211985057072,-1.8966477194927407,1.1386691465174414,10.65887560308575,13.01461971381957,6.198109002856453,6.191978794295623,0.025328427159881716,0.032227407232689936,0.0008717349908531905,-0.15088287500302555,0.34138937114197526,8352937.587253239,1.3916205880599426,0.5113882268043646,3,False,,1.1386691465174414,13.01461971381957,1.1386691465174414,6.191978794295623,0.032227407232689936,6.198109002856453,-0.15088287500302555,-0.34138937114197526,-0.5113882268043646,7,True,1,True,0,34
a7ls30_32f8844234cc65fc,open_interest_like|positioning_like,safe_div_abs,open_interest_like|positioning_like|safe_div_abs|7946a7d9baa2,"SafeDiv(ZScore(Mean(open_interest_value_last,504)),Abs(Mean(account_position_divergence,96)))",24,4.447225585960888,4.447225585960888,2.60547134675401,5.807372950621256,25.16428009751352,7.307378412929296,3.034124615017257,3.6205613945992443,0.020104489208935164,0.026675361270321607,0.0013943733797084547,-0.5041799375266642,0.005429566936728412,13856108.7638315,1.0038939110656073,0.8269167529191366,3,False,,5.807372950621256,7.307378412929296,5.807372950621256,3.6205613945992443,0.026675361270321607,3.034124615017257,-0.5041799375266642,-0.005429566936728412,-0.8269167529191366,7,True,1,True,0,4
a7ls30_d8cd238d99bfbf7e,basis_premium_like|positioning_like,spread_rank,basis_premium_like|positioning_like|spread_rank|39537d3da263,"Mul(Sub(CSRank(Delta(mark_index_basis_bps,168)),CSRank(Decay(top_long_short_account_ratio_last,96))),Sign(Decay(liquidity_cycle_state,24)))",24,2.315042714614383,2.315042714614383,11.976842967093564,-0.3890434971060479,7.120482724530077,5.985564005474174,-3.746793500910016,3.0014808138196445,0.015780545259150083,0.025297193171638515,0.0013253737773634027,-0.5011966623002566,0.3828598610705782,7276071.941531989,1.2888693486477014,0.6818692330709722,3,False,,-0.3890434971060479,5.985564005474174,-0.3890434971060479,3.0014808138196445,0.025297193171638515,-3.746793500910016,-0.5011966623002566,-0.3828598610705782,-0.6818692330709722,5,False,2,False,1,0
a7ls30_e28475cc7ab18510,basis_premium_like|positioning_like,signed_spread,basis_premium_like|positioning_like|signed_spread|9c1b34b8bcf4,"Mul(Mul(Sub(CSRank(Delta(mark_index_basis_bps,168)),CSRank(Decay(global_long_short_account_ratio_mean,96))),Sign(Decay(global_long_short_account_ratio_mean,6))),Sign(Decay(liquidity_cycle_state,24)))",24,2.2737712255661884,2.2737712255661884,6.482067138429453,0.22247176259341134,9.918965984259806,5.617059870634354,-3.746793500910016,2.8244829758261423,0.01407399200631388,0.022424491703965613,0.0012582435208948763,-0.4960620238389367,0.38260587893996145,6634299.785778849,1.3040793544986977,0.5702169077046354,3,False,,0.22247176259341134,5.617059870634354,0.22247176259341134,2.8244829758261423,0.022424491703965613,-3.746793500910016,-0.4960620238389367,-0.38260587893996145,-0.5702169077046354,6,True,2,False,1,1
a7ls30_c94e306c3e19bd08,open_interest_like|positioning_like,safe_div_abs,open_interest_like|positioning_like|safe_div_abs|7946a7d9baa2,"SafeDiv(ZScore(Mean(open_interest_value_last,240)),Abs(Mean(account_position_divergence,72)))",8,5.29709116921358,5.29709116921358,2.547988241840184,8.591166489821287,20.780366292578343,8.048541921401895,2.982914928224854,4.36183502231291,0.011891415892601934,0.021035219212655807,0.0005395605823637467,-0.21228641027697048,0.006371768904321008,13863832.97587695,1.0118091797302877,0.5806525381259608,3,False,,8.048541921401895,8.048541921401895,8.048541921401895,4.36183502231291,0.021035219212655807,2.982914928224854,-0.21228641027697048,-0.006371768904321008,-0.5806525381259608,7,True,1,True,0,30
a7ls30_c139d322017158f7,open_interest_like|positioning_like,safe_div_abs,open_interest_like|positioning_like|safe_div_abs|c35df304e3ff,"SafeDiv(SafeDiv(ZScore(Mean(open_interest_value_last,4)),Abs(Mean(account_position_divergence,96))),Abs(ZScore(Mean(open_interest_last,168))))",24,4.272654503809208,4.272654503809208,1.4631902341038934,5.289023567273699,21.38203076941563,7.333923899304577,1.3938855072273055,3.6807566882746254,0.018803781875175382,0.020846741562961055,0.001340891380842003,-0.4806140692808041,0.005397014853395085,13934986.095621835,1.0040249448437666,0.567812542250479,3,False,,5.289023567273699,7.333923899304577,5.289023567273699,3.6807566882746254,0.020846741562961055,1.3938855072273055,-0.4806140692808041,-0.005397014853395085,-0.567812542250479,7,True,1,True,0,10
a7ls30_32f8844234cc65fc,open_interest_like|positioning_like,safe_div_abs,open_interest_like|positioning_like|safe_div_abs|7946a7d9baa2,"SafeDiv(ZScore(Mean(open_interest_value_last,504)),Abs(Mean(account_position_divergence,96)))",8,5.078602241636328,5.078602241636328,1.6595007452975745,7.888749865330507,17.00626977919223,7.698355664713439,3.072014787254769,4.212020495476663,0.01126243666586588,0.01860821578232047,0.0005206469238902545,-0.2162002760381052,0.005429566936728412,13856108.7638315,1.0104284990022232,0.7802251486596201,3,False,,7.698355664713439,7.698355664713439,7.698355664713439,4.212020495476663,0.01860821578232047,3.072014787254769,-0.2162002760381052,-0.005429566936728412,-0.7802251486596201,7,True,1,True,0,12
a7ls30_c139d322017158f7,open_interest_like|positioning_like,safe_div_abs,open_interest_like|positioning_like|safe_div_abs|c35df304e3ff,"SafeDiv(SafeDiv(ZScore(Mean(open_interest_value_last,4)),Abs(Mean(account_position_divergence,96))),Abs(ZScore(Mean(open_interest_last,168))))",8,5.0327389687871085,5.0327389687871085,1.3220587797779657,7.835980280939494,14.841925988578875,7.768149918057752,1.736413564971182,4.134443279927789,0.010799824574239445,0.01636487841330432,0.000502520393066281,-0.21030549547227662,0.005397014853395085,13934986.095621835,1.0107398901957476,0.5735134392544289,3,False,,7.768149918057752,7.768149918057752,7.768149918057752,4.134443279927789,0.01636487841330432,1.736413564971182,-0.21030549547227662,-0.005397014853395085,-0.5735134392544289,7,True,1,True,0,34
a7ls30_32f8844234cc65fc,open_interest_like|positioning_like,safe_div_abs,open_interest_like|positioning_like|safe_div_abs|7946a7d9baa2,"SafeDiv(ZScore(Mean(open_interest_value_last,504)),Abs(Mean(account_position_divergence,96)))",4,5.349537928979012,5.349537928979012,0.748960699121523,8.735881716209885,15.619900754698179,8.039814440490163,3.498728530855077,4.586683667185654,0.008686809206484404,0.01547336214192268,0.000262774438564757,-0.11618188503601001,0.005429566936728412,13856108.7638315,1.0206624584404853,0.6043078091368782,3,False,,8.039814440490163,8.039814440490163,8.039814440490163,4.586683667185654,0.01547336214192268,3.498728530855077,-0.11618188503601001,-0.005429566936728412,-0.6043078091368782,7,True,1,True,0,31
a7ls30_36a64a5234cd84b4,basis_premium_like|positioning_like,sub,basis_premium_like|positioning_like|sub|dafa24409e7b,"Sub(Delta(mark_index_basis_bps,3),ZScore(Mean(global_long_short_account_ratio_mean,504)))",1,-7.379993631393672,-7.379993631393672,-21.460611184479546,-17.661349782381926,-2.59235326990001,-3.0376296229989355,-17.18209186916237,-2.0202340293425647,0.023440177135256278,0.03822422662698175,-3.670051495502314e-05,-0.06327589238744613,0.6014521846064815,3437482.228502337,15.388112536171628,7.841104429355491,0,True,recent_sortino_non_positive;oos_net_mean_not_all_positive;shuffle_control_dominated_recent,-17.661349782381926,-3.0376296229989355,-17.661349782381926,-2.0202340293425647,0.03822422662698175,-17.18209186916237,-0.06327589238744613,-0.6014521846064815,-7.841104429355491,1,False,1,True,0,0
a7ls30_2bc60eab9b22836c,basis_premium_like|positioning_like,spread_rank,basis_premium_like|positioning_like|spread_rank|34e08c702bd3,"ZScore(Sub(CSRank(Delta(mark_index_basis_bps,24)),CSRank(top_long_short_account_ratio_mean)))",1,1.138122056077212,1.138122056077212,-14.85815653009868,-16.777155489780323,4.2716722014277435,11.861423399812107,-10.901457677284414,7.211974792500568,0.027126837760294165,0.03763110705088442,0.00012238028731871407,-0.02805280311855196,0.4011841219761842,7648562.216739155,4.278175974968971,2.1510866824623447,2,True,oos_net_mean_not_all_positive;shuffle_control_dominated_recent,-16.777155489780323,11.861423399812107,-16.777155489780323,7.211974792500568,0.03763110705088442,-10.901457677284414,-0.02805280311855196,-0.4011841219761842,-2.1510866824623447,3,False,1,True,0,21
a7ls30_fea76deef615bc91,basis_premium_like|positioning_like,safe_div_abs,basis_premium_like|positioning_like|safe_div_abs|044c7da54852,"SafeDiv(TSRank(mark_index_basis_bps,72),Abs(Decay(account_position_divergence,48)))",1,3.022327223374984,3.022327223374984,-12.563216871156705,-6.842670634352138,14.830450604231125,10.182720325798133,2.339793259105036,6.473139059701118,0.026711254098742237,0.035688311308818825,0.0001182668262890603,-0.02756879832964043,0.34138937114197526,8352937.587253239,3.8866029297257896,2.3943603842132704,2,True,oos_net_mean_not_all_positive;shuffle_control_dominated_recent,-6.842670634352138,10.182720325798133,-6.842670634352138,6.473139059701118,0.035688311308818825,2.339793259105036,-0.02756879832964043,-0.34138937114197526,-2.3943603842132704,4,False,1,True,0,56
a7ls30_33ecc47732357ffd,basis_premium_like|positioning_like,sub,basis_premium_like|positioning_like|sub|14efb824814f,"CSRank(ZScore(Sub(Delta(mark_index_basis_bps,2),ZScore(Mean(global_long_short_account_ratio_mean,48)))))",1,-7.8159086457216915,-7.8159086457216915,-25.228188545062533,-17.414499655240736,-4.35108146387523,-5.806138404714535,-19.55147176467802,-4.085108003731768,0.023614852637517635,0.03487513510629793,-7.524698962960854e-05,-0.07954528406789207,0.6170163001543211,3483948.870656619,7.199880101404808,4.143697823210258,0,True,recent_sortino_non_positive;oos_net_mean_not_all_positive;shuffle_control_dominated_recent,-17.414499655240736,-5.806138404714535,-17.414499655240736,-4.085108003731768,0.03487513510629793,-19.55147176467802,-0.07954528406789207,-0.6170163001543211,-4.143697823210258,1,False,2,False,2,1
a7ls30_451577ad82d30caa,basis_premium_like|positioning_like,sub,basis_premium_like|positioning_like|sub|26e39be96a8e,"ZScore(ZScore(Sub(Delta(mark_index_basis_bps,2),ZScore(Mean(global_long_short_account_ratio_mean,48)))))",1,-8.188745184354858,-8.188745184354858,-25.228188545062533,-17.414499655240736,-4.35108146387523,-5.806138404714535,-19.55147176467802,-4.085108003731768,0.023614852637517635,0.03487513510629793,-7.524698962960854e-05,-0.07954528406789207,0.6170163001543211,3483948.870656619,7.199880101404808,5.635043977742918,0,True,recent_sortino_non_positive;oos_net_mean_not_all_positive;shuffle_control_dominated_recent,-17.414499655240736,-5.806138404714535,-17.414499655240736,-4.085108003731768,0.03487513510629793,-19.55147176467802,-0.07954528406789207,-0.6170163001543211,-5.635043977742918,1,False,3,False,3,0
a7ls30_6f2b941b021e82f7,basis_premium_like|positioning_like,sub,basis_premium_like|positioning_like|sub|292687a85c11,"ZScore(CSRank(Sub(Delta(mark_index_basis_bps,2),ZScore(Mean(global_long_short_account_ratio_last,72)))))",1,-7.769972285969773,-7.769972285969773,-25.26386535440625,-17.23438588036831,-4.267983941358129,-5.859379324255301,-19.687010439922723,-4.12537170861404,0.023553151743054807,0.03484779139507835,-7.594207376200808e-05,-0.07974281180587861,0.6170428240740741,3479380.6701960135,7.125177340858815,3.9777821210595135,0,True,recent_sortino_non_positive;oos_net_mean_not_all_positive;shuffle_control_dominated_recent,-17.23438588036831,-5.859379324255301,-17.23438588036831,-4.12537170861404,0.03484779139507835,-19.687010439922723,-0.07974281180587861,-0.6170428240740741,-3.9777821210595135,1,False,2,False,2,4
a7ls30_341cd78f56c67526,basis_premium_like|positioning_like,sub,basis_premium_like|positioning_like|sub|584ce409427d,"Abs(CSRank(Sub(Delta(mark_index_basis_bps,2),ZScore(Mean(global_long_short_account_ratio_last,72)))))",1,-7.887359982027668,-7.887359982027668,-25.26386535440625,-17.23438588036831,-4.267983941358129,-5.859379324255301,-19.687010439922723,-4.12537170861404,0.023553151743054807,0.03484779139507835,-7.594207376200808e-05,-0.07974281180587861,0.6170428240740741,3479380.6701960135,7.125177340858815,4.447332905291094,0,True,recent_sortino_non_positive;oos_net_mean_not_all_positive;shuffle_control_dominated_recent,-17.23438588036831,-5.859379324255301,-17.23438588036831,-4.12537170861404,0.03484779139507835,-19.687010439922723,-0.07974281180587861,-0.6170428240740741,-4.447332905291094,1,False,3,False,3,3
a7ls30_b94cec1be1a8a71e,basis_premium_like|positioning_like,sub,basis_premium_like|positioning_like|sub|85c776d0988d,"ZScore(Sub(Delta(mark_index_basis_bps,2),ZScore(Mean(global_long_short_account_ratio_last,72))))",1,-7.908751157429656,-7.908751157429656,-25.26386535440625,-17.23438588036831,-4.267983941358129,-5.859379324255301,-19.687010439922723,-4.12537170861404,0.023553151743054807,0.03484779139507835,-7.594207376200808e-05,-0.07974281180587861,0.6170428240740741,3479380.6701960135,7.125177340858815,4.532897606899042,0,True,recent_sortino_non_positive;oos_net_mean_not_all_positive;shuffle_control_dominated_recent,-17.23438588036831,-5.859379324255301,-17.23438588036831,-4.12537170861404,0.03484779139507835,-19.687010439922723,-0.07974281180587861,-0.6170428240740741,-4.532897606899042,1,False,4,False,4,2
a7ls30_68fbfa3ddeb94a0e,basis_premium_like|positioning_like,sub,basis_premium_like|positioning_like|sub|13f7c2fd5abb,"CSRank(CSRank(Sub(Delta(mark_index_basis_bps,2),ZScore(Mean(global_long_short_account_ratio_last,72)))))",1,-7.938410595759,-7.938410595759,-25.26386535440625,-17.23438588036831,-4.267983941358129,-5.859379324255301,-19.687010439922723,-4.12537170861404,0.023553151743054807,0.03484779139507835,-7.594207376200808e-05,-0.07974281180587861,0.6170428240740741,3479380.6701960135,7.125177340858815,4.651535360216421,0,True,recent_sortino_non_positive;oos_net_mean_not_all_positive;shuffle_control_dominated_recent,-17.23438588036831,-5.859379324255301,-17.23438588036831,-4.12537170861404,0.03484779139507835,-19.687010439922723,-0.07974281180587861,-0.6170428240740741,-4.651535360216421,1,False,5,False,5,1
a7ls30_4ccf03d3ec71426c,basis_premium_like|positioning_like,sub,basis_premium_like|positioning_like|sub|5ee8ba0e7554,"Clip(CSRank(Sub(Delta(mark_index_basis_bps,2),ZScore(Mean(global_long_short_account_ratio_last,72)))),-3,3)",1,-7.978031175660136,-7.978031175660136,-25.26386535440625,-17.23438588036831,-4.267983941358129,-5.859379324255301,-19.687010439922723,-4.12537170861404,0.023553151743054807,0.03484779139507835,-7.594207376200808e-05,-0.07974281180587861,0.6170428240740741,3479380.6701960135,7.125177340858815,4.810017679820964,0,True,recent_sortino_non_positive;oos_net_mean_not_all_positive;shuffle_control_dominated_recent,-17.23438588036831,-5.859379324255301,-17.23438588036831,-4.12537170861404,0.03484779139507835,-19.687010439922723,-0.07974281180587861,-0.6170428240740741,-4.810017679820964,1,False,6,False,6,0
a7ls30_150573fdb0aa8b61,basis_premium_like|positioning_like,sub,basis_premium_like|positioning_like|sub|5cabff0304fd,"ZScore(ZScore(CSRank(Sub(Delta(mark_index_basis_bps,2),ZScore(Mean(global_long_short_account_ratio_mean,72))))))",1,-7.858903388710021,-7.858903388710021,-25.293559827726874,-17.22143672299903,-4.283818945022471,-5.871622148147281,-19.68898409532981,-4.134336306064978,0.02353506621780755,0.03484357420949239,-7.61061207929765e-05,-0.07977482428044735,0.6170506606867283,3479380.6701960135,7.107766460170269,4.320882601203414,0,True,recent_sortino_non_positive;oos_net_mean_not_all_positive;shuffle_control_dominated_recent,-17.22143672299903,-5.871622148147281,-17.22143672299903,-4.134336306064978,0.03484357420949239,-19.68898409532981,-0.07977482428044735,-0.6170506606867283,-4.320882601203414,1,False,2,False,2,2
a7ls30_21e8ebc64f3435ba,basis_premium_like|positioning_like,sub,basis_premium_like|positioning_like|sub|070ce37e4cd6,"CSRank(ZScore(CSRank(Sub(Delta(mark_index_basis_bps,2),ZScore(Mean(global_long_short_account_ratio_mean,72))))))",1,-8.079427669671187,-8.079427669671187,-25.293559827726874,-17.22143672299903,-4.283818945022471,-5.871622148147281,-19.68898409532981,-4.134336306064978,0.02353506621780755,0.03484357420949239,-7.61061207929765e-05,-0.07977482428044735,0.6170506606867283,3479380.6701960135,7.107766460170269,5.202979725048078,0,True,recent_sortino_non_positive;oos_net_mean_not_all_positive;shuffle_control_dominated_recent,-17.22143672299903,-5.871622148147281,-17.22143672299903,-4.134336306064978,0.03484357420949239,-19.68898409532981,-0.07977482428044735,-0.6170506606867283,-5.202979725048078,1,False,3,False,3,1
a7ls30_d08f95a94138f2ce,basis_premium_like|positioning_like,sub,basis_premium_like|positioning_like|sub|e0883c6bb011,"Clip(ZScore(CSRank(Sub(Delta(mark_index_basis_bps,2),ZScore(Mean(global_long_short_account_ratio_mean,72))))),-3,3)",1,-8.167573211230003,-8.167573211230003,-25.293559827726874,-17.22143672299903,-4.283818945022471,-5.871622148147281,-19.68898409532981,-4.134336306064978,0.02353506621780755,0.03484357420949239,-7.61061207929765e-05,-0.07977482428044735,0.6170506606867283,3479380.6701960135,7.107766460170269,5.555561891283345,0,True,recent_sortino_non_positive;oos_net_mean_not_all_positive;shuffle_control_dominated_recent,-17.22143672299903,-5.871622148147281,-17.22143672299903,-4.134336306064978,0.03484357420949239,-19.68898409532981,-0.07977482428044735,-0.6170506606867283,-5.555561891283345,1,False,4,False,4,0
a7ls30_082036266bf6ec38,basis_premium_like|positioning_like,sub,basis_premium_like|positioning_like|sub|14efb824814f,"CSRank(ZScore(Sub(Delta(mark_index_basis_bps,2),ZScore(Mean(global_long_short_account_ratio_mean,36)))))",1,-8.142639271258577,-8.142639271258577,-25.20763299837613,-17.44048907626641,-4.31716225493807,-5.830427670554288,-19.42891034131908,-4.104371452305798,0.02361766347085632,0.03478986665793816,-7.560327172022968e-05,-0.07947858961357945,0.6170524691358025,3482358.6515673767,7.161716390495535,5.407790861675067,0,True,recent_sortino_non_positive;oos_net_mean_not_all_positive;shuffle_control_dominated_recent,-17.44048907626641,-5.830427670554288,-17.44048907626641,-4.104371452305798,0.03478986665793816,-19.42891034131908,-0.07947858961357945,-0.6170524691358025,-5.407790861675067,1,False,2,False,2,0
a7ls30_6c19daf6a3591792,basis_premium_like|positioning_like,sub,basis_premium_like|positioning_like|sub|dafa24409e7b,"Sub(Delta(mark_index_basis_bps,2),ZScore(Mean(global_long_short_account_ratio_last,24)))",1,-7.769217005586318,-7.769217005586318,-25.07818811168581,-17.339551064203608,-4.334778293858529,-5.822814082255597,-19.330835967934206,-4.097459287895703,0.02363978765849996,0.03478678915356696,-7.552029146893874e-05,-0.0795325058767482,0.617017505787037,3439444.151661545,7.170221361905007,4.029096421055845,0,True,recent_sortino_non_positive;oos_net_mean_not_all_positive;shuffle_control_dominated_recent,-17.339551064203608,-5.822814082255597,-17.339551064203608,-4.097459287895703,0.03478678915356696,-19.330835967934206,-0.0795325058767482,-0.617017505787037,-4.029096421055845,1,False,2,False,2,1
a7ls30_adbdfc820f520cae,basis_premium_like|positioning_like,sub,basis_premium_like|positioning_like|sub|038dfebf59b8,"CSRank(Sub(Delta(mark_index_basis_bps,2),ZScore(Mean(global_long_short_account_ratio_last,24))))",1,-7.844613493170666,-7.844613493170666,-25.07818811168581,-17.339551064203608,-4.334778293858529,-5.822814082255597,-19.330835967934206,-4.097459287895703,0.02363978765849996,0.03478678915356696,-7.552029146893874e-05,-0.0795325058767482,0.617017505787037,3439444.151661545,7.170221361905007,4.330682371393237,0,True,recent_sortino_non_positive;oos_net_mean_not_all_positive;shuffle_control_dominated_recent,-17.339551064203608,-5.822814082255597,-17.339551064203608,-4.097459287895703,0.03478678915356696,-19.330835967934206,-0.0795325058767482,-0.617017505787037,-4.330682371393237,1,False,3,False,3,0
a7ls30_80e00bfed764bb62,basis_premium_like|positioning_like,sub,basis_premium_like|positioning_like|sub|038dfebf59b8,"CSRank(Sub(Delta(mark_index_basis_bps,2),ZScore(Mean(global_long_short_account_ratio_mean,96))))",1,-7.809302149931859,-7.809302149931859,-25.35145759180928,-17.16301379357241,-4.207431395496142,-5.900532725025715,-19.735856887627435,-4.1579470406843235,0.02350702607012199,0.03476841924815941,-7.648285492773801e-05,-0.08007086515758399,0.617015094521605,3456646.147752703,7.067364745173335,4.104063758254219,0,True,recent_sortino_non_positive;oos_net_mean_not_all_positive;shuffle_control_dominated_recent,-17.16301379357241,-5.900532725025715,-17.16301379357241,-4.1579470406843235,0.03476841924815941,-19.735856887627435,-0.08007086515758399,-0.617015094521605,-4.104063758254219,1,False,2,False,2,0
a7ls30_2bc60eab9b22836c,basis_premium_like|positioning_like,spread_rank,basis_premium_like|positioning_like|spread_rank|34e08c702bd3,"ZScore(Sub(CSRank(Delta(mark_index_basis_bps,24)),CSRank(top_long_short_account_ratio_mean)))",4,4.693416830202681,4.693416830202681,-3.728444237701037,-6.41438192963057,5.986854419485553,13.423199206195306,0.9315193799030954,7.349662011427938,0.025908911621268307,0.034640964097876356,0.00048293275060011835,-0.06128378707618254,0.4011841219761842,7648562.216739155,1.8307246084406714,0.6683101849620603,2,True,oos_net_mean_not_all_positive,-6.41438192963057,13.423199206195306,-6.41438192963057,7.349662011427938,0.034640964097876356,0.9315193799030954,-0.06128378707618254,-0.4011841219761842,-0.6683101849620603,5,False,1,True,0,31
a7ls30_2ee0a0e16e83fa3c,basis_premium_like|positioning_like,sub,basis_premium_like|positioning_like|sub|f05d3b979911,"Neg(Sub(Delta(mark_index_basis_bps,2),ZScore(Mean(global_long_short_account_ratio_last,336))))",1,-8.02959651612187,-8.02959651612187,-25.367613495326747,-17.368190343708356,-4.561312035399153,-5.883961236133054,-19.48018003075104,-4.154148378356094,0.023347812429901253,0.034264112989038614,-7.631116090882279e-05,-0.08092230170908155,0.6166142216435185,3417446.73765424,7.080262535908631,4.891053035706275,0,True,recent_sortino_non_positive;oos_net_mean_not_all_positive;shuffle_control_dominated_recent,-17.368190343708356,-5.883961236133054,-17.368190343708356,-4.154148378356094,0.034264112989038614,-19.48018003075104,-0.08092230170908155,-0.6166142216435185,-4.891053035706275,1,False,2,False,3,0
a7ls30_a031c1a69900258b,basis_premium_like|positioning_like,sub,basis_premium_like|positioning_like|sub|43998c3d0689,"Neg(ZScore(Sub(Delta(mark_index_basis_bps,2),ZScore(Mean(global_long_short_account_ratio_mean,504)))))",1,-7.6735150733740785,-7.6735150733740785,-25.438557762486788,-17.541279639457933,-4.49358131967543,-5.911698087585343,-19.457290030991405,-4.171121441198041,0.023272923752577272,0.034169228486088526,-7.65132513804112e-05,-0.08079475222232457,0.6164351851851853,3445136.1577272536,7.0565806184838635,3.2828264067060564,0,True,recent_sortino_non_positive;oos_net_mean_not_all_positive;shuffle_control_dominated_recent,-17.541279639457933,-5.911698087585343,-17.541279639457933,-4.171121441198041,0.034169228486088526,-19.457290030991405,-0.08079475222232457,-0.6164351851851853,-3.2828264067060564,1,False,2,False,3,0
a7ls30_ed8c2fbc050b2a4b,basis_premium_like|positioning_like,sub,basis_premium_like|positioning_like|sub|85c776d0988d,"ZScore(Sub(Delta(mark_index_basis_bps,2),ZScore(Mean(global_long_short_account_ratio_mean,720))))",1,-8.015206583615829,-8.015206583615829,-25.45033103708055,-17.657099141126615,-4.5687035051704195,-5.976249288841393,-19.192948812363515,-4.213880922906873,0.02311083181276763,0.03406438236543649,-7.718197015500194e-05,-0.0818974414690552,0.6163435570987654,3440363.8780037076,6.985589754645987,4.491845912054171,0,True,recent_sortino_non_positive;oos_net_mean_not_all_positive;shuffle_control_dominated_recent,-17.657099141126615,-5.976249288841393,-17.657099141126615,-4.213880922906873,0.03406438236543649,-19.192948812363515,-0.0818974414690552,-0.6163435570987654,-4.491845912054171,1,False,2,False,3,1
a7ls30_0a383e2ceff316e6,basis_premium_like|positioning_like,sub,basis_premium_like|positioning_like|sub|292687a85c11,"ZScore(CSRank(Sub(Delta(mark_index_basis_bps,2),ZScore(Mean(global_long_short_account_ratio_mean,720)))))",1,-8.097669219672557,-8.097669219672557,-25.45033103708055,-17.657099141126615,-4.5687035051704195,-5.976249288841393,-19.192948812363515,-4.213880922906873,0.02311083181276763,0.03406438236543649,-7.718197015500194e-05,-0.0818974414690552,0.6163435570987654,3440363.8780037076,6.985589754645987,4.821696456281086,0,True,recent_sortino_non_positive;oos_net_mean_not_all_positive;shuffle_control_dominated_recent,-17.657099141126615,-5.976249288841393,-17.657099141126615,-4.213880922906873,0.03406438236543649,-19.192948812363515,-0.0818974414690552,-0.6163435570987654,-4.821696456281086,1,False,3,False,4,0
a7ls30_7047e5c08a23b8b7,basis_premium_like|positioning_like,mean_reversion_gate,basis_premium_like|positioning_like|mean_reversion_gate|8a3277bcd1b5,"CSRank(Mul(Neg(ZScore(Delta(mark_index_basis_bps,4))),Sign(Mean(top_long_short_position_ratio_last,12))))",1,-9.961788669034773,-9.961788669034773,-21.587816957128066,-23.530876652352774,-3.1989056923987595,-9.263169326697616,-12.768887245755153,-6.580695323321679,0.01974310208168457,0.03399656441455936,-0.00011865798613433364,-0.09091566713344001,0.6007543041349717,3247065.4689123025,4.062906590981127,2.8354608473342364,0,True,recent_sortino_non_positive;oos_net_mean_not_all_positive;shuffle_control_dominated_recent,-23.530876652352774,-9.263169326697616,-23.530876652352774,-6.580695323321679,0.03399656441455936,-12.768887245755153,-0.09091566713344001,-0.6007543041349717,-2.8354608473342364,1,False,2,False,3,2
a7ls30_aced8cb32cd65cd2,basis_premium_like|positioning_like,mean_reversion_gate,basis_premium_like|positioning_like|mean_reversion_gate|662eecfe203b,"Mul(Neg(ZScore(Delta(mark_index_basis_bps,4))),Sign(Mean(top_long_short_account_ratio_mean,12)))",1,-10.042055802730731,-10.042055802730731,-21.587816957128066,-23.530876652352774,-3.1989056923987595,-9.263169326697616,-12.768887245755153,-6.580695323321679,0.01974310208168457,0.03399656441455936,-0.00011865798613433364,-0.09091566713344001,0.6007543041349717,3247065.4689123025,4.062906590981127,3.156529382118066,0,True,recent_sortino_non_positive;oos_net_mean_not_all_positive;shuffle_control_dominated_recent,-23.530876652352774,-9.263169326697616,-23.530876652352774,-6.580695323321679,0.03399656441455936,-12.768887245755153,-0.09091566713344001,-0.6007543041349717,-3.156529382118066,1,False,3,False,4,1
a7ls30_6636b4214890a7e4,basis_premium_like|positioning_like,mean_reversion_gate,basis_premium_like|positioning_like|mean_reversion_gate|b622caf04d51,"ZScore(Mul(Neg(ZScore(Delta(mark_index_basis_bps,4))),Sign(Mean(top_long_short_account_ratio_mean,12))))",1,-10.064603246544745,-10.064603246544745,-21.587816957128066,-23.530876652352774,-3.1989056923987595,-9.263169326697616,-12.768887245755153,-6.580695323321679,0.01974310208168457,0.03399656441455936,-0.00011865798613433364,-0.09091566713344001,0.6007543041349717,3247065.4689123025,4.062906590981127,3.246719157374129,0,True,recent_sortino_non_positive;oos_net_mean_not_all_positive;shuffle_control_dominated_recent,-23.530876652352774,-9.263169326697616,-23.530876652352774,-6.580695323321679,0.03399656441455936,-12.768887245755153,-0.09091566713344001,-0.6007543041349717,-3.246719157374129,1,False,4,False,5,0
a7ls30_d2cce3d8ddd6b33d,basis_premium_like|positioning_like,spread_rank,basis_premium_like|positioning_like|spread_rank|f6895cda2696,"Sub(CSRank(Delta(mark_index_basis_bps,36)),CSRank(Decay(top_long_short_account_ratio_last,16)))",1,-0.0526737748945455,-0.0526737748945455,-17.97527711413221,-14.882703173909938,-0.12374190083068719,8.278516161597715,-9.234338577636038,5.061904417821022,0.023841007676863923,0.032338248111847066,9.193155420246956e-05,-0.03227008627691508,0.3973148783642618,7521178.424511609,5.321855281238502,2.390952765259346,1,True,oos_net_mean_not_all_positive;shuffle_control_dominated_recent,-14.882703173909938,8.278516161597715,-14.882703173909938,5.061904417821022,0.032338248111847066,-9.234338577636038,-0.03227008627691508,-0.3973148783642618,-2.390952765259346,3,False,1,True,0,0
a7ls30_4166527d4c266ce1,basis_premium_like|positioning_like,spread_rank,basis_premium_like|positioning_like|spread_rank|f953fb4d68c7,"Sub(CSRank(Delta(mark_index_basis_bps,36)),CSRank(ZScore(Mean(global_long_short_account_ratio_last,16))))",1,-1.4566876143267335,-1.4566876143267335,-17.50096351837158,-15.835504555906224,1.2985200354790745,6.602342596021776,-9.937236808134935,4.077674352621284,0.02238378874483676,0.03166477435385421,7.449845197833759e-05,-0.030607332180730862,0.39615039228246335,6831882.553654427,6.317565337868891,4.159087397732504,2,True,oos_net_mean_not_all_positive;shuffle_control_dominated_recent,-15.835504555906224,6.602342596021776,-15.835504555906224,4.077674352621284,0.03166477435385421,-9.937236808134935,-0.030607332180730862,-0.39615039228246335,-4.159087397732504,3,False,2,False,1,0
a7ls30_fea76deef615bc91,basis_premium_like|positioning_like,safe_div_abs,basis_premium_like|positioning_like|safe_div_abs|044c7da54852,"SafeDiv(TSRank(mark_index_basis_bps,72),Abs(Decay(account_position_divergence,48)))",4,5.349908530335861,5.349908530335861,-4.175058410667461,-1.4204180896505132,11.656170231684747,12.18868795542835,6.488676649256755,6.655186367511859,0.025438318522386587,0.031606614943537475,0.0004772184053472375,-0.07277949654324734,0.34138937114197526,8352937.587253239,1.7153734340531093,1.093090161018619,2,True,oos_net_mean_not_all_positive;shuffle_control_dominated_recent,-1.4204180896505132,12.18868795542835,-1.4204180896505132,6.655186367511859,0.031606614943537475,6.488676649256755,-0.07277949654324734,-0.34138937114197526,-1.093090161018619,4,False,1,True,0,48
a7ls30_c94e306c3e19bd08,open_interest_like|positioning_like,safe_div_abs,open_interest_like|positioning_like|safe_div_abs|7946a7d9baa2,"SafeDiv(ZScore(Mean(open_interest_value_last,240)),Abs(Mean(account_position_divergence,72)))",24,4.993909030207023,4.993909030207023,3.8827111561572893,7.583916583010271,29.53453244434538,7.958625197466491,2.726098090221771,3.850317665209666,0.021995944901089817,0.03140796550805918,0.001499461485475691,-0.499433683376872,0.006371768904321008,13863832.97587695,1.1090556816256998,1.1090556816256998,3,True,shuffle_control_dominated_recent,7.583916583010271,7.958625197466491,7.583916583010271,3.850317665209666,0.03140796550805918,2.726098090221771,-0.499433683376872,-0.006371768904321008,-1.1090556816256998,6,False,1,True,0,4
a7ls30_1157a8790b3c6405,basis_premium_like|positioning_like,spread_rank,basis_premium_like|positioning_like|spread_rank|3cf33e2c3b2c,"Mul(Sub(CSRank(Delta(mark_index_basis_bps,168)),CSRank(global_long_short_account_ratio_mean)),Sign(Decay(liquidity_cycle_state,24)))",24,4.2790280115508015,4.2790280115508015,6.21513322278348,0.48788257037194266,7.931100154885767,10.629700652185466,-3.746793500910016,3.885693163692866,0.02448846788804305,0.030761880044696047,0.0017205022580835897,-0.4063617310982576,0.38622227806385023,6952129.395266695,1.2244822841846015,0.34586402114711035,2,True,oos_net_mean_not_all_positive,0.48788257037194266,10.629700652185466,0.48788257037194266,3.885693163692866,0.030761880044696047,-3.746793500910016,-0.4063617310982576,-0.38622227806385023,-0.34586402114711035,5,False,1,True,0,20
a7ls30_e07f3fafd18aa8c5,basis_premium_like|positioning_like,spread_rank,basis_premium_like|positioning_like|spread_rank|a43cf1a7e656,"Mul(Sub(CSRank(Delta(mark_index_basis_bps,168)),CSRank(Mean(global_long_short_account_ratio_mean,2))),Sign(Decay(liquidity_cycle_state,24)))",24,4.051749672412223,4.051749672412223,6.174867414089932,0.08926358018530298,7.849488457273713,10.231158962854145,-3.746793500910016,3.8368584448513348,0.024237474502717654,0.030612194686161852,0.0017074299426262478,-0.40839442387683644,0.3856688560127152,6997798.669080334,1.2258768252556416,0.1881157040152844,2,True,oos_net_mean_not_all_positive,0.08926358018530298,10.231158962854145,0.08926358018530298,3.8368584448513348,0.030612194686161852,-3.746793500910016,-0.40839442387683644,-0.3856688560127152,-0.1881157040152844,5,False,1,True,0,36
