candidate_id,root_subgraph_id,expression,semantic_bucket,motif_bucket,raw_inputs,status,error,missing_field_count,label_or_may_token,rows,non_null_rows,finite_rows,nan_rows,inf_rows,active_rows,non_null_ratio,active_ratio,std
a7ffcore5_21ece96c5673c18eac,sg_934d377619e8956b,"Sub(CSRank(Mean(open_interest_last,8)),CSRank(Mean(global_long_short_account_ratio_mean,24)))",open_interest_like|positioning_like,delta_x_divergence,global_long_short_account_ratio_mean;open_interest_last,ok,,0,False,6949596,6927501,6927501,22095,0,6909351,0.996821,0.994209,0.3970775416
a7ffcore5_66c4cc5b0b70806dc8,sg_959ebb5019261e7d,"Sub(CSRank(Mean(open_interest_last,8)),CSRank(Delta(global_long_short_account_ratio_last,8)))",open_interest_like|positioning_like,delta_x_divergence,global_long_short_account_ratio_last;open_interest_last,ok,,0,False,6949596,6937836,6937836,11760,0,6917365,0.998308,0.995362,0.4080925072
a7ffcore5_178087e7da0552e5c4,sg_9a256237e5936e12,"Sub(CSRank(Delta(open_interest_last,8)),CSRank(Mean(global_long_short_account_ratio_mean,4)))",open_interest_like|positioning_like,delta_x_divergence,global_long_short_account_ratio_mean;open_interest_last,ok,,0,False,6949596,6937836,6937836,11760,0,6917344,0.998308,0.995359,0.4009717969
a7ffcore5_bf3345b2241d6cc006,sg_a11feece93ebab31,"Sub(CSRank(Delta(open_interest_last,8)),CSRank(Mean(global_long_short_account_ratio_last,4)))",open_interest_like|positioning_like,delta_x_divergence,global_long_short_account_ratio_last;open_interest_last,ok,,0,False,6949596,6937836,6937836,11760,0,6917512,0.998308,0.995383,0.4011218323
a7ffcore5_fbc0a73c7916804f37,sg_a25ea7d2f7260a82,"Sub(CSRank(Mean(open_interest_last,24)),CSRank(Mean(global_long_short_account_ratio_last,8)))",open_interest_like|positioning_like,delta_x_divergence,global_long_short_account_ratio_last;open_interest_last,ok,,0,False,6949596,6927501,6927501,22095,0,6909793,0.996821,0.994273,0.3972713185
a7ffcore5_c03a2dd189b243eba0,sg_ae3f9cf98227bbdc,"Sub(CSRank(Mean(open_interest_last,4)),CSRank(Mean(global_long_short_account_ratio_last,24)))",open_interest_like|positioning_like,delta_x_divergence,global_long_short_account_ratio_last;open_interest_last,ok,,0,False,6949596,6927501,6927501,22095,0,6910462,0.996821,0.994369,0.3970481372
a7ffcore5_fa19269012b9b77d3f,sg_bd892d46c80504c8,"Sub(CSRank(Mean(open_interest_last,8)),CSRank(Delta(global_long_short_account_ratio_mean,4)))",open_interest_like|positioning_like,delta_x_divergence,global_long_short_account_ratio_mean;open_interest_last,ok,,0,False,6949596,6938525,6938525,11071,0,6918317,0.998407,0.995499,0.4078910819
a7ffcore5_fed2b0291f9284a4e2,sg_c3ac264d34e0b93a,"Sub(CSRank(Delta(open_interest_last,4)),CSRank(Mean(global_long_short_account_ratio_last,8)))",open_interest_like|positioning_like,delta_x_divergence,global_long_short_account_ratio_last;open_interest_last,ok,,0,False,6949596,6938525,6938525,11071,0,6917475,0.998407,0.995378,0.4012835602
a7ffcore5_14011d567c8234d43e,sg_cd132fb62fb94446,"Sub(CSRank(Mean(open_interest_last,8)),CSRank(Mean(global_long_short_account_ratio_last,24)))",open_interest_like|positioning_like,delta_x_divergence,global_long_short_account_ratio_last;open_interest_last,ok,,0,False,6949596,6927501,6927501,22095,0,6909507,0.996821,0.994231,0.3970755189
a7ffcore5_7016987bf4e49e74ea,sg_df8c9a8b1fc61f42,"Sub(CSRank(Mean(open_interest_last,4)),CSRank(Delta(global_long_short_account_ratio_mean,8)))",open_interest_like|positioning_like,delta_x_divergence,global_long_short_account_ratio_mean;open_interest_last,ok,,0,False,6949596,6937836,6937836,11760,0,6917926,0.998308,0.995443,0.4081953484
a7ffcore5_3cdd7825950c694a89,sg_f9a3e83eda81701e,"Sub(CSRank(Delta(open_interest_last,24)),CSRank(Delta(top_long_short_account_ratio_last,24)))",open_interest_like|positioning_like,delta_x_divergence,open_interest_last;top_long_short_account_ratio_last,ok,,0,False,6949596,6927900,6927900,21696,0,6907457,0.996878,0.993936,0.4267795614
a7ffcore5_2aeef2eba0afda3f31,sg_ff95126817f7708a,"Sub(CSRank(Delta(open_interest_last,4)),CSRank(Mean(global_long_short_account_ratio_last,4)))",open_interest_like|positioning_like,delta_x_divergence,global_long_short_account_ratio_last;open_interest_last,ok,,0,False,6949596,6940592,6940592,9004,0,6918961,0.998704,0.995592,0.4020911039
a7ffcore5_6f3e5cbaac226b5716,sg_0567ffc745bc1249,"Sub(CSRank(Delta(open_interest_last,4)),CSRank(Delta(global_long_short_account_ratio_mean,8)))",open_interest_like|positioning_like,delta_x_divergence,global_long_short_account_ratio_mean;open_interest_last,ok,,0,False,6949596,6937836,6937836,11760,0,6916963,0.998308,0.995304,0.4177921706
a7ffcore5_6f1151c8d72717fccd,sg_0ac786a7c30939ce,"Sub(CSRank(Mean(open_interest_last,8)),CSRank(Delta(global_long_short_account_ratio_mean,24)))",open_interest_like|positioning_like,delta_x_divergence,global_long_short_account_ratio_mean;open_interest_last,ok,,0,False,6949596,6928114,6928114,21482,0,6911127,0.996909,0.994465,0.4087963057
a7ffcore5_6527a26f6a35191da1,sg_0f19daec01ab554e,"Sub(CSRank(Mean(open_interest_last,4)),CSRank(Delta(global_long_short_account_ratio_mean,24)))",open_interest_like|positioning_like,delta_x_divergence,global_long_short_account_ratio_mean;open_interest_last,ok,,0,False,6949596,6928858,6928858,20738,0,6912719,0.997016,0.994694,0.4088757839
a7ffcore5_8f8011212ace502d94,sg_15771e0c24199d2f,"Sub(CSRank(Delta(open_interest_last,8)),CSRank(Mean(global_long_short_account_ratio_mean,24)))",open_interest_like|positioning_like,delta_x_divergence,global_long_short_account_ratio_mean;open_interest_last,ok,,0,False,6949596,6927501,6927501,22095,0,6909150,0.996821,0.99418,0.3985835188
a7ffcore5_2e1d432fc50320a0e1,sg_16c91cce421c742d,"Sub(CSRank(Mean(open_interest_last,24)),CSRank(Delta(global_long_short_account_ratio_last,4)))",open_interest_like|positioning_like,delta_x_divergence,global_long_short_account_ratio_last;open_interest_last,ok,,0,False,6949596,6927501,6927501,22095,0,6910894,0.996821,0.994431,0.4078384617
a7ffcore5_caae9310cde2303bfb,sg_17f5235905be1d94,"Sub(CSRank(Delta(open_interest_last,24)),CSRank(Mean(global_long_short_account_ratio_mean,8)))",open_interest_like|positioning_like,delta_x_divergence,global_long_short_account_ratio_mean;open_interest_last,ok,,0,False,6949596,6928114,6928114,21482,0,6910392,0.996909,0.994359,0.3983173758
a7ffcore5_2384ee60fb3de5a016,sg_18ab9702cf1ee268,"Sub(CSRank(Delta(open_interest_last,8)),CSRank(Mean(global_long_short_account_ratio_last,24)))",open_interest_like|positioning_like,delta_x_divergence,global_long_short_account_ratio_last;open_interest_last,ok,,0,False,6949596,6927501,6927501,22095,0,6909198,0.996821,0.994187,0.3986512152
a7ffcore5_82e71c4ca9b1bb71ac,sg_3e1518cd78a48f32,"Sub(CSRank(Delta(open_interest_last,8)),CSRank(Delta(global_long_short_account_ratio_mean,8)))",open_interest_like|positioning_like,delta_x_divergence,global_long_short_account_ratio_mean;open_interest_last,ok,,0,False,6949596,6937836,6937836,11760,0,6916288,0.998308,0.995207,0.421741419
a7ffcore5_2f4a5d8c6bee7331ed,sg_4e6a683b0f35bd47,"Sub(CSRank(Delta(open_interest_last,8)),CSRank(Delta(global_long_short_account_ratio_last,4)))",open_interest_like|positioning_like,delta_x_divergence,global_long_short_account_ratio_last;open_interest_last,ok,,0,False,6949596,6937836,6937836,11760,0,6916979,0.998308,0.995307,0.4164052799
a7ffcore5_17fb6b44a825a33076,sg_60a5eeac75d1e4b8,"Sub(CSRank(Mean(open_interest_last,24)),CSRank(Mean(global_long_short_account_ratio_last,24)))",open_interest_like|positioning_like,delta_x_divergence,global_long_short_account_ratio_last;open_interest_last,ok,,0,False,6949596,6927501,6927501,22095,0,6905509,0.996821,0.993656,0.3971335174
a7ffcore5_7544619eed6652718c,sg_6ad91ac6cd39cfc4,"Sub(CSRank(Delta(open_interest_last,4)),CSRank(Mean(global_long_short_account_ratio_mean,24)))",open_interest_like|positioning_like,delta_x_divergence,global_long_short_account_ratio_mean;open_interest_last,ok,,0,False,6949596,6927501,6927501,22095,0,6910283,0.996821,0.994343,0.4003324092
a7ffcore5_c14084d10948583cb1,sg_7cc24cecf8b5752e,"Sub(CSRank(Mean(open_interest_last,24)),CSRank(Mean(global_long_short_account_ratio_mean,24)))",open_interest_like|positioning_like,delta_x_divergence,global_long_short_account_ratio_mean;open_interest_last,ok,,0,False,6949596,6927501,6927501,22095,0,6905663,0.996821,0.993678,0.3971384045
a7ffcore5_548ac5a4f1cbd317d5,sg_7d978fc6fd32d890,"Sub(CSRank(Delta(open_interest_last,8)),CSRank(Delta(global_long_short_account_ratio_last,8)))",open_interest_like|positioning_like,delta_x_divergence,global_long_short_account_ratio_last;open_interest_last,ok,,0,False,6949596,6937836,6937836,11760,0,6916042,0.998308,0.995172,0.4218682914
a7ffcore5_67d34a70c7d8d30892,sg_7ecbe7551184abb6,"Sub(CSRank(Delta(open_interest_last,4)),CSRank(Delta(global_long_short_account_ratio_mean,4)))",open_interest_like|positioning_like,delta_x_divergence,global_long_short_account_ratio_mean;open_interest_last,ok,,0,False,6949596,6940592,6940592,9004,0,6919000,0.998704,0.995597,0.4210191873
a7ffcore5_f1dbd5db8560251e22,sg_871fe81ca6b5557b,"Sub(CSRank(Mean(open_interest_last,24)),CSRank(Delta(global_long_short_account_ratio_mean,8)))",open_interest_like|positioning_like,delta_x_divergence,global_long_short_account_ratio_mean;open_interest_last,ok,,0,False,6949596,6927501,6927501,22095,0,6909847,0.996821,0.99428,0.4078735374
a7ffcore5_4960643470d846bafc,sg_93518424a7f76795,"Sub(CSRank(Mean(open_interest_last,8)),CSRank(Delta(global_long_short_account_ratio_last,24)))",open_interest_like|positioning_like,delta_x_divergence,global_long_short_account_ratio_last;open_interest_last,ok,,0,False,6949596,6928114,6928114,21482,0,6911009,0.996909,0.994448,0.4087830548
a7ffcore5_e6de2c7e16fb6e3f1b,sg_c3cee847fbb53fbf,"Sub(CSRank(Delta(open_interest_last,4)),CSRank(Delta(global_long_short_account_ratio_last,8)))",open_interest_like|positioning_like,delta_x_divergence,global_long_short_account_ratio_last;open_interest_last,ok,,0,False,6949596,6937836,6937836,11760,0,6916927,0.998308,0.995299,0.4183223363
a7ffcore5_a83475f6cf61bc2622,sg_c40785815544ad36,"Sub(CSRank(Delta(open_interest_last,24)),CSRank(Mean(global_long_short_account_ratio_mean,4)))",open_interest_like|positioning_like,delta_x_divergence,global_long_short_account_ratio_mean;open_interest_last,ok,,0,False,6949596,6928858,6928858,20738,0,6911893,0.997016,0.994575,0.3987777515
a7ffcore5_4a4465580140d29621,sg_c563f3f95c304447,"Sub(CSRank(Mean(open_interest_last,24)),CSRank(Delta(global_long_short_account_ratio_last,8)))",open_interest_like|positioning_like,delta_x_divergence,global_long_short_account_ratio_last;open_interest_last,ok,,0,False,6949596,6927501,6927501,22095,0,6910061,0.996821,0.994311,0.407902722
a7ffcore5_ef03e097696464867c,sg_e062762fa36abdf3,"Sub(CSRank(Delta(open_interest_last,4)),CSRank(Delta(global_long_short_account_ratio_last,4)))",open_interest_like|positioning_like,delta_x_divergence,global_long_short_account_ratio_last;open_interest_last,ok,,0,False,6949596,6940592,6940592,9004,0,6919070,0.998704,0.995608,0.4214569112
a7ffcore5_7d89fbfbb3cc5978f3,sg_e385a3b612416da3,"Sub(CSRank(Delta(open_interest_last,24)),CSRank(Mean(global_long_short_account_ratio_last,4)))",open_interest_like|positioning_like,delta_x_divergence,global_long_short_account_ratio_last;open_interest_last,ok,,0,False,6949596,6928858,6928858,20738,0,6912112,0.997016,0.994606,0.3988635882
a7ffcore5_383239ee95c6d962d4,sg_ec429338afc22291,"Sub(CSRank(Mean(open_interest_last,4)),CSRank(Delta(global_long_short_account_ratio_last,24)))",open_interest_like|positioning_like,delta_x_divergence,global_long_short_account_ratio_last;open_interest_last,ok,,0,False,6949596,6928858,6928858,20738,0,6912420,0.997016,0.994651,0.4088621164
a7ffcore5_674309f3f326547d50,sg_ee4fb7d84b8c0ace,"Sub(CSRank(Mean(open_interest_last,24)),CSRank(Delta(global_long_short_account_ratio_mean,4)))",open_interest_like|positioning_like,delta_x_divergence,global_long_short_account_ratio_mean;open_interest_last,ok,,0,False,6949596,6927501,6927501,22095,0,6910748,0.996821,0.99441,0.4077802343
a7ffcore5_b3cc6799b683f173a8,sg_f1314a9f89736a85,"Sub(CSRank(Delta(open_interest_last,4)),CSRank(Mean(global_long_short_account_ratio_last,24)))",open_interest_like|positioning_like,delta_x_divergence,global_long_short_account_ratio_last;open_interest_last,ok,,0,False,6949596,6927501,6927501,22095,0,6910314,0.996821,0.994348,0.4003804181
a7ffcore5_56ef9ed94bc88b7fcc,sg_f8ebf605c7ba19be,"Sub(CSRank(Delta(open_interest_last,8)),CSRank(Delta(global_long_short_account_ratio_mean,4)))",open_interest_like|positioning_like,delta_x_divergence,global_long_short_account_ratio_mean;open_interest_last,ok,,0,False,6949596,6937836,6937836,11760,0,6917199,0.998308,0.995338,0.416988359
a7ffcore5_63fa3c558000d59b74,sg_fe37dc3502569db0,"Sub(CSRank(Delta(open_interest_last,24)),CSRank(Mean(global_long_short_account_ratio_last,8)))",open_interest_like|positioning_like,delta_x_divergence,global_long_short_account_ratio_last;open_interest_last,ok,,0,False,6949596,6928114,6928114,21482,0,6910157,0.996909,0.994325,0.3984079206
a7ffcore5_8890fedbe8d6db7018,sg_1c362e2de42857f4,"Sub(CSRank(Delta(open_interest_last,8)),CSRank(Delta(global_long_short_account_ratio_last,24)))",open_interest_like|positioning_like,delta_x_divergence,global_long_short_account_ratio_last;open_interest_last,ok,,0,False,6949596,6927928,6927928,21668,0,6909739,0.996882,0.994265,0.4162878026
a7ffcore5_3bef7504b8269a31e4,sg_23c3bd0f87688a37,"Sub(CSRank(Delta(open_interest_last,24)),CSRank(Delta(global_long_short_account_ratio_mean,4)))",open_interest_like|positioning_like,delta_x_divergence,global_long_short_account_ratio_mean;open_interest_last,ok,,0,False,6949596,6928672,6928672,20924,0,6911554,0.996989,0.994526,0.4132748629
a7ffcore5_aa2522bc57a2bb5f9e,sg_18059daea50a6eb3,"Sub(CSRank(open_interest_mean),CSRank(trade_close))",open_interest_like|price_like,delta_x_divergence,open_interest_mean;trade_close,ok,,0,False,6949596,6942850,6942850,6746,0,6933287,0.999029,0.997653,0.5565583758
a7ffcore5_444a0ca92299d20303,sg_4649d3fc05875eb2,"Sub(CSRank(open_interest_last),CSRank(trade_close))",open_interest_like|price_like,delta_x_divergence,open_interest_last;trade_close,ok,,0,False,6949596,6942850,6942850,6746,0,6933326,0.999029,0.997659,0.5565050978
a7ffcore5_80b28861c202587b43,sg_053b7c95538e4e0b,"Sub(CSRank(open_interest_mean),CSRank(trade_return_1h))",open_interest_like|price_like,delta_x_divergence,open_interest_mean;trade_return_1h,ok,,0,False,6949596,6941863,6941863,7733,0,6925066,0.998887,0.99647,0.4100775186
a7ffcore5_363d8b65c491f486a2,sg_affca5953af005bf,"Sub(CSRank(open_interest_last),CSRank(trade_return_1h))",open_interest_like|price_like,delta_x_divergence,open_interest_last;trade_return_1h,ok,,0,False,6949596,6941863,6941863,7733,0,6924923,0.998887,0.99645,0.4099849839
a7ffcore5_fd181907f8412c63d4,sg_02a1374b5c417660,"Sub(CSRank(open_interest_last),CSRank(trade_return_24h))",open_interest_like|price_like,delta_x_divergence,open_interest_last;trade_return_24h,ok,,0,False,6949596,6632314,6632314,317282,0,6618906,0.954345,0.952416,0.4117512214
a7ffcore5_a3b413204f4ccbba3e,sg_389db1e25c45f5c8,"Sub(CSRank(open_interest_mean),CSRank(Mean(trade_close,8)))",open_interest_like|price_like,delta_x_divergence,open_interest_mean;trade_close,ok,,0,False,6949596,6939427,6939427,10169,0,6930448,0.998537,0.997245,0.5565719218
a7ffcore5_0410402944d77da2f3,sg_440ad604712e5cee,"Sub(CSRank(open_interest_last),CSRank(Mean(trade_close,8)))",open_interest_like|price_like,delta_x_divergence,open_interest_last;trade_close,ok,,0,False,6949596,6939427,6939427,10169,0,6930481,0.998537,0.997249,0.5565197458
a7ffcore5_a2e2e39bde9899954d,sg_7078f0b9e07d4338,"Sub(CSRank(Mean(open_interest_last,8)),CSRank(trade_close))",open_interest_like|price_like,delta_x_divergence,open_interest_last;trade_close,ok,,0,False,6949596,6938027,6938027,11569,0,6929373,0.998335,0.99709,0.5565832234
a7ffcore5_633b50254d4be38271,sg_8ba370f9a9f262b8,"Sub(CSRank(Mean(open_interest_mean,4)),CSRank(trade_close))",open_interest_like|price_like,delta_x_divergence,open_interest_mean;trade_close,ok,,0,False,6949596,6940783,6940783,8813,0,6931664,0.998732,0.99742,0.5565731242
a7ffcore5_fc7d1592990f0a8af4,sg_c19974bbcff57781,"Sub(CSRank(open_interest_mean),CSRank(Mean(trade_close,4)))",open_interest_like|price_like,delta_x_divergence,open_interest_mean;trade_close,ok,,0,False,6949596,6941383,6941383,8213,0,6931976,0.998818,0.997465,0.5565627889
a7ffcore5_52bdc33c50477e40d9,sg_d734453028c391df,"Sub(CSRank(open_interest_last),CSRank(Mean(trade_close,4)))",open_interest_like|price_like,delta_x_divergence,open_interest_last;trade_close,ok,,0,False,6949596,6941383,6941383,8213,0,6932036,0.998818,0.997473,0.5565104016
a7ffcore5_b6679ef79dfad41213,sg_f1ab405d71a08f3f,"Sub(CSRank(Mean(open_interest_last,4)),CSRank(trade_close))",open_interest_like|price_like,delta_x_divergence,open_interest_last;trade_close,ok,,0,False,6949596,6940783,6940783,8813,0,6931656,0.998732,0.997419,0.5565724341
a7ffcore5_3713c2ceabefcbd7d2,sg_f879bdf3c4b7da58,"Sub(CSRank(Mean(open_interest_mean,8)),CSRank(trade_close))",open_interest_like|price_like,delta_x_divergence,open_interest_mean;trade_close,ok,,0,False,6949596,6938027,6938027,11569,0,6929460,0.998335,0.997103,0.5565837774
a7ffcore5_6feb18d2db8ef7782d,sg_150692fe1f23770f,"Sub(CSRank(open_interest_last),CSRank(Mean(trade_close,24)))",open_interest_like|price_like,delta_x_divergence,open_interest_last;trade_close,ok,,0,False,6949596,6931603,6931603,17993,0,6923803,0.997411,0.996289,0.5565584915
a7ffcore5_4676824ec3487f48f7,sg_2b1b58afc1c38428,"Sub(CSRank(Delta(open_interest_mean,4)),CSRank(trade_close))",open_interest_like|price_like,delta_x_divergence,open_interest_mean;trade_close,ok,,0,False,6949596,6940094,6940094,9502,0,6906129,0.998633,0.993745,0.3952190469
a7ffcore5_0a792adec543f4f1a7,sg_33c7178ce524ea07,"Sub(CSRank(Delta(open_interest_mean,8)),CSRank(trade_close))",open_interest_like|price_like,delta_x_divergence,open_interest_mean;trade_close,ok,,0,False,6949596,6937338,6937338,12258,0,6904235,0.998236,0.993473,0.3951208817
a7ffcore5_d24e4c6bb9bcd101d9,sg_68852d978c9d2945,"Sub(CSRank(Mean(open_interest_last,24)),CSRank(trade_close))",open_interest_like|price_like,delta_x_divergence,open_interest_last;trade_close,ok,,0,False,6949596,6927003,6927003,22593,0,6919609,0.996749,0.995685,0.556622699
a7ffcore5_0681cd931ddad192d4,sg_77b042d98d6f8a57,"Sub(CSRank(open_interest_last),CSRank(Delta(trade_close,8)))",open_interest_like|price_like,delta_x_divergence,open_interest_last;trade_close,ok,,0,False,6949596,6938938,6938938,10658,0,6912981,0.998466,0.994731,0.4035990312
a7ffcore5_f70ebd5215ffc73c4d,sg_7d8298b6a74d6075,"Sub(CSRank(Delta(open_interest_last,4)),CSRank(trade_close))",open_interest_like|price_like,delta_x_divergence,open_interest_last;trade_close,ok,,0,False,6949596,6940094,6940094,9502,0,6905829,0.998633,0.993702,0.395337266
a7ffcore5_cb7897bea4e18f9809,sg_8de91982e783beb7,"Sub(CSRank(open_interest_mean),CSRank(Delta(trade_close,8)))",open_interest_like|price_like,delta_x_divergence,open_interest_mean;trade_close,ok,,0,False,6949596,6938938,6938938,10658,0,6912915,0.998466,0.994722,0.4036349726
a7ffcore5_39f8050d292c4b1f12,sg_b6109aab705534fa,"Sub(CSRank(open_interest_mean),CSRank(Delta(trade_close,4)))",open_interest_like|price_like,delta_x_divergence,open_interest_mean;trade_close,ok,,0,False,6949596,6940894,6940894,8702,0,6914552,0.998748,0.994957,0.4046486014
a7ffcore5_6972ab9e29084ee257,sg_c42874deb6d26a46,"Sub(CSRank(open_interest_mean),CSRank(Mean(trade_close,24)))",open_interest_like|price_like,delta_x_divergence,open_interest_mean;trade_close,ok,,0,False,6949596,6931603,6931603,17993,0,6923754,0.997411,0.996282,0.5566105955
a7ffcore5_8eb87cb216cb8af805,sg_cb4250f31a9e40ad,"Sub(CSRank(Mean(open_interest_mean,24)),CSRank(trade_close))",open_interest_like|price_like,delta_x_divergence,open_interest_mean;trade_close,ok,,0,False,6949596,6927003,6927003,22593,0,6919648,0.996749,0.995691,0.5566231542
a7ffcore5_9984859c03d6c8ec6c,sg_fdddd61b8103eaea,"Sub(CSRank(Delta(open_interest_last,8)),CSRank(trade_close))",open_interest_like|price_like,delta_x_divergence,open_interest_last;trade_close,ok,,0,False,6949596,6937338,6937338,12258,0,6904557,0.998236,0.993519,0.3951662669
a7ffcore5_6aa57fed087350aefd,sg_fe7d5b15bf3f8f9b,"Sub(CSRank(open_interest_last),CSRank(Delta(trade_close,4)))",open_interest_like|price_like,delta_x_divergence,open_interest_last;trade_close,ok,,0,False,6949596,6940894,6940894,8702,0,6914591,0.998748,0.994963,0.4046072725
a7ffcore5_d5a4a9718dcd66c9a7,sg_312b464934a06a48,"Sub(CSRank(Delta(open_interest_mean,24)),CSRank(trade_close))",open_interest_like|price_like,delta_x_divergence,open_interest_mean;trade_close,ok,,0,False,6949596,6928922,6928922,20674,0,6902066,0.997025,0.993161,0.3965423256
a7ffcore5_d21a3bb5c397d4ce32,sg_451b4ac9bd57385e,"Sub(CSRank(Delta(open_interest_last,24)),CSRank(trade_close))",open_interest_like|price_like,delta_x_divergence,open_interest_last;trade_close,ok,,0,False,6949596,6928922,6928922,20674,0,6902113,0.997025,0.993168,0.3965348361
a7ffcore5_f9cdc3338a115e660e,sg_80a86cab51ee945f,"Sub(CSRank(open_interest_mean),CSRank(Delta(trade_close,24)))",open_interest_like|price_like,delta_x_divergence,open_interest_mean;trade_close,ok,,0,False,6949596,6931114,6931114,18482,0,6907954,0.997341,0.994008,0.3999074357
a7ffcore5_1ab7966cd598e3a529,sg_c8bfce8215d2e2a9,"Sub(CSRank(open_interest_last),CSRank(Delta(trade_close,24)))",open_interest_like|price_like,delta_x_divergence,open_interest_last;trade_close,ok,,0,False,6949596,6931114,6931114,18482,0,6907985,0.997341,0.994012,0.3998930616
a7ffcore5_ef9a03f4634ea09e9f,sg_053707dcc00c51c1,"Sub(CSRank(open_interest_last),CSRank(Mean(trade_return_1h,8)))",open_interest_like|price_like,delta_x_divergence,open_interest_last;trade_return_1h,ok,,0,False,6949596,6934954,6934954,14642,0,6918622,0.997893,0.995543,0.4104758296
a7ffcore5_dfa55a8f79db7c67c4,sg_0d6428f0eb69aa60,"Sub(CSRank(open_interest_mean),CSRank(Mean(trade_return_1h,4)))",open_interest_like|price_like,delta_x_divergence,open_interest_mean;trade_return_1h,ok,,0,False,6949596,6938902,6938902,10694,0,6922172,0.998461,0.996054,0.4103013919
a7ffcore5_99354542047f706aef,sg_419ecf04af692bbe,"Sub(CSRank(Mean(open_interest_mean,4)),CSRank(trade_return_1h))",open_interest_like|price_like,delta_x_divergence,open_interest_mean;trade_return_1h,ok,,0,False,6949596,6940285,6940285,9311,0,6923681,0.99866,0.996271,0.4101023313
a7ffcore5_84731aabb8afc3d0e7,sg_913541347ad28172,"Sub(CSRank(open_interest_last),CSRank(Mean(trade_return_1h,4)))",open_interest_like|price_like,delta_x_divergence,open_interest_last;trade_return_1h,ok,,0,False,6949596,6938902,6938902,10694,0,6922282,0.998461,0.99607,0.4102340869
a7ffcore5_95780f196d86712c3c,sg_9242d7a999a32574,"Sub(CSRank(open_interest_mean),CSRank(Mean(trade_return_1h,8)))",open_interest_like|price_like,delta_x_divergence,open_interest_mean;trade_return_1h,ok,,0,False,6949596,6934954,6934954,14642,0,6918695,0.997893,0.995554,0.410530291
a7ffcore5_2129462b2da9c492a4,sg_ade8327f0a5d3239,"Sub(CSRank(Mean(open_interest_last,4)),CSRank(trade_return_1h))",open_interest_like|price_like,delta_x_divergence,open_interest_last;trade_return_1h,ok,,0,False,6949596,6940285,6940285,9311,0,6923709,0.99866,0.996275,0.4100862113
a7ffcore5_24fdb374c8f07665da,sg_bb909cc04159e4f9,"Sub(CSRank(Mean(open_interest_last,8)),CSRank(trade_return_1h))",open_interest_like|price_like,delta_x_divergence,open_interest_last;trade_return_1h,ok,,0,False,6949596,6937529,6937529,12067,0,6921623,0.998264,0.995975,0.4100684138
a7ffcore5_7756e2ab1c56f20b8e,sg_1795bb8a40a62d29,"Sub(CSRank(open_interest_last),CSRank(Delta(trade_return_1h,4)))",open_interest_like|price_like,delta_x_divergence,open_interest_last;trade_return_1h,ok,,0,False,6949596,6939409,6939409,10187,0,6922733,0.998534,0.996135,0.4080069953
a7ffcore5_51c672faa657c7327a,sg_3c51e7e140d2a28a,"Sub(CSRank(open_interest_last),CSRank(Delta(trade_return_1h,8)))",open_interest_like|price_like,delta_x_divergence,open_interest_last;trade_return_1h,ok,,0,False,6949596,6937453,6937453,12143,0,6921468,0.998253,0.995953,0.4080875155
a7ffcore5_61d21ccf89b03a4c97,sg_3e11a4c58628361f,"Sub(CSRank(open_interest_last),CSRank(Mean(trade_return_24h,8)))",open_interest_like|price_like,delta_x_divergence,open_interest_last;trade_return_24h,ok,,0,False,6949596,6628891,6628891,320705,0,6616141,0.953853,0.952018,0.4119593543
a7ffcore5_33f3ca8f5da3788352,sg_3fd4033092731561,"Sub(CSRank(Delta(open_interest_last,4)),CSRank(trade_return_1h))",open_interest_like|price_like,delta_x_divergence,open_interest_last;trade_return_1h,ok,,0,False,6949596,6939596,6939596,10000,0,6919184,0.998561,0.995624,0.4018088222
a7ffcore5_7d0271123a6c70c755,sg_410de3c577285c9a,"Sub(CSRank(open_interest_mean),CSRank(Delta(trade_return_1h,8)))",open_interest_like|price_like,delta_x_divergence,open_interest_mean;trade_return_1h,ok,,0,False,6949596,6937453,6937453,12143,0,6921612,0.998253,0.995973,0.4081632921
a7ffcore5_fe28f8f96e2f2faff7,sg_48f50d8a59704449,"Sub(CSRank(open_interest_mean),CSRank(Delta(trade_return_1h,4)))",open_interest_like|price_like,delta_x_divergence,open_interest_mean;trade_return_1h,ok,,0,False,6949596,6939409,6939409,10187,0,6922696,0.998534,0.996129,0.4080826969
a7ffcore5_8cf2521ce4f7d53cd3,sg_57edb3f5c854c82e,"Sub(CSRank(Delta(open_interest_mean,4)),CSRank(trade_return_1h))",open_interest_like|price_like,delta_x_divergence,open_interest_mean;trade_return_1h,ok,,0,False,6949596,6939596,6939596,10000,0,6919753,0.998561,0.995706,0.4048651123
a7ffcore5_43cb9bcb8d2be68fbc,sg_7f3c415b044ec257,"Sub(CSRank(Mean(open_interest_last,24)),CSRank(trade_return_1h))",open_interest_like|price_like,delta_x_divergence,open_interest_last;trade_return_1h,ok,,0,False,6949596,6926505,6926505,23091,0,6913365,0.996677,0.994787,0.4099648687
a7ffcore5_97c40177a388f2fb9b,sg_15db3df1183b67c8,"Mul(Neg(ZScore(open_interest_last)),Sign(trade_close))",open_interest_like|price_like,mean_reversion_gate,open_interest_last;trade_close,ok,,0,False,6949596,6942850,6942850,6746,0,6942850,0.999029,0.999029,0.9984855696
a7ffcore5_1696db5ab022ea625a,sg_7175df8e2af8a0a4,"Mul(Neg(ZScore(open_interest_mean)),Sign(trade_close))",open_interest_like|price_like,mean_reversion_gate,open_interest_mean;trade_close,ok,,0,False,6949596,6942850,6942850,6746,0,6942850,0.999029,0.999029,0.9984855696
a7ffcore5_415e7beaa8827a2380,sg_0b772eefebaf73a1,"Mul(Neg(ZScore(open_interest_mean)),Sign(trade_return_1h))",open_interest_like|price_like,mean_reversion_gate,open_interest_mean;trade_return_1h,ok,,0,False,6949596,6941863,6941863,7733,0,6803202,0.998887,0.978935,0.9385695496
a7ffcore5_9f0233c8dcd1196188,sg_b9549a10756f3f24,"Mul(Neg(ZScore(open_interest_last)),Sign(trade_return_1h))",open_interest_like|price_like,mean_reversion_gate,open_interest_last;trade_return_1h,ok,,0,False,6949596,6941863,6941863,7733,0,6803202,0.998887,0.978935,0.9385685468
a7ffcore5_a741fc9ef43c64cb05,sg_5e8ca7c881abf354,"Mul(Neg(ZScore(open_interest_last)),Sign(trade_return_24h))",open_interest_like|price_like,mean_reversion_gate,open_interest_last;trade_return_24h,ok,,0,False,6949596,6632314,6632314,317282,0,6609008,0.954345,0.950992,0.9864683375
a7ffcore5_5a3121f679603426a3,sg_134fa50c6f869234,"Mul(Neg(ZScore(open_interest_mean)),Sign(Mean(trade_close,4)))",open_interest_like|price_like,mean_reversion_gate,open_interest_mean;trade_close,ok,,0,False,6949596,6941383,6941383,8213,0,6941383,0.998818,0.998818,0.9985518533
a7ffcore5_48e01f92f2ac8ecc0d,sg_329f44ad5b73382c,"Mul(Neg(ZScore(Mean(open_interest_mean,8))),Sign(trade_close))",open_interest_like|price_like,mean_reversion_gate,open_interest_mean;trade_close,ok,,0,False,6949596,6938027,6938027,11569,0,6938027,0.998335,0.998335,0.9984855265
a7ffcore5_00938e83c3565229b1,sg_35021d0e4fbe1bee,"Mul(Neg(ZScore(Mean(open_interest_mean,4))),Sign(trade_close))",open_interest_like|price_like,mean_reversion_gate,open_interest_mean;trade_close,ok,,0,False,6949596,6940783,6940783,8813,0,6940783,0.998732,0.998732,0.9984855511
a7ffcore5_53e4fdfd482b21964d,sg_6fabbbe663879dda,"Mul(Neg(ZScore(Mean(open_interest_last,8))),Sign(trade_close))",open_interest_like|price_like,mean_reversion_gate,open_interest_last;trade_close,ok,,0,False,6949596,6938027,6938027,11569,0,6938027,0.998335,0.998335,0.9984855265
a7ffcore5_84f4435b8181b03dbc,sg_77fa9fc8e81c0868,"Mul(Neg(ZScore(open_interest_last)),Sign(Mean(trade_close,4)))",open_interest_like|price_like,mean_reversion_gate,open_interest_last;trade_close,ok,,0,False,6949596,6941383,6941383,8213,0,6941383,0.998818,0.998818,0.9985516584
a7ffcore5_b5092dffb682bbd129,sg_780750af21c90f80,"Mul(Neg(ZScore(open_interest_last)),Sign(Mean(trade_close,8)))",open_interest_like|price_like,mean_reversion_gate,open_interest_last;trade_close,ok,,0,False,6949596,6939427,6939427,10169,0,6939427,0.998537,0.998537,0.9986383728
a7ffcore5_adcd6e3be33ea11ac9,sg_9607f49814b1c97f,"Mul(Neg(ZScore(open_interest_mean)),Sign(Mean(trade_close,8)))",open_interest_like|price_like,mean_reversion_gate,open_interest_mean;trade_close,ok,,0,False,6949596,6939427,6939427,10169,0,6939427,0.998537,0.998537,0.9986386069
a7ffcore5_3a4d6be574cabba11a,sg_9d0c39ff2814d1bb,"Mul(Neg(ZScore(Mean(open_interest_last,4))),Sign(trade_close))",open_interest_like|price_like,mean_reversion_gate,open_interest_last;trade_close,ok,,0,False,6949596,6940783,6940783,8813,0,6940783,0.998732,0.998732,0.9984855511
a7ffcore5_6f1ded81e0ae30d54f,sg_0e09368dcdbb100b,"Mul(Neg(ZScore(open_interest_mean)),Sign(Delta(trade_close,4)))",open_interest_like|price_like,mean_reversion_gate,open_interest_mean;trade_close,ok,,0,False,6949596,6940894,6940894,8702,0,6871683,0.998748,0.988789,0.9644173867
a7ffcore5_4c24f86083a5577114,sg_236efa6bf5b5f469,"Mul(Neg(ZScore(open_interest_last)),Sign(Delta(trade_close,4)))",open_interest_like|price_like,mean_reversion_gate,open_interest_last;trade_close,ok,,0,False,6949596,6940894,6940894,8702,0,6871683,0.998748,0.988789,0.9644132151
a7ffcore5_021ecc7a2459954c37,sg_2dc8041994695351,"Mul(Neg(ZScore(Mean(open_interest_last,24))),Sign(trade_close))",open_interest_like|price_like,mean_reversion_gate,open_interest_last;trade_close,ok,,0,False,6949596,6927003,6927003,22593,0,6927003,0.996749,0.996749,0.9984854277
a7ffcore5_dcf9161b39dc16d0c9,sg_314adc511abf6592,"Mul(Neg(ZScore(open_interest_last)),Sign(Mean(trade_close,24)))",open_interest_like|price_like,mean_reversion_gate,open_interest_last;trade_close,ok,,0,False,6949596,6931603,6931603,17993,0,6931603,0.997411,0.997411,0.9989809191
a7ffcore5_d7d7bccb7c004e31ab,sg_4c4cfff5da7b6cd6,"Mul(Neg(ZScore(Mean(open_interest_mean,24))),Sign(trade_close))",open_interest_like|price_like,mean_reversion_gate,open_interest_mean;trade_close,ok,,0,False,6949596,6927003,6927003,22593,0,6927003,0.996749,0.996749,0.9984854277
a7ffcore5_0ab6716ae094692b45,sg_5600f1eb0c46d129,"Mul(Neg(ZScore(Delta(open_interest_mean,8))),Sign(trade_close))",open_interest_like|price_like,mean_reversion_gate,open_interest_mean;trade_close,ok,,0,False,6949596,6937338,6937338,12258,0,6937338,0.998236,0.998236,0.9984855203
a7ffcore5_5b402433a07af2ba9f,sg_56c75274f35aceb3,"Mul(Neg(ZScore(open_interest_mean)),Sign(Delta(trade_close,8)))",open_interest_like|price_like,mean_reversion_gate,open_interest_mean;trade_close,ok,,0,False,6949596,6938938,6938938,10658,0,6892736,0.998466,0.991818,0.976516082
a7ffcore5_eeaa9755bc8fb5cd95,sg_59d13eef11af5eda,"Mul(Neg(ZScore(Delta(open_interest_mean,4))),Sign(trade_close))",open_interest_like|price_like,mean_reversion_gate,open_interest_mean;trade_close,ok,,0,False,6949596,6940094,6940094,9502,0,6940094,0.998633,0.998633,0.998485545
a7ffcore5_1ace5302f6ab519dab,sg_94d4e461932826e7,"Mul(Neg(ZScore(open_interest_last)),Sign(Delta(trade_close,8)))",open_interest_like|price_like,mean_reversion_gate,open_interest_last;trade_close,ok,,0,False,6949596,6938938,6938938,10658,0,6892736,0.998466,0.991818,0.9765097526
a7ffcore5_8b6e418cd61caf1323,sg_989a570b3a6ff11b,"Mul(Neg(ZScore(Delta(open_interest_last,4))),Sign(trade_close))",open_interest_like|price_like,mean_reversion_gate,open_interest_last;trade_close,ok,,0,False,6949596,6940094,6940094,9502,0,6940094,0.998633,0.998633,0.998485545
a7ffcore5_b309e175eec42e591f,sg_bb7f515d8b4a4a58,"Mul(Neg(ZScore(open_interest_mean)),Sign(Mean(trade_close,24)))",open_interest_like|price_like,mean_reversion_gate,open_interest_mean;trade_close,ok,,0,False,6949596,6931603,6931603,17993,0,6931603,0.997411,0.997411,0.9989813641
a7ffcore5_1366945af1d14e8e7b,sg_e81a62a8148494a8,"Mul(Neg(ZScore(Delta(open_interest_last,8))),Sign(trade_close))",open_interest_like|price_like,mean_reversion_gate,open_interest_last;trade_close,ok,,0,False,6949596,6937338,6937338,12258,0,6937338,0.998236,0.998236,0.9984855203
a7ffcore5_6532a7a11bfefafd8a,sg_0c03203dd463c06b,"Mul(Neg(ZScore(open_interest_mean)),Sign(Delta(trade_close,24)))",open_interest_like|price_like,mean_reversion_gate,open_interest_mean;trade_close,ok,,0,False,6949596,6931114,6931114,18482,0,6906359,0.997341,0.993778,0.9868926558
a7ffcore5_35a2fed54c8c0ea960,sg_82ea865c6dae9493,"Mul(Neg(ZScore(open_interest_last)),Sign(Delta(trade_close,24)))",open_interest_like|price_like,mean_reversion_gate,open_interest_last;trade_close,ok,,0,False,6949596,6931114,6931114,18482,0,6906359,0.997341,0.993778,0.9868924424
a7ffcore5_11f14f649715d7164f,sg_dca7e3ffd7b1b0ae,"Mul(Neg(ZScore(Delta(open_interest_mean,24))),Sign(trade_close))",open_interest_like|price_like,mean_reversion_gate,open_interest_mean;trade_close,ok,,0,False,6949596,6928922,6928922,20674,0,6928922,0.997025,0.997025,0.9984849803
a7ffcore5_c105fe668fa7685fa6,sg_e42174b9234057db,"Mul(Neg(ZScore(Delta(open_interest_last,24))),Sign(trade_close))",open_interest_like|price_like,mean_reversion_gate,open_interest_last;trade_close,ok,,0,False,6949596,6928922,6928922,20674,0,6928922,0.997025,0.997025,0.9984849803
a7ffcore5_1e7b5c0e3422dce240,sg_3c33bc975499515d,"Mul(Neg(ZScore(Mean(open_interest_last,4))),Sign(trade_return_1h))",open_interest_like|price_like,mean_reversion_gate,open_interest_last;trade_return_1h,ok,,0,False,6949596,6940285,6940285,9311,0,6801635,0.99866,0.978709,0.9385259629
a7ffcore5_40c60c33c3173e52c9,sg_4409af6f6f7c3875,"Mul(Neg(ZScore(open_interest_last)),Sign(Mean(trade_return_1h,8)))",open_interest_like|price_like,mean_reversion_gate,open_interest_last;trade_return_1h,ok,,0,False,6949596,6934954,6934954,14642,0,6934895,0.997893,0.997885,0.9986070669
a7ffcore5_d33e5e66f23be3bc26,sg_7bc9caa1d0f58d05,"Mul(Neg(ZScore(open_interest_last)),Sign(Mean(trade_return_1h,4)))",open_interest_like|price_like,mean_reversion_gate,open_interest_last;trade_return_1h,ok,,0,False,6949596,6938902,6938902,10694,0,6937819,0.998461,0.998305,0.9962952891
a7ffcore5_133183959fdd05396e,sg_8de744d1625fcb56,"Mul(Neg(ZScore(Mean(open_interest_last,8))),Sign(trade_return_1h))",open_interest_like|price_like,mean_reversion_gate,open_interest_last;trade_return_1h,ok,,0,False,6949596,6937529,6937529,12067,0,6798901,0.998264,0.978316,0.9384976237
a7ffcore5_da5f6319cc5c6e88d7,sg_eb69a606edb7505c,"Mul(Neg(ZScore(Mean(open_interest_mean,4))),Sign(trade_return_1h))",open_interest_like|price_like,mean_reversion_gate,open_interest_mean;trade_return_1h,ok,,0,False,6949596,6940285,6940285,9311,0,6801635,0.99866,0.978709,0.9385260413
a7ffcore5_ad9ffbc37ec7c99685,sg_f328ed338740754f,"Mul(Neg(ZScore(open_interest_mean)),Sign(Mean(trade_return_1h,8)))",open_interest_like|price_like,mean_reversion_gate,open_interest_mean;trade_return_1h,ok,,0,False,6949596,6934954,6934954,14642,0,6934895,0.997893,0.997885,0.9986072713
a7ffcore5_6681094b87ee50474f,sg_f7d40cc263418ecb,"Mul(Neg(ZScore(open_interest_mean)),Sign(Mean(trade_return_1h,4)))",open_interest_like|price_like,mean_reversion_gate,open_interest_mean;trade_return_1h,ok,,0,False,6949596,6938902,6938902,10694,0,6937819,0.998461,0.998305,0.9962960847
a7ffcore5_31b7600af9792ff11a,sg_3bbd1ea8993a5bd9,"Mul(Neg(ZScore(open_interest_last)),Sign(Mean(trade_return_1h,24)))",open_interest_like|price_like,mean_reversion_gate,open_interest_last;trade_return_1h,ok,,0,False,6949596,6919162,6919162,30434,0,6919162,0.995621,0.995621,0.9990019847
a7ffcore5_1479da223c6a1f7e4c,sg_3cb408b007f039e6,"Mul(Neg(ZScore(Mean(open_interest_last,24))),Sign(trade_return_1h))",open_interest_like|price_like,mean_reversion_gate,open_interest_last;trade_return_1h,ok,,0,False,6949596,6926505,6926505,23091,0,6787966,0.996677,0.976743,0.9384245895
a7ffcore5_4697b426e8e835fd5b,sg_4b07d3aeaa1b7a9a,"Mul(Neg(ZScore(Delta(open_interest_last,4))),Sign(trade_return_1h))",open_interest_like|price_like,mean_reversion_gate,open_interest_last;trade_return_1h,ok,,0,False,6949596,6939596,6939596,10000,0,6800949,0.998561,0.978611,0.9547253498
a7ffcore5_46a7add275c3eb0ce8,sg_520380989a60c33f,"Mul(Neg(ZScore(open_interest_last)),Sign(Delta(trade_return_1h,8)))",open_interest_like|price_like,mean_reversion_gate,open_interest_last;trade_return_1h,ok,,0,False,6949596,6937453,6937453,12143,0,6924116,0.998253,0.996334,0.9816325181
a7ffcore5_d4e554bb26e0ea6f9f,sg_57455352dcb13773,"Mul(Neg(ZScore(open_interest_mean)),Sign(Delta(trade_return_1h,8)))",open_interest_like|price_like,mean_reversion_gate,open_interest_mean;trade_return_1h,ok,,0,False,6949596,6937453,6937453,12143,0,6924116,0.998253,0.996334,0.981633529
a7ffcore5_8f7c5da34d0523e34a,sg_65f0e34871e929bb,"Mul(Neg(ZScore(Mean(open_interest_last,4))),Sign(trade_return_24h))",open_interest_like|price_like,mean_reversion_gate,open_interest_last;trade_return_24h,ok,,0,False,6949596,6631714,6631714,317882,0,6608410,0.954259,0.950906,0.9863952873
a7ffcore5_fdcbd0eb693336c969,sg_8dd207c0dd1e6ef8,"Mul(Neg(ZScore(open_interest_mean)),Sign(Mean(trade_return_1h,24)))",open_interest_like|price_like,mean_reversion_gate,open_interest_mean;trade_return_1h,ok,,0,False,6949596,6919162,6919162,30434,0,6919162,0.995621,0.995621,0.9990023847
a7ffcore5_4f85ed9172acf6d605,sg_9148cd51f6ac3158,"Mul(Neg(ZScore(Delta(open_interest_last,8))),Sign(trade_return_1h))",open_interest_like|price_like,mean_reversion_gate,open_interest_last;trade_return_1h,ok,,0,False,6949596,6936840,6936840,12756,0,6798216,0.998164,0.978217,0.9563338926
a7ffcore5_2063ea32159fbd268b,sg_925c247eff98128d,"Mul(Neg(ZScore(open_interest_last)),Sign(Mean(trade_return_24h,8)))",open_interest_like|price_like,mean_reversion_gate,open_interest_last;trade_return_24h,ok,,0,False,6949596,6628891,6628891,320705,0,6628855,0.953853,0.953848,0.9991545811
a7ffcore5_e7f5d8fab7b8470b71,sg_93bdc2e2201995ed,"Mul(Neg(ZScore(Delta(open_interest_mean,4))),Sign(trade_return_1h))",open_interest_like|price_like,mean_reversion_gate,open_interest_mean;trade_return_1h,ok,,0,False,6949596,6939596,6939596,10000,0,6800949,0.998561,0.978611,0.9548561993
a7ffcore5_5d09fe49c45bf21ac9,sg_a95819a3b1ab6b85,"Mul(Neg(ZScore(open_interest_last)),Sign(Mean(trade_return_24h,4)))",open_interest_like|price_like,mean_reversion_gate,open_interest_last;trade_return_24h,ok,,0,False,6949596,6630847,6630847,318749,0,6630618,0.954134,0.954101,0.9984425125
a7ffcore5_2b2049d7475e0827bc,sg_a9e36a682428e912,"Mul(Neg(ZScore(Mean(open_interest_last,8))),Sign(trade_return_24h))",open_interest_like|price_like,mean_reversion_gate,open_interest_last;trade_return_24h,ok,,0,False,6949596,6630914,6630914,318682,0,6607610,0.954144,0.950791,0.9862988444
a7ffcore5_4461fb0e0e70189e74,sg_ae84722ff91aef42,"Mul(Neg(ZScore(open_interest_mean)),Sign(Delta(trade_return_1h,4)))",open_interest_like|price_like,mean_reversion_gate,open_interest_mean;trade_return_1h,ok,,0,False,6949596,6939409,6939409,10187,0,6924593,0.998534,0.996402,0.9801106054
a7ffcore5_80ebd086ac70d156c5,sg_cad5a445b7380356,"Mul(Neg(ZScore(open_interest_last)),Sign(Delta(trade_return_1h,4)))",open_interest_like|price_like,mean_reversion_gate,open_interest_last;trade_return_1h,ok,,0,False,6949596,6939409,6939409,10187,0,6924593,0.998534,0.996402,0.9801125271
a7ffcore5_a3886c8fec4599aec3,sg_fb9b9a96611da865,"Mul(Neg(ZScore(Delta(open_interest_mean,8))),Sign(trade_return_1h))",open_interest_like|price_like,mean_reversion_gate,open_interest_mean;trade_return_1h,ok,,0,False,6949596,6936840,6936840,12756,0,6798216,0.998164,0.978217,0.9562667015
a7ffcore5_fdc24ebd7772041b83,sg_07d7e04a8c21c3fb,"Mul(Neg(ZScore(Delta(open_interest_last,8))),Sign(trade_return_24h))",open_interest_like|price_like,mean_reversion_gate,open_interest_last;trade_return_24h,ok,,0,False,6949596,6630714,6630714,318882,0,6607410,0.954115,0.950762,0.9891865962
a7ffcore5_ef6f135d875c8e25b1,sg_362b32cce71b9606,"Mul(Neg(ZScore(Mean(open_interest_last,24))),Sign(trade_return_24h))",open_interest_like|price_like,mean_reversion_gate,open_interest_last;trade_return_24h,ok,,0,False,6949596,6627714,6627714,321882,0,6604414,0.953683,0.950331,0.985915224
a7ffcore5_7bbbc611697574863a,sg_53b0eb3c45987f95,"Mul(Neg(ZScore(open_interest_last)),Sign(Delta(trade_return_1h,24)))",open_interest_like|price_like,mean_reversion_gate,open_interest_last;trade_return_1h,ok,,0,False,6949596,6929629,6929629,19967,0,6917172,0.997127,0.995334,0.9825963727
a7ffcore5_f082b243fbdbabf13e,sg_7b77e797d859a5cf,"Mul(Neg(ZScore(open_interest_last)),Sign(Delta(trade_return_24h,8)))",open_interest_like|price_like,mean_reversion_gate,open_interest_last;trade_return_24h,ok,,0,False,6949596,6628402,6628402,321194,0,6626633,0.953782,0.953528,0.9959013306
a7ffcore5_6b18f6829a657421cc,sg_929baeffe8843d91,"Mul(Neg(ZScore(open_interest_mean)),Sign(Delta(trade_return_1h,24)))",open_interest_like|price_like,mean_reversion_gate,open_interest_mean;trade_return_1h,ok,,0,False,6949596,6929629,6929629,19967,0,6917172,0.997127,0.995334,0.9825985346
a7ffcore5_650852b0cdf55231b0,sg_9463909e4610c40e,"Mul(Neg(ZScore(open_interest_last)),Sign(Mean(trade_return_24h,24)))",open_interest_like|price_like,mean_reversion_gate,open_interest_last;trade_return_24h,ok,,0,False,6949596,6621067,6621067,328529,0,6621067,0.952727,0.952727,0.9994960998
a7ffcore5_c0006470328ac9bd1f,sg_bab369d0ea2afdca,"Mul(Neg(ZScore(open_interest_last)),Sign(Delta(trade_return_24h,4)))",open_interest_like|price_like,mean_reversion_gate,open_interest_last;trade_return_24h,ok,,0,False,6949596,6630358,6630358,319238,0,6626706,0.954064,0.953538,0.9924540491
a7ffcore5_899926471ff4b94d1c,sg_d7ca3273d5c96a95,"Mul(Neg(ZScore(Delta(open_interest_last,24))),Sign(trade_return_1h))",open_interest_like|price_like,mean_reversion_gate,open_interest_last;trade_return_1h,ok,,0,False,6949596,6928424,6928424,21172,0,6789861,0.996953,0.977015,0.9560991024
a7ffcore5_f326aa1933d9e37652,sg_f30b4603bd07a5c5,"Mul(Neg(ZScore(Delta(open_interest_last,4))),Sign(trade_return_24h))",open_interest_like|price_like,mean_reversion_gate,open_interest_last;trade_return_24h,ok,,0,False,6949596,6631514,6631514,318082,0,6608210,0.95423,0.950877,0.9886461983
a7ffcore5_f414f2621b03d718f6,sg_d23690139973776b,"Mul(Neg(ZScore(Delta(open_interest_last,24))),Sign(trade_return_24h))",open_interest_like|price_like,mean_reversion_gate,open_interest_last;trade_return_24h,ok,,0,False,6949596,6630122,6630122,319474,0,6606821,0.95403,0.950677,0.9894415546
a7ffcore5_b5ca8f5d8602f7f57a,sg_f916019101b70f65,"Mul(Neg(ZScore(open_interest_last)),Sign(Delta(trade_return_24h,24)))",open_interest_like|price_like,mean_reversion_gate,open_interest_last;trade_return_24h,ok,,0,False,6949596,6620578,6620578,329018,0,6620211,0.952657,0.952604,0.9989053009
a7ffcore5_43fabccffb350f0e09,sg_00670667216eff35,"Mul(Neg(ZScore(Mean(open_interest_last,4))),Sign(Mean(trade_close,4)))",open_interest_like|price_like,mean_reversion_gate,open_interest_last;trade_close,ok,,0,False,6949596,6940783,6940783,8813,0,6940783,0.998732,0.998732,0.9984855511
a7ffcore5_cf0f79dcd67e9c5561,sg_0cdb05ec88ac8170,"Mul(Neg(ZScore(Mean(open_interest_last,8))),Sign(Mean(trade_close,4)))",open_interest_like|price_like,mean_reversion_gate,open_interest_last;trade_close,ok,,0,False,6949596,6938027,6938027,11569,0,6938027,0.998335,0.998335,0.9984855265
a7ffcore5_2ab407014f46d59776,sg_507b4eb0062187ca,"Mul(Neg(ZScore(open_interest_mean)),Sign(ZScore(Mean(trade_close,4))))",open_interest_like|price_like,mean_reversion_gate,open_interest_mean;trade_close,ok,,0,False,6949596,6941383,6941383,8213,0,6941383,0.998818,0.998818,0.9985417241
a7ffcore5_3cf008069654ad2f84,sg_957798a7c733ed7c,"Mul(Neg(ZScore(ZScore(Mean(open_interest_last,8)))),Sign(trade_close))",open_interest_like|price_like,mean_reversion_gate,open_interest_last;trade_close,ok,,0,False,6949596,6938027,6938027,11569,0,6938027,0.998335,0.998335,0.9984855265
a7ffcore5_1dfa02fa5e3a62814e,sg_95d8264b3c8f3c27,"Mul(Neg(ZScore(Mean(open_interest_mean,4))),Sign(Mean(trade_close,8)))",open_interest_like|price_like,mean_reversion_gate,open_interest_mean;trade_close,ok,,0,False,6949596,6938827,6938827,10769,0,6938827,0.99845,0.99845,0.9985729926
a7ffcore5_6803ac7645ce5d8696,sg_a4bacc2bc589ee48,"Mul(Neg(ZScore(Mean(open_interest_mean,8))),Sign(Mean(trade_close,4)))",open_interest_like|price_like,mean_reversion_gate,open_interest_mean;trade_close,ok,,0,False,6949596,6938027,6938027,11569,0,6938027,0.998335,0.998335,0.9984855265
a7ffcore5_3a9d1394967a145ec7,sg_afeed6a61553c2c3,"Mul(Neg(ZScore(Mean(open_interest_last,4))),Sign(Mean(trade_close,8)))",open_interest_like|price_like,mean_reversion_gate,open_interest_last;trade_close,ok,,0,False,6949596,6938827,6938827,10769,0,6938827,0.99845,0.99845,0.9985728444
a7ffcore5_cf4d62d794f3a2c221,sg_b06afc754ed73d4a,"Mul(Neg(ZScore(open_interest_last)),Sign(ZScore(Mean(trade_close,4))))",open_interest_like|price_like,mean_reversion_gate,open_interest_last;trade_close,ok,,0,False,6949596,6941383,6941383,8213,0,6941383,0.998818,0.998818,0.9985415312
a7ffcore5_3ccec8b8d7dfdaa5a9,sg_b0aa2d6ddaa5c2cb,"Mul(Neg(ZScore(open_interest_last)),Sign(ZScore(Mean(trade_close,8))))",open_interest_like|price_like,mean_reversion_gate,open_interest_last;trade_close,ok,,0,False,6949596,6939427,6939427,10169,0,6939427,0.998537,0.998537,0.9986281813
a7ffcore5_80b1da01c913ef94d1,sg_b86cb769a0b77d35,"Mul(Neg(ZScore(Mean(open_interest_mean,8))),Sign(Mean(trade_close,8)))",open_interest_like|price_like,mean_reversion_gate,open_interest_mean;trade_close,ok,,0,False,6949596,6938027,6938027,11569,0,6938027,0.998335,0.998335,0.9984855265
a7ffcore5_494eac93fb202be697,sg_c11c3ba703dada10,"Mul(Neg(ZScore(Mean(open_interest_mean,4))),Sign(Mean(trade_close,4)))",open_interest_like|price_like,mean_reversion_gate,open_interest_mean;trade_close,ok,,0,False,6949596,6940783,6940783,8813,0,6940783,0.998732,0.998732,0.9984855511
a7ffcore5_3a017861734ed2fb7d,sg_c49569999b3761e1,"Mul(Neg(ZScore(ZScore(Mean(open_interest_last,4)))),Sign(trade_close))",open_interest_like|price_like,mean_reversion_gate,open_interest_last;trade_close,ok,,0,False,6949596,6940783,6940783,8813,0,6940783,0.998732,0.998732,0.9984855511
a7ffcore5_8abd9dd942b4b2508a,sg_c914a32d0fcdfe23,"Mul(Neg(ZScore(Mean(open_interest_last,8))),Sign(Mean(trade_close,8)))",open_interest_like|price_like,mean_reversion_gate,open_interest_last;trade_close,ok,,0,False,6949596,6938027,6938027,11569,0,6938027,0.998335,0.998335,0.9984855265
a7ffcore5_261d42a868e33f28f3,sg_d11b2754742e58d5,"Mul(Neg(ZScore(ZScore(Mean(open_interest_mean,4)))),Sign(trade_close))",open_interest_like|price_like,mean_reversion_gate,open_interest_mean;trade_close,ok,,0,False,6949596,6940783,6940783,8813,0,6940783,0.998732,0.998732,0.9984855511
a7ffcore5_3a96ed58b1f38dc534,sg_dc6da7380bc8dde7,"Mul(Neg(ZScore(open_interest_mean)),Sign(ZScore(Mean(trade_close,8))))",open_interest_like|price_like,mean_reversion_gate,open_interest_mean;trade_close,ok,,0,False,6949596,6939427,6939427,10169,0,6939427,0.998537,0.998537,0.9986284132
a7ffcore5_ca8985e9f3134dc5ec,sg_fc95baf9251df475,"Mul(Neg(ZScore(ZScore(Mean(open_interest_mean,8)))),Sign(trade_close))",open_interest_like|price_like,mean_reversion_gate,open_interest_mean;trade_close,ok,,0,False,6949596,6938027,6938027,11569,0,6938027,0.998335,0.998335,0.9984855265
a7ffcore5_eebf741b4b69378825,sg_01e06c3ff2e960b1,"Mul(Neg(ZScore(Mean(open_interest_mean,8))),Sign(Delta(trade_close,8)))",open_interest_like|price_like,mean_reversion_gate,open_interest_mean;trade_close,ok,,0,False,6949596,6937538,6937538,12058,0,6891345,0.998265,0.991618,0.976348238
a7ffcore5_6e3ab02ea25b6c58fc,sg_065e0dbfb8aa09f8,"Mul(Neg(ZScore(Mean(open_interest_last,8))),Sign(Mean(trade_close,24)))",open_interest_like|price_like,mean_reversion_gate,open_interest_last;trade_close,ok,,0,False,6949596,6930203,6930203,19393,0,6930203,0.997209,0.997209,0.9988302179
a7ffcore5_0f7e7096d7563e5511,sg_1a6d06cde78a3246,"Mul(Neg(ZScore(ZScore(Mean(open_interest_mean,24)))),Sign(trade_close))",open_interest_like|price_like,mean_reversion_gate,open_interest_mean;trade_close,ok,,0,False,6949596,6927003,6927003,22593,0,6927003,0.996749,0.996749,0.9984854277
a7ffcore5_e9d30f2669d100c5e8,sg_1c42a6c46b58aeea,"Mul(Neg(ZScore(Mean(open_interest_mean,4))),Sign(Delta(trade_close,4)))",open_interest_like|price_like,mean_reversion_gate,open_interest_mean;trade_close,ok,,0,False,6949596,6940294,6940294,9302,0,6871087,0.998662,0.988703,0.9643403489
a7ffcore5_952cb466c93d954dab,sg_1df42517ce0234c7,"Mul(Neg(ZScore(Mean(open_interest_last,4))),Sign(Mean(trade_close,24)))",open_interest_like|price_like,mean_reversion_gate,open_interest_last;trade_close,ok,,0,False,6949596,6931003,6931003,18593,0,6931003,0.997325,0.997325,0.9989162546
a7ffcore5_b8522de8b6805b1c4c,sg_310b29cbdfb9d4f8,"Mul(Neg(ZScore(Delta(open_interest_mean,4))),Sign(Mean(trade_close,8)))",open_interest_like|price_like,mean_reversion_gate,open_interest_mean;trade_close,ok,,0,False,6949596,6938627,6938627,10969,0,6938627,0.998422,0.998422,0.99832984
a7ffcore5_1963aa58ba4e583c00,sg_464aaec632479ca6,"Mul(Neg(ZScore(Mean(open_interest_last,8))),Sign(Delta(trade_close,8)))",open_interest_like|price_like,mean_reversion_gate,open_interest_last;trade_close,ok,,0,False,6949596,6937538,6937538,12058,0,6891345,0.998265,0.991618,0.9763484185
a7ffcore5_0c4783e51c0a5b6767,sg_57ba12c74cc7c1ed,"Mul(Neg(ZScore(Mean(open_interest_last,4))),Sign(Delta(trade_close,8)))",open_interest_like|price_like,mean_reversion_gate,open_interest_last;trade_close,ok,,0,False,6949596,6938338,6938338,11258,0,6892140,0.99838,0.991732,0.9764447078
a7ffcore5_6cab7bee969a9f47ec,sg_59d53c4389e1636f,"Mul(Neg(ZScore(Mean(open_interest_mean,24))),Sign(Mean(trade_close,8)))",open_interest_like|price_like,mean_reversion_gate,open_interest_mean;trade_close,ok,,0,False,6949596,6927003,6927003,22593,0,6927003,0.996749,0.996749,0.9984854277
a7ffcore5_7d6c377a120369ed5a,sg_5e6af8b68ff5c08d,"Mul(Neg(ZScore(open_interest_mean)),Sign(ZScore(Mean(trade_close,24))))",open_interest_like|price_like,mean_reversion_gate,open_interest_mean;trade_close,ok,,0,False,6949596,6931603,6931603,17993,0,6931603,0.997411,0.997411,0.9989709255
a7ffcore5_d8fa764ab5e5f7ebe5,sg_6604aa07fbb33922,"Mul(Neg(ZScore(Delta(open_interest_last,4))),Sign(Mean(trade_close,8)))",open_interest_like|price_like,mean_reversion_gate,open_interest_last;trade_close,ok,,0,False,6949596,6938627,6938627,10969,0,6938627,0.998422,0.998422,0.998353073
a7ffcore5_c68f29be9518f15dc3,sg_67a33b873cc9d4c7,"Mul(Neg(ZScore(Delta(open_interest_mean,8))),Sign(Mean(trade_close,8)))",open_interest_like|price_like,mean_reversion_gate,open_interest_mean;trade_close,ok,,0,False,6949596,6937338,6937338,12258,0,6937338,0.998236,0.998236,0.9984855203
a7ffcore5_21a7c8cbb43157b113,sg_6df6ea725ff12c31,"Mul(Neg(ZScore(Delta(open_interest_last,4))),Sign(Mean(trade_close,4)))",open_interest_like|price_like,mean_reversion_gate,open_interest_last;trade_close,ok,,0,False,6949596,6940094,6940094,9502,0,6940094,0.998633,0.998633,0.998485545
a7ffcore5_0fdd60d3e943e59687,sg_726c1868d3eed24b,"Mul(Neg(ZScore(open_interest_last)),Sign(ZScore(Mean(trade_close,24))))",open_interest_like|price_like,mean_reversion_gate,open_interest_last;trade_close,ok,,0,False,6949596,6931603,6931603,17993,0,6931603,0.997411,0.997411,0.9989704836
a7ffcore5_4e00011e892817dda6,sg_728942c7b6bba5f2,"Mul(Neg(ZScore(Mean(open_interest_last,24))),Sign(Mean(trade_close,4)))",open_interest_like|price_like,mean_reversion_gate,open_interest_last;trade_close,ok,,0,False,6949596,6927003,6927003,22593,0,6927003,0.996749,0.996749,0.9984854277
a7ffcore5_7d62e03aea70e1eb2d,sg_7b875970241457bc,"Mul(Neg(ZScore(Mean(open_interest_mean,8))),Sign(Delta(trade_close,4)))",open_interest_like|price_like,mean_reversion_gate,open_interest_mean;trade_close,ok,,0,False,6949596,6938027,6938027,11569,0,6868830,0.998335,0.988378,0.9642985285
a7ffcore5_3f4587cf14ddad9c88,sg_876936edb429336f,"Mul(Neg(ZScore(Mean(open_interest_mean,8))),Sign(Mean(trade_close,24)))",open_interest_like|price_like,mean_reversion_gate,open_interest_mean;trade_close,ok,,0,False,6949596,6930203,6930203,19393,0,6930203,0.997209,0.997209,0.9988304749
a7ffcore5_3ca338d0052ff3de04,sg_87d8aadf91d457d2,"Mul(Neg(ZScore(Mean(open_interest_last,4))),Sign(Delta(trade_close,4)))",open_interest_like|price_like,mean_reversion_gate,open_interest_last;trade_close,ok,,0,False,6949596,6940294,6940294,9302,0,6871087,0.998662,0.988703,0.9643400542
a7ffcore5_f742a218edbd6ca573,sg_96995841a295efe8,"Mul(Neg(ZScore(Mean(open_interest_mean,24))),Sign(Mean(trade_close,4)))",open_interest_like|price_like,mean_reversion_gate,open_interest_mean;trade_close,ok,,0,False,6949596,6927003,6927003,22593,0,6927003,0.996749,0.996749,0.9984854277
a7ffcore5_625d9e2a0a8a1ffb21,sg_990c55917ff4ecbe,"Mul(Neg(ZScore(Delta(open_interest_mean,8))),Sign(Mean(trade_close,4)))",open_interest_like|price_like,mean_reversion_gate,open_interest_mean;trade_close,ok,,0,False,6949596,6937338,6937338,12258,0,6937338,0.998236,0.998236,0.9984855203
a7ffcore5_58379cec175d00d94e,sg_9b7832725d4dd275,"Mul(Neg(ZScore(ZScore(Mean(open_interest_last,24)))),Sign(trade_close))",open_interest_like|price_like,mean_reversion_gate,open_interest_last;trade_close,ok,,0,False,6949596,6927003,6927003,22593,0,6927003,0.996749,0.996749,0.9984854277
a7ffcore5_f077cbcf4bc8bb9faf,sg_a4b4253ba328a0a4,"Mul(Neg(ZScore(Mean(open_interest_last,8))),Sign(Delta(trade_close,4)))",open_interest_like|price_like,mean_reversion_gate,open_interest_last;trade_close,ok,,0,False,6949596,6938027,6938027,11569,0,6868830,0.998335,0.988378,0.9642980151
a7ffcore5_218d4210f8b5268c3f,sg_a62b479903e10431,"Mul(Neg(ZScore(Mean(open_interest_last,24))),Sign(Mean(trade_close,8)))",open_interest_like|price_like,mean_reversion_gate,open_interest_last;trade_close,ok,,0,False,6949596,6927003,6927003,22593,0,6927003,0.996749,0.996749,0.9984854277
a7ffcore5_1640e3b2b02e509742,sg_a9cc596f86209035,"Mul(Neg(ZScore(Mean(open_interest_mean,4))),Sign(Delta(trade_close,8)))",open_interest_like|price_like,mean_reversion_gate,open_interest_mean;trade_close,ok,,0,False,6949596,6938338,6938338,11258,0,6892140,0.99838,0.991732,0.9764450907
a7ffcore5_08bebdf81544e01497,sg_bcaddb1f410c12e1,"Mul(Neg(ZScore(Delta(open_interest_last,8))),Sign(Mean(trade_close,8)))",open_interest_like|price_like,mean_reversion_gate,open_interest_last;trade_close,ok,,0,False,6949596,6937338,6937338,12258,0,6937338,0.998236,0.998236,0.9984855203
a7ffcore5_35bc11b3f66a3c5223,sg_cc10a3db39aa7092,"Mul(Neg(ZScore(Delta(open_interest_mean,4))),Sign(Mean(trade_close,4)))",open_interest_like|price_like,mean_reversion_gate,open_interest_mean;trade_close,ok,,0,False,6949596,6940094,6940094,9502,0,6940094,0.998633,0.998633,0.998485545
a7ffcore5_1caefe1090deb89fed,sg_e40eea05dfb24036,"Mul(Neg(ZScore(Delta(open_interest_last,8))),Sign(Mean(trade_close,4)))",open_interest_like|price_like,mean_reversion_gate,open_interest_last;trade_close,ok,,0,False,6949596,6937338,6937338,12258,0,6937338,0.998236,0.998236,0.9984855203
a7ffcore5_31cbeeb93f62601a9c,sg_e561a7859ab6ed1b,"Mul(Neg(ZScore(Mean(open_interest_mean,4))),Sign(Mean(trade_close,24)))",open_interest_like|price_like,mean_reversion_gate,open_interest_mean;trade_close,ok,,0,False,6949596,6931003,6931003,18593,0,6931003,0.997325,0.997325,0.9989165946
a7ffcore5_6f73a33daf9ad06f14,sg_012832743cc388ed,"Mul(Neg(ZScore(Delta(open_interest_last,8))),Sign(Delta(trade_close,4)))",open_interest_like|price_like,mean_reversion_gate,open_interest_last;trade_close,ok,,0,False,6949596,6937338,6937338,12258,0,6868147,0.998236,0.98828,0.9737518223
a7ffcore5_c363bad6300f3ba390,sg_057b3af03cf8192d,"Mul(Neg(ZScore(Mean(open_interest_mean,4))),Sign(Delta(trade_close,24)))",open_interest_like|price_like,mean_reversion_gate,open_interest_mean;trade_close,ok,,0,False,6949596,6930514,6930514,19082,0,6905761,0.997254,0.993692,0.9868178111
a7ffcore5_78bb5cab5803e1320f,sg_06f68192c9909050,"Mul(Neg(ZScore(Delta(open_interest_mean,8))),Sign(Mean(trade_close,24)))",open_interest_like|price_like,mean_reversion_gate,open_interest_mean;trade_close,ok,,0,False,6949596,6930003,6930003,19593,0,6930003,0.997181,0.997181,0.9981578868
a7ffcore5_3bebbf951fb4027ab4,sg_17c21720867cf37a,"Mul(Neg(ZScore(Delta(open_interest_last,24))),Sign(Mean(trade_close,4)))",open_interest_like|price_like,mean_reversion_gate,open_interest_last;trade_close,ok,,0,False,6949596,6928922,6928922,20674,0,6928922,0.997025,0.997025,0.9984849803
a7ffcore5_acaa29d7e5ccadc8d6,sg_188fb125b9196d69,"Mul(Neg(ZScore(Delta(open_interest_mean,24))),Sign(Mean(trade_close,4)))",open_interest_like|price_like,mean_reversion_gate,open_interest_mean;trade_close,ok,,0,False,6949596,6928922,6928922,20674,0,6928922,0.997025,0.997025,0.9984849803
a7ffcore5_219b27f1568070a747,sg_1e7bb19cf4c19b63,"Mul(Neg(ZScore(Delta(open_interest_last,8))),Sign(Mean(trade_close,24)))",open_interest_like|price_like,mean_reversion_gate,open_interest_last;trade_close,ok,,0,False,6949596,6930003,6930003,19593,0,6930003,0.997181,0.997181,0.9982181678
a7ffcore5_855e4cc1d05151f729,sg_38fe65d17a8eba3b,"Mul(Neg(ZScore(Mean(open_interest_last,24))),Sign(Delta(trade_close,8)))",open_interest_like|price_like,mean_reversion_gate,open_interest_last;trade_close,ok,,0,False,6949596,6927003,6927003,22593,0,6880835,0.996749,0.990106,0.9762761272
a7ffcore5_2904ff05e6bb681dbc,sg_3adf84cae476480c,"Mul(Neg(ZScore(Delta(open_interest_last,4))),Sign(Delta(trade_close,8)))",open_interest_like|price_like,mean_reversion_gate,open_interest_last;trade_close,ok,,0,False,6949596,6938138,6938138,11458,0,6891941,0.998351,0.991704,0.9820807538
a7ffcore5_ad4e93c812b9f5ee7f,sg_3fcad4eb691f4266,"Mul(Neg(ZScore(Delta(open_interest_last,8))),Sign(Delta(trade_close,8)))",open_interest_like|price_like,mean_reversion_gate,open_interest_last;trade_close,ok,,0,False,6949596,6937338,6937338,12258,0,6891145,0.998236,0.991589,0.9824975487
a7ffcore5_fea2c837caa4ea7a1f,sg_54b17917ce8b45e1,"Mul(Neg(ZScore(Delta(open_interest_mean,4))),Sign(Mean(trade_close,24)))",open_interest_like|price_like,mean_reversion_gate,open_interest_mean;trade_close,ok,,0,False,6949596,6930803,6930803,18793,0,6930803,0.997296,0.997296,0.998119037
a7ffcore5_f730e71757ec872b66,sg_5b3cad39ca2cc2e0,"Mul(Neg(ZScore(Mean(open_interest_last,4))),Sign(Delta(trade_close,24)))",open_interest_like|price_like,mean_reversion_gate,open_interest_last;trade_close,ok,,0,False,6949596,6930514,6930514,19082,0,6905761,0.997254,0.993692,0.9868187468
a7ffcore5_a4cb105bf00e94625f,sg_64e33d5abaa597ac,"Mul(Neg(ZScore(Delta(open_interest_mean,4))),Sign(Delta(trade_close,8)))",open_interest_like|price_like,mean_reversion_gate,open_interest_mean;trade_close,ok,,0,False,6949596,6938138,6938138,11458,0,6891941,0.998351,0.991704,0.9824438449
a7ffcore5_843756aad758465e17,sg_69734f5a1d41dffe,"Mul(Neg(ZScore(Mean(open_interest_mean,24))),Sign(Delta(trade_close,4)))",open_interest_like|price_like,mean_reversion_gate,open_interest_mean;trade_close,ok,,0,False,6949596,6927003,6927003,22593,0,6857847,0.996749,0.986798,0.9642369161
a7ffcore5_1709b168eef5dc5674,sg_749162415fc5a6c0,"Mul(Neg(ZScore(Delta(open_interest_mean,24))),Sign(Mean(trade_close,8)))",open_interest_like|price_like,mean_reversion_gate,open_interest_mean;trade_close,ok,,0,False,6949596,6928922,6928922,20674,0,6928922,0.997025,0.997025,0.9984849803
a7ffcore5_306c500ec1654b6809,sg_89f0ad53cfe80544,"Mul(Neg(ZScore(Mean(open_interest_mean,24))),Sign(Mean(trade_close,24)))",open_interest_like|price_like,mean_reversion_gate,open_interest_mean;trade_close,ok,,0,False,6949596,6927003,6927003,22593,0,6927003,0.996749,0.996749,0.9984854277
a7ffcore5_e5a75e8bfa6d558a34,sg_9edc865a3b34405f,"Mul(Neg(ZScore(Mean(open_interest_last,24))),Sign(Mean(trade_close,24)))",open_interest_like|price_like,mean_reversion_gate,open_interest_last;trade_close,ok,,0,False,6949596,6927003,6927003,22593,0,6927003,0.996749,0.996749,0.9984854277
a7ffcore5_c46fd7f42b4b741b59,sg_a5a5b20ca6eb8a79,"Mul(Neg(ZScore(Delta(open_interest_mean,8))),Sign(Delta(trade_close,8)))",open_interest_like|price_like,mean_reversion_gate,open_interest_mean;trade_close,ok,,0,False,6949596,6937338,6937338,12258,0,6891145,0.998236,0.991589,0.9824736296
a7ffcore5_a2b6fac54447b1ebe4,sg_ad644473b76699ba,"Mul(Neg(ZScore(Delta(open_interest_mean,4))),Sign(Delta(trade_close,4)))",open_interest_like|price_like,mean_reversion_gate,open_interest_mean;trade_close,ok,,0,False,6949596,6940094,6940094,9502,0,6870888,0.998633,0.988674,0.9735816323
a7ffcore5_4181cf7959cbf409e4,sg_b0efde7e27893811,"Mul(Neg(ZScore(Delta(open_interest_last,4))),Sign(Delta(trade_close,4)))",open_interest_like|price_like,mean_reversion_gate,open_interest_last;trade_close,ok,,0,False,6949596,6940094,6940094,9502,0,6870888,0.998633,0.988674,0.9739382919
a7ffcore5_389f10840d00120774,sg_bd5d816b0e617c19,"Mul(Neg(ZScore(Mean(open_interest_last,24))),Sign(Delta(trade_close,4)))",open_interest_like|price_like,mean_reversion_gate,open_interest_last;trade_close,ok,,0,False,6949596,6927003,6927003,22593,0,6857847,0.996749,0.986798,0.9642366557
a7ffcore5_0b19b159896f0b664e,sg_c093e80b168f10d9,"Mul(Neg(ZScore(Mean(open_interest_last,8))),Sign(Delta(trade_close,24)))",open_interest_like|price_like,mean_reversion_gate,open_interest_last;trade_close,ok,,0,False,6949596,6929714,6929714,19882,0,6904961,0.997139,0.993577,0.9867248257
a7ffcore5_ea142b4ed66776b9cd,sg_c468a6010c0478fc,"Mul(Neg(ZScore(Delta(open_interest_last,4))),Sign(Mean(trade_close,24)))",open_interest_like|price_like,mean_reversion_gate,open_interest_last;trade_close,ok,,0,False,6949596,6930803,6930803,18793,0,6930803,0.997296,0.997296,0.9981880171
a7ffcore5_390ea2e8b9236b3198,sg_c4e37586ba31b239,"Mul(Neg(ZScore(Delta(open_interest_last,24))),Sign(Mean(trade_close,8)))",open_interest_like|price_like,mean_reversion_gate,open_interest_last;trade_close,ok,,0,False,6949596,6928922,6928922,20674,0,6928922,0.997025,0.997025,0.9984849803
a7ffcore5_2a3fc3fb5a307a9493,sg_dd5021d6f935d7c7,"Mul(Neg(ZScore(Delta(open_interest_mean,8))),Sign(Delta(trade_close,4)))",open_interest_like|price_like,mean_reversion_gate,open_interest_mean;trade_close,ok,,0,False,6949596,6937338,6937338,12258,0,6868147,0.998236,0.98828,0.9737863159
a7ffcore5_81115406b5050182eb,sg_e9bfbb4809a65933,"Mul(Neg(ZScore(Mean(open_interest_mean,24))),Sign(Delta(trade_close,8)))",open_interest_like|price_like,mean_reversion_gate,open_interest_mean;trade_close,ok,,0,False,6949596,6927003,6927003,22593,0,6880835,0.996749,0.990106,0.9762761853
a7ffcore5_69148c8eef9c4b02f6,sg_fa0f5ee2c260b0b1,"Mul(Neg(ZScore(Mean(open_interest_mean,8))),Sign(Delta(trade_close,24)))",open_interest_like|price_like,mean_reversion_gate,open_interest_mean;trade_close,ok,,0,False,6949596,6929714,6929714,19882,0,6904961,0.997139,0.993577,0.9867236914
a7ffcore5_efc0c8dd81af38ff00,sg_08c85b69ae2cfaad,"Mul(Neg(ZScore(Delta(open_interest_mean,24))),Sign(Delta(trade_close,4)))",open_interest_like|price_like,mean_reversion_gate,open_interest_mean;trade_close,ok,,0,False,6949596,6928922,6928922,20674,0,6859747,0.997025,0.987071,0.9738197703
a7ffcore5_baf1a75ef454211f1a,sg_0fcc711e82d3e851,"Mul(Neg(ZScore(Delta(open_interest_last,24))),Sign(Delta(trade_close,8)))",open_interest_like|price_like,mean_reversion_gate,open_interest_last;trade_close,ok,,0,False,6949596,6928922,6928922,20674,0,6882741,0.997025,0.99038,0.9820712934
a7ffcore5_b4c59c8694477b760a,sg_741eefb173613818,"Mul(Neg(ZScore(Delta(open_interest_mean,24))),Sign(Delta(trade_close,8)))",open_interest_like|price_like,mean_reversion_gate,open_interest_mean;trade_close,ok,,0,False,6949596,6928922,6928922,20674,0,6882741,0.997025,0.99038,0.9823044278
a7ffcore5_96a9323107a50f6b35,sg_891b11403947878a,"Mul(Neg(ZScore(Delta(open_interest_last,24))),Sign(Delta(trade_close,4)))",open_interest_like|price_like,mean_reversion_gate,open_interest_last;trade_close,ok,,0,False,6949596,6928922,6928922,20674,0,6859747,0.997025,0.987071,0.9738284826
a7ffcore5_07bc27522ba7df3e2f,sg_8e0ff8b6a05b7b6e,"Mul(Neg(ZScore(Mean(open_interest_last,24))),Sign(Delta(trade_close,24)))",open_interest_like|price_like,mean_reversion_gate,open_interest_last;trade_close,ok,,0,False,6949596,6926514,6926514,23082,0,6901765,0.996679,0.993117,0.986356322
a7ffcore5_2785be37d31870a000,sg_a6333ee05d3d2b9a,"Mul(Neg(ZScore(Delta(open_interest_last,8))),Sign(Delta(trade_close,24)))",open_interest_like|price_like,mean_reversion_gate,open_interest_last;trade_close,ok,,0,False,6949596,6929514,6929514,20082,0,6904761,0.99711,0.993549,0.9895647193
a7ffcore5_f687ee1e9ed95c3b67,sg_bbf47d596fbc3709,"Mul(Neg(ZScore(Delta(open_interest_last,24))),Sign(Mean(trade_close,24)))",open_interest_like|price_like,mean_reversion_gate,open_interest_last;trade_close,ok,,0,False,6949596,6928922,6928922,20674,0,6928922,0.997025,0.997025,0.9984849803
a7ffcore5_047d48e203fb9e72cd,sg_bed5b22cd02c2ef7,"Mul(Neg(ZScore(Delta(open_interest_mean,4))),Sign(Delta(trade_close,24)))",open_interest_like|price_like,mean_reversion_gate,open_interest_mean;trade_close,ok,,0,False,6949596,6930314,6930314,19282,0,6905561,0.997225,0.993664,0.9891952758
a7ffcore5_28fbb71b2c1d62f3c3,sg_df716afb782c24f3,"Mul(Neg(ZScore(Delta(open_interest_last,4))),Sign(Delta(trade_close,24)))",open_interest_like|price_like,mean_reversion_gate,open_interest_last;trade_close,ok,,0,False,6949596,6930314,6930314,19282,0,6905561,0.997225,0.993664,0.9890559898
a7ffcore5_a3af6b68eb21e4cf8a,sg_ef381a61895664e0,"Mul(Neg(ZScore(Delta(open_interest_mean,8))),Sign(Delta(trade_close,24)))",open_interest_like|price_like,mean_reversion_gate,open_interest_mean;trade_close,ok,,0,False,6949596,6929514,6929514,20082,0,6904761,0.99711,0.993549,0.9893243809
a7ffcore5_2a431e8273d49d0f4f,sg_ef43562f892a6348,"Mul(Neg(ZScore(Mean(open_interest_mean,24))),Sign(Delta(trade_close,24)))",open_interest_like|price_like,mean_reversion_gate,open_interest_mean;trade_close,ok,,0,False,6949596,6926514,6926514,23082,0,6901765,0.996679,0.993117,0.986355341
a7ffcore5_137b8e94d43629705c,sg_fa16588bc2b8e80a,"Mul(Neg(ZScore(Delta(open_interest_mean,24))),Sign(Mean(trade_close,24)))",open_interest_like|price_like,mean_reversion_gate,open_interest_mean;trade_close,ok,,0,False,6949596,6928922,6928922,20674,0,6928922,0.997025,0.997025,0.9984849803
a7ffcore5_99eac44ab760395acc,sg_06470f69b2714037,"Mul(Neg(ZScore(ZScore(Mean(open_interest_mean,4)))),Sign(trade_return_1h))",open_interest_like|price_like,mean_reversion_gate,open_interest_mean;trade_return_1h,ok,,0,False,6949596,6940285,6940285,9311,0,6801635,0.99866,0.978709,0.9385260413
a7ffcore5_ca2b6ff441fa46169e,sg_09250c0fcb66ae85,"Mul(Neg(ZScore(Mean(open_interest_last,8))),Sign(Mean(trade_return_1h,8)))",open_interest_like|price_like,mean_reversion_gate,open_interest_last;trade_return_1h,ok,,0,False,6949596,6933554,6933554,16042,0,6933495,0.997692,0.997683,0.9984545606
a7ffcore5_c66dcf90e546877e5e,sg_1763c788d94ba60d,"Mul(Neg(ZScore(ZScore(Mean(open_interest_last,4)))),Sign(trade_return_1h))",open_interest_like|price_like,mean_reversion_gate,open_interest_last;trade_return_1h,ok,,0,False,6949596,6940285,6940285,9311,0,6801635,0.99866,0.978709,0.9385259629
a7ffcore5_c5ecfea1d2af189266,sg_1daf724ee18d296c,"Mul(Neg(ZScore(Delta(open_interest_last,24))),Sign(Delta(trade_close,24)))",open_interest_like|price_like,mean_reversion_gate,open_interest_last;trade_close,ok,,0,False,6949596,6928922,6928922,20674,0,6904172,0.997025,0.993464,0.9897897506
a7ffcore5_6cf8fcc2a0e4f722ba,sg_256738bffd9506f1,taker_buy_quote_volume,taker_flow_like,flow_x_leverage,taker_buy_quote_volume,ok,,0,False,6949596,6949098,6949098,498,0,6944584,0.999928,0.999279,34803049.58000847
a7ffcore5_5a6a9fdb2a92c69460,sg_8aec27686cac5c3d,"Mean(taker_buy_quote_volume,8)",taker_flow_like,flow_x_leverage,taker_buy_quote_volume,ok,,0,False,6949596,6945612,6945612,3984,0,6941403,0.999427,0.998821,29393450.581001386
a7ffcore5_20e6b0d267ec0ad81b,sg_938d63877a3bfa80,"Mean(taker_buy_quote_volume,4)",taker_flow_like,flow_x_leverage,taker_buy_quote_volume,ok,,0,False,6949596,6947604,6947604,1992,0,6943359,0.999713,0.999103,31051158.326890383
a7ffcore5_65214b442c794b3a37,sg_2c76ed10c74f42c3,"Delta(taker_buy_quote_volume,8)",taker_flow_like,flow_x_leverage,taker_buy_quote_volume,ok,,0,False,6949596,6945114,6945114,4482,0,6940914,0.999355,0.998751,32956290.876884114
a7ffcore5_86c5bed45b7610e569,sg_bb0e8ae4b97453a7,"Mean(taker_buy_quote_volume,24)",taker_flow_like,flow_x_leverage,taker_buy_quote_volume,ok,,0,False,6949596,6937644,6937644,11952,0,6933579,0.99828,0.997695,27216584.03015472
a7ffcore5_72bac5f33c68dc076a,sg_ee5af5ca29e10f40,"Delta(taker_buy_quote_volume,4)",taker_flow_like,flow_x_leverage,taker_buy_quote_volume,ok,,0,False,6949596,6947106,6947106,2490,0,6942870,0.999642,0.999032,30559754.331407048
a7ffcore5_e122d979b58007dcd1,sg_12235930bbad6330,"Delta(taker_buy_quote_volume,24)",taker_flow_like,flow_x_leverage,taker_buy_quote_volume,ok,,0,False,6949596,6937146,6937146,12450,0,6933090,0.998209,0.997625,30548401.310126342
a7ffcore5_8f0471f821ff81f79e,sg_43c06e61b81b6480,"ZScore(Mean(taker_buy_quote_volume,8))",taker_flow_like,flow_x_leverage,taker_buy_quote_volume,ok,,0,False,6949596,6945612,6945612,3984,0,6945612,0.999427,0.999427,0.998485956
a7ffcore5_f8821f3d482f190d42,sg_84c8c8988f615da1,"ZScore(Mean(taker_buy_quote_volume,4))",taker_flow_like,flow_x_leverage,taker_buy_quote_volume,ok,,0,False,6949596,6947604,6947604,1992,0,6947604,0.999713,0.999713,0.9984861021
a7ffcore5_5a06a7a5b0660dbcbd,sg_95a8dd474d522716,"ZScore(Mean(taker_buy_quote_volume,24))",taker_flow_like,flow_x_leverage,taker_buy_quote_volume,ok,,0,False,6949596,6937644,6937644,11952,0,6937644,0.99828,0.99828,0.9984853706
a7ffcore5_0b4fa7ad483cda8fef,sg_af328aa37cf5a1ce,taker_buy_volume,taker_flow_like,single,taker_buy_volume,ok,,0,False,6949596,6949098,6949098,498,0,6944584,0.999928,0.999279,1888753696.799405
a7ffcore5_cddfe468eda03ddd93,sg_a9e8fd0b4f388fef,"Mean(taker_buy_volume,8)",taker_flow_like,single,taker_buy_volume,ok,,0,False,6949596,6945612,6945612,3984,0,6941403,0.999427,0.998821,1602107159.9596229
a7ffcore5_20349c393fc8912b86,sg_c9a12f9b344695f7,"Mean(taker_buy_volume,4)",taker_flow_like,single,taker_buy_volume,ok,,0,False,6949596,6947604,6947604,1992,0,6943359,0.999713,0.999103,1699269657.6680765
a7ffcore5_582998780c50383a5a,sg_02561acbccfb8cf8,"Mean(taker_buy_volume,72)",taker_flow_like,single,taker_buy_volume,ok,,0,False,6949596,6938142,6938142,11454,0,6934077,0.998352,0.997767,1325853713.0713155
a7ffcore5_79d678d63b6031fee2,sg_64844c0b175a55b2,"Delta(taker_buy_volume,8)",taker_flow_like,single,taker_buy_volume,ok,,0,False,6949596,6945114,6945114,4482,0,6940904,0.999355,0.998749,1768213811.8907382
a7ffcore5_38339757ef29d88893,sg_95364adf9f607650,"Delta(taker_buy_volume,4)",taker_flow_like,single,taker_buy_volume,ok,,0,False,6949596,6947106,6947106,2490,0,6942850,0.999642,0.999029,1663109834.7277231
a7ffcore5_c799a7abd5cd2727c1,sg_d6f425515aa7139a,"Mean(taker_buy_volume,24)",taker_flow_like,single,taker_buy_volume,ok,,0,False,6949596,6937644,6937644,11952,0,6933579,0.99828,0.997695,1460845133.8483052
a7ffcore5_94147d9c33bfe08943,sg_beb9726aaf883648,"Delta(taker_buy_volume,72)",taker_flow_like,single,taker_buy_volume,ok,,0,False,6949596,6913242,6913242,36354,0,6909606,0.994769,0.994246,2130491753.5050466
a7ffcore5_bf1a490ff7b796f65c,sg_ed5c65a0beb1c844,"Delta(taker_buy_volume,24)",taker_flow_like,single,taker_buy_volume,ok,,0,False,6949596,6937146,6937146,12450,0,6933080,0.998209,0.997623,1933228941.5100791
a7ffcore5_e0474645af26deb117,sg_10f92a3188ac909d,"Mean(taker_buy_quote_volume,72)",taker_flow_like,single,taker_buy_quote_volume,ok,,0,False,6949596,6938142,6938142,11454,0,6934077,0.998352,0.997767,26050915.25818741
a7ffcore5_e4ff31f8341cd0df1c,sg_22f833e614388326,"ZScore(Mean(taker_buy_volume,8))",taker_flow_like,single,taker_buy_volume,ok,,0,False,6949596,6945612,6945612,3984,0,6945612,0.999427,0.999427,0.998485956
a7ffcore5_0a632628123de0ea1e,sg_302100f118829a51,"Delta(taker_buy_quote_volume,72)",taker_flow_like,single,taker_buy_quote_volume,ok,,0,False,6949596,6913242,6913242,36354,0,6909618,0.994769,0.994247,32400204.462756824
a7ffcore5_90f698d22d9bd905b8,sg_7624d257c7c0cfb3,taker_buy_sell_volume_ratio_last,taker_flow_like,single,taker_buy_sell_volume_ratio_last,ok,,0,False,6949596,6943348,6943348,6248,0,6941297,0.999101,0.998806,1039.5570204835
a7ffcore5_8c2c867b2b0be1f276,sg_815094c1639d7ee0,taker_buy_sell_volume_ratio_mean,taker_flow_like,single,taker_buy_sell_volume_ratio_mean,ok,,0,False,6949596,6943348,6943348,6248,0,6943347,0.999101,0.999101,2966.9364964405
