stage_id,commit,report_path,runtime_path,manifest_path,decision,evidence_level,authorizes_contract,authorizes_execution,authorizes_search,authorizes_alpha_proof,authorizes_shadow_paper_live,supersedes,superseded_by,current_status,notes,artifact_count
A7AA-0,fa3b2d7,reports/CRYPTO_A7AA0_LABEL_FEATURE_RESPONSE_CONTRACT_20260529.md,runtime/a7aa0_label_feature_response_contract,runtime/a7aa0_label_feature_response_contract/a7aa0_manifest.json,PASS_A7AA0_LABEL_FEATURE_RESPONSE_CONTRACT_READY_FOR_A7AA1,contract,True,False,False,False,False,,,valid_or_historical_record,,6
A7AA-1,fa3b2d7,reports/CRYPTO_A7AA1_PRIMITIVE_RESPONSE_MAP_20260529.md,runtime/a7aa1_primitive_response_map,runtime/a7aa1_primitive_response_map/a7aa1_manifest.json,PASS_A7AA1_PRIMITIVE_RESPONSE_CANDIDATES_FOUND_FORMULA_SEARCH_STILL_HOLD,hold,True,False,False,False,False,,,hold,,6
A7AA-2,fa3b2d7,reports/CRYPTO_A7AA2_FEATURE_ROLE_CLASSIFICATION_20260529.md,runtime/a7aa2_feature_role_classification,runtime/a7aa2_feature_role_classification/a7aa2_manifest.json,PASS_A7AA2_FEATURE_ROLES_READY_FOR_SELECTOR_REWRITE_CONTRACT,contract,True,False,False,False,False,,,valid_or_historical_record,,6
A7AA-3,fa3b2d7,reports/CRYPTO_A7AA3_SELECTOR_REWRITE_CONTRACT_20260529.md,runtime/a7aa3_selector_rewrite_contract,runtime/a7aa3_selector_rewrite_contract/a7aa3_manifest.json,PASS_A7AA3_SELECTOR_REWRITE_CONTRACT_READY_FOR_A7AB0,contract,True,False,False,False,False,,,valid_or_historical_record,,5
A7AA-4,8bad66e,reports/CRYPTO_A7AA4_RESPONSE_READINESS_HANDOFF_20260529.md,runtime/a7aa4_response_readiness_handoff,runtime/a7aa4_response_readiness_handoff/a7aa4_manifest.json,PASS_A7AA4_RESPONSE_LABEL_READINESS_HANDOFF_FOR_A7SEL0,governance_or_audit,True,False,False,False,False,,,valid_or_historical_record,,4
A7AB-0,2eca9f5,reports/CRYPTO_A7AB0_SELECTOR_REWRITE_DRYRUN_CONTRACT_20260529.md,runtime/a7ab0_selector_rewrite_dryrun_contract,runtime/a7ab0_selector_rewrite_dryrun_contract/a7ab0_manifest.json,PASS_A7AB0_SELECTOR_REWRITE_DRYRUN_CONTRACT_READY_FOR_A7AB1,contract,True,False,False,False,False,,,valid_or_historical_record,,5
A7AB-1,2eca9f5,reports/CRYPTO_A7AB1_SELECTOR_REWRITE_DRYRUN_20260529.md,runtime/a7ab1_selector_rewrite_dryrun,runtime/a7ab1_selector_rewrite_dryrun/a7ab1_manifest.json,PASS_A7AB1_SELECTOR_REWRITE_DRYRUN_READY_FOR_A7AB2_CONTRACT,contract,True,False,False,False,False,,,valid_or_historical_record,,7
A7AB-2,2eca9f5,reports/CRYPTO_A7AB2_SEED_CONSTRAINED_MICRO_GENERATION_CONTRACT_20260529.md,runtime/a7ab2_seed_constrained_micro_generation_contract,runtime/a7ab2_seed_constrained_micro_generation_contract/a7ab2_manifest.json,PASS_A7AB2_SEED_CONSTRAINED_MICRO_GENERATION_CONTRACT_READY_FOR_A7AB3_DRY_GENERATION,contract,True,False,False,False,False,,,valid_or_historical_record,,8
A7AB-3,2eca9f5,reports/CRYPTO_A7AB3_SEED_CONSTRAINED_DRY_GENERATION_20260529.md,runtime/a7ab3_seed_constrained_dry_generation,runtime/a7ab3_seed_constrained_dry_generation/a7ab3_manifest.json,PASS_A7AB3_SEED_CONSTRAINED_DRY_GENERATION_READY_FOR_A7AB4_MATERIALIZATION_PREFLIGHT,governance_or_audit,True,False,False,False,False,,,valid_or_historical_record,,7
A7AB-4,3c67dec,reports/CRYPTO_A7AB4_MATERIALIZATION_PREFLIGHT_20260529.md,runtime/a7ab4_materialization_preflight,runtime/a7ab4_materialization_preflight/a7ab4_manifest.json,PASS_A7AB4_MATERIALIZATION_PREFLIGHT_READY_FOR_A7AB5_NUMERIC_REPLAY_CONTRACT,contract,True,True,False,False,False,,,valid_or_historical_record,,7
A7AB-5,3c67dec,reports/CRYPTO_A7AB5_NUMERIC_REPLAY_CONTRACT_20260529.md,runtime/a7ab5_numeric_replay_contract,runtime/a7ab5_numeric_replay_contract/a7ab5_manifest.json,PASS_A7AB5_NUMERIC_REPLAY_CONTRACT_READY_FOR_A7AB6_SMALL_REPLAY_PREFLIGHT,contract,True,True,False,False,False,,,valid_or_historical_record,,6
A7AB-6,3c67dec,reports/CRYPTO_A7AB6_SMALL_NUMERIC_REPLAY_PREFLIGHT_20260529.md,runtime/a7ab6_small_numeric_replay_preflight,runtime/a7ab6_small_numeric_replay_preflight/a7ab6_manifest.json,PASS_A7AB6_SMALL_NUMERIC_REPLAY_PREFLIGHT_CLUES_FOUND_EXECUTION_HOLD,hold,True,False,False,False,False,,,hold,,8
A7AB-7,3c67dec,reports/CRYPTO_A7AB7_CLUE_FORENSIC_CONTRACT_20260529.md,runtime/a7ab7_clue_forensic_contract,runtime/a7ab7_clue_forensic_contract/a7ab7_manifest.json,PASS_A7AB7_CLUE_FORENSIC_CONTRACT_READY_FOR_A7AB8,contract,True,True,False,False,False,,,valid_or_historical_record,,8
A7AB-8,0a08edc,reports/CRYPTO_A7AB8_CLUE_FORENSIC_EXECUTION_20260529.md,runtime/a7ab8_clue_forensic_execution,runtime/a7ab8_clue_forensic_execution/a7ab8_manifest.json,PASS_A7AB8_FORENSIC_SURVIVORS_FOUND_EXECUTION_HOLD,diagnostic,True,False,False,False,False,,,hold,,9
A7AB-9,0a08edc,reports/CRYPTO_A7AB9_SURVIVOR_FREEZE_CONTRACT_20260529.md,runtime/a7ab9_survivor_freeze_contract,runtime/a7ab9_survivor_freeze_contract/a7ab9_manifest.json,PASS_A7AB9_SURVIVOR_FREEZE_REPRESENTATIVE_POOL_WITH_WARNINGS,governance_or_audit,True,False,False,False,False,,,valid_or_historical_record,,7
A7AC-0,e729fda,reports/CRYPTO_A7AC0_REPRESENTATIVE_FORENSIC_CONTRACT_20260529.md,runtime/a7ac0_representative_forensic_contract,runtime/a7ac0_representative_forensic_contract/a7ac0_manifest.json,PASS_A7AC0_REPRESENTATIVE_FORENSIC_CONTRACT_READY_FOR_A7AC1_WITH_WARNINGS,contract,True,True,False,False,False,,,valid_or_historical_record,,11
A7AC-1,e729fda,reports/CRYPTO_A7AC1_REPRESENTATIVE_FORENSIC_EXECUTION_20260529.md,runtime/a7ac1_representative_forensic_execution,runtime/a7ac1_representative_forensic_execution/a7ac1_manifest.json,HOLD_A7AC1_REPRESENTATIVE_FORENSIC_PARTIAL_BLOCKERS,diagnostic,True,False,False,False,False,,,hold,,9
A7AC-1R,e729fda,reports/CRYPTO_A7AC1_REPRESENTATIVE_FORENSIC_EXECUTION_20260529.md,runtime/a7ac1r_representative_quarantine_contract,runtime/a7ac1r_representative_quarantine_contract/a7ac1r_manifest.json,PASS_A7AC1R_DIAGNOSTIC_SUBSET_FROZEN_READY_FOR_A7AC2_WITH_WARNINGS,diagnostic,True,False,False,False,False,,,valid_or_historical_record,,8
A7AC-2,d49b1d8,reports/CRYPTO_A7AC2_LABEL_DIVERSIFICATION_CONTRACT_20260529.md,runtime/a7ac2_label_diversification_contract,runtime/a7ac2_label_diversification_contract/a7ac2_manifest.json,PASS_A7AC2_LABEL_DIVERSIFICATION_CONTRACT_READY_FOR_A7AC3,contract,True,False,False,False,False,,,valid_or_historical_record,,11
A7AC-3,d49b1d8,reports/CRYPTO_A7AC3_LABEL_DIVERSIFICATION_DIAGNOSTIC_20260529.md,runtime/a7ac3_label_diversification_diagnostic,runtime/a7ac3_label_diversification_diagnostic/a7ac3_manifest.json,HOLD_A7AC3_PARTIAL_LABEL_DIVERSIFICATION,hold,False,False,False,False,False,,,hold,,11
A7AD-0,e05d94a,reports/CRYPTO_A7AD0_RANKED_LABEL_TRANSLATION_CONTRACT_20260529.md,runtime/a7ad0_ranked_label_translation_contract,runtime/a7ad0_ranked_label_translation_contract/a7ad0_manifest.json,PASS_A7AD0_RANKED_LABEL_TRANSLATION_CONTRACT_READY_FOR_A7AD1,contract,True,False,False,False,False,,,valid_or_historical_record,,6
A7AD-1,e05d94a,reports/CRYPTO_A7AD1_RANKED_LABEL_TRANSLATION_AUDIT_20260529.md,runtime/a7ad1_ranked_label_translation_audit,runtime/a7ad1_ranked_label_translation_audit/a7ad1_manifest.json,HOLD_A7AD1_RANKED_LABEL_TRANSLATION_TOO_NARROW,hold,False,False,False,False,False,,,hold,,8
A7AE-0,3e8440f,reports/CRYPTO_A7AE0_LABEL_ADEQUACY_EXTENSION_CONTRACT_20260529.md,runtime/a7ae0_label_adequacy_extension_contract,runtime/a7ae0_label_adequacy_extension_contract/a7ae0_manifest.json,PASS_A7AE0_LABEL_ADEQUACY_EXTENSION_CONTRACT_READY_FOR_A7AE1,contract,True,False,False,False,False,,,valid_or_historical_record,,6
A7AE-1,3e8440f,reports/CRYPTO_A7AE1_LABEL_ADEQUACY_RESPONSE_MAP_20260529.md,runtime/a7ae1_label_adequacy_response_map,runtime/a7ae1_label_adequacy_response_map/a7ae1_manifest.json,PASS_A7AE1_NON_RANK_LABEL_RESPONSE_CANDIDATES_FOUND_SEARCH_STILL_HOLD,hold,False,False,False,False,False,,,hold,,9
A7AE-2,3e8440f,reports/CRYPTO_A7AE2_LABEL_ADEQUACY_ROLE_REVIEW_20260529.md,runtime/a7ae2_label_adequacy_role_review,runtime/a7ae2_label_adequacy_role_review/a7ae2_manifest.json,PASS_A7AE2_LABEL_ADEQUACY_ROLES_READY_FOR_SELECTOR_REWRITE_REVIEW,governance_or_audit,False,False,False,False,False,,,valid_or_historical_record,,6
A7AF-0,169e482,reports/CRYPTO_A7AF0_ROLE_AWARE_SELECTOR_CONTRACT_20260529.md,runtime/a7af0_role_aware_selector_contract,runtime/a7af0_role_aware_selector_contract/a7af0_manifest.json,PASS_A7AF0_ROLE_AWARE_SELECTOR_CONTRACT_READY_FOR_A7AF1,contract,True,False,False,False,False,,,valid_or_historical_record,,7
A7AF-1,169e482,reports/CRYPTO_A7AF1_ROLE_AWARE_SELECTOR_DRYRUN_20260529.md,runtime/a7af1_role_aware_selector_dryrun,runtime/a7af1_role_aware_selector_dryrun/a7af1_manifest.json,PASS_A7AF1_ROLE_AWARE_SELECTOR_DRYRUN_READY_FOR_A7AG0_CONTRACT,contract,True,False,False,False,False,,,valid_or_historical_record,,6
A7AG-0,3c091df,reports/CRYPTO_A7AG0_ROLE_AWARE_GENERATION_CONTRACT_20260529.md,runtime/a7ag0_role_aware_generation_contract,runtime/a7ag0_role_aware_generation_contract/a7ag0_manifest.json,PASS_A7AG0_ROLE_AWARE_GENERATION_CONTRACT_READY_FOR_A7AG1_BLUEPRINT_DRYRUN,contract,True,False,False,False,False,,,valid_or_historical_record,,7
A7AG-1,7f892da,reports/CRYPTO_A7AG1_STATIC_BLUEPRINT_DRYRUN_20260529.md,runtime/a7ag1_static_blueprint_dryrun,runtime/a7ag1_static_blueprint_dryrun/a7ag1_manifest.json,PASS_A7AG1_STATIC_BLUEPRINT_DRYRUN_READY_FOR_A7AG2_NUMERIC_REPLAY_CONTRACT,contract,True,True,False,False,False,,,valid_or_historical_record,,7
A7AG-2,fd2b6f0,reports/CRYPTO_A7AG2_NUMERIC_REPLAY_CONTRACT_20260529.md,runtime/a7ag2_numeric_replay_contract,runtime/a7ag2_numeric_replay_contract/a7ag2_manifest.json,PASS_A7AG2_NUMERIC_REPLAY_CONTRACT_READY_FOR_A7AG3_PILOT,contract,True,True,False,False,False,,,valid_or_historical_record,,6
A7AG-3,97ff801,reports/CRYPTO_A7AG3_NUMERIC_REPLAY_PILOT_20260529.md,runtime/a7ag3_numeric_replay_pilot,runtime/a7ag3_numeric_replay_pilot/a7ag3_manifest.json,PASS_A7AG3_NUMERIC_REPLAY_PILOT_CLUES_FOUND_EXECUTION_STILL_HOLD,hold,True,False,False,False,False,,,hold,,7
A7AG-4,97ff801,reports/CRYPTO_A7AG4_CLUE_FORENSIC_CONTRACT_20260529.md,runtime/a7ag4_clue_forensic_contract,runtime/a7ag4_clue_forensic_contract/a7ag4_manifest.json,PASS_A7AG4_CLUE_FORENSIC_CONTRACT_READY_FOR_A7AG5,contract,True,False,False,False,False,,,valid_or_historical_record,,6
A7AG-5,97ff801,reports/CRYPTO_A7AG5_CLUE_FORENSIC_AUDIT_20260529.md,runtime/a7ag5_clue_forensic_audit,runtime/a7ag5_clue_forensic_audit/a7ag5_manifest.json,HOLD_A7AG5_NO_ORDINARY_LABEL_TRANSLATION,hold,False,False,False,False,False,,,hold,,7
A7AH-0,56215b3,reports/CRYPTO_A7AH0_POST_A7AG_ROLE_SPLIT_DECISION_20260529.md,runtime/a7ah0_core12_aggtrades_final_handoff_audit,runtime/a7ah0_core12_aggtrades_final_handoff_audit/a7ah0_manifest.json,PASS_A7AH0_CORE12_AGGTRADES_FINAL_HANDOFF_ACCEPTED,governance_or_audit,True,False,False,False,False,,,valid_or_historical_record,,14
A7AH-0,56215b3,reports/CRYPTO_A7AH0_POST_A7AG_ROLE_SPLIT_DECISION_20260529.md,runtime/a7ah0_post_a7ag_role_split_decision,runtime/a7ah0_post_a7ag_role_split_decision/a7ah0_manifest.json,PASS_A7AH0_POST_A7AG_ROLE_SPLIT_READY_FOR_A7AH1_A7AH2_CONTRACTS,contract,True,False,False,False,False,,,valid_or_historical_record,,8
A7AH-1,56215b3,reports/CRYPTO_A7AH1D_ORDINARY_ALPHA_DRY_RERANK_20260529.md,runtime/a7ah1_ordinary_alpha_objective_rewrite_contract,runtime/a7ah1_ordinary_alpha_objective_rewrite_contract/a7ah1_manifest.json,PASS_A7AH1_ORDINARY_ALPHA_OBJECTIVE_REWRITE_CONTRACT_READY_FOR_DRY_RERANK,alpha_claim_check_required,True,False,False,False,False,,,valid_or_historical_record,,5
A7AH-1D,56215b3,reports/CRYPTO_A7AH1D_ORDINARY_ALPHA_DRY_RERANK_20260529.md,runtime/a7ah1d_ordinary_alpha_dry_rerank,runtime/a7ah1d_ordinary_alpha_dry_rerank/a7ah1d_manifest.json,HOLD_A7AH1D_NO_ORDINARY_ALPHA_DRY_RERANK_CANDIDATES,alpha_claim_check_required,False,False,False,False,False,,,hold,,6
A7AH-2,56215b3,reports/CRYPTO_A7AH2F_DOWNSIDE_RISK_DEFENSE_FORENSIC_AUDIT_20260529.md,runtime/a7ah2_downside_risk_defense_forensic_contract,runtime/a7ah2_downside_risk_defense_forensic_contract/a7ah2_manifest.json,PASS_A7AH2_DOWNSIDE_RISK_DEFENSE_FORENSIC_CONTRACT_READY_FOR_A7AH2F,contract,True,False,False,False,False,,,valid_or_historical_record,,5
A7AH-2F,56215b3,reports/CRYPTO_A7AH2F_DOWNSIDE_RISK_DEFENSE_FORENSIC_AUDIT_20260529.md,runtime/a7ah2f_downside_risk_defense_forensic_audit,runtime/a7ah2f_downside_risk_defense_forensic_audit/a7ah2f_manifest.json,PASS_A7AH2F_DOWNSIDE_RISK_DEFENSE_REVIEW_CANDIDATES_FOUND,governance_or_audit,True,False,False,False,False,,,valid_or_historical_record,,5
A7AI-F0,b5f83ad,reports/CRYPTO_A7AIF0_FIELD_CONTRACT_ENFORCEMENT_LEDGER_20260529.md,runtime/a7aif0_field_contract_enforcement_ledger,runtime/a7aif0_field_contract_enforcement_ledger/a7aif0_manifest.json,PASS_A7AIF0_FIELD_CONTRACT_ENFORCEMENT_LEDGER_READY_FOR_A7AIF1,contract,True,False,False,False,False,,,current_valid_governance,A7AI field enforcement is synced to origin/main,7
A7AI-F1,b5f83ad,reports/CRYPTO_A7AIF1_ENGINE_ENFORCEMENT_GAP_AUDIT_20260529.md,runtime/a7aif1_engine_enforcement_gap_audit,runtime/a7aif1_engine_enforcement_gap_audit/a7aif1_manifest.json,PASS_A7AIF1_ENGINE_ENFORCEMENT_CONNECTED,governance_or_audit,False,False,False,False,False,,,current_valid_governance,A7AI field enforcement is synced to origin/main,5
A7AI-F2,8bad66e,reports/CRYPTO_A7AIF2_END_TO_END_FIELD_ENFORCEMENT_REGRESSION_20260529.md,runtime/a7aif2_field_enforcement_regression,runtime/a7aif2_field_enforcement_regression/a7aif2_manifest.json,PASS_A7AIF2_END_TO_END_ENFORCEMENT_CONNECTED,governance_or_audit,True,False,False,False,False,,,valid_or_historical_record,,7
A7AI-F3,8bad66e,reports/CRYPTO_A7AIF3_MATERIALIZATION_EVALUATOR_PARITY_20260529.md,runtime/a7aif3_materialization_evaluator_parity,runtime/a7aif3_materialization_evaluator_parity/a7aif3_manifest.json,PASS_A7AIF3_REPLAY_MATERIALIZATION_PARITY_READY,governance_or_audit,True,False,False,False,False,,,valid_or_historical_record,,7
A7AI-F4,d18f2d5,reports/CRYPTO_A7AIF4_RESPONSE_BACKED_FIELD_PROMOTION_20260529.md,runtime/a7aif4_response_backed_field_promotion,runtime/a7aif4_response_backed_field_promotion/a7aif4_manifest.json,PASS_A7AIF4_ORDINARY_ALPHA_SEEDS_FOUND,alpha_claim_check_required,True,False,False,False,False,,,valid_or_historical_record,,7
A7AI0,5b5ca07,reports/CRYPTO_A7AI0_CORE12_AGGTRADES_EXPERIMENT_CONTRACT_20260524.md,runtime/a7ai0_core12_aggtrades_experiment_contract,runtime/a7ai0_core12_aggtrades_experiment_contract/a7ai0_manifest.json,PASS_A7AI0_CORE12_AGGTRADES_EXPERIMENT_CONTRACT_READY,contract,False,False,False,False,False,,,valid_or_historical_record,,6
A7AI0R,d005e36,reports/CRYPTO_A7AI0R_CORE12_AGGTRADES_UNIFIED_FEATURE_BUILD_20260524.md,runtime/a7ai0r_core12_aggtrades_unified_feature_build,runtime/a7ai0r_core12_aggtrades_unified_feature_build/a7ai0r_manifest.json,PASS_A7AI0R_CORE12_AGGTRADES_UNIFIED_FEATURES_READY,governance_or_audit,False,False,False,False,False,,,valid_or_historical_record,,6
A7AJ,f56e049,reports/CRYPTO_A7AJ1_UNIVERSE300_SEARCH_PANEL_PREP_20260525.md,runtime/a7aj_universe500_silver_acceptance_panel_prep,,NO_DECISION_FIELD,governance_or_audit,False,False,False,False,False,,,valid_or_historical_record,,10
A7AK,b4d07ce,reports/CRYPTO_A7AK_LV2_RESPONSE_MERGE_AUDIT_20260527.md,runtime/a7ak_lv0_listing_age_latent_variable_contract,runtime/a7ak_lv0_listing_age_latent_variable_contract/a7ak_lv0_manifest.json,PASS_A7AK_LV0_CONTRACT_READY_FOR_USER_APPROVAL,contract,False,True,False,False,False,,,valid_or_historical_record,,10
A7AK,b4d07ce,reports/CRYPTO_A7AK_LV2_RESPONSE_MERGE_AUDIT_20260527.md,runtime/a7ak_lv1_latent_state_feature_build,runtime/a7ak_lv1_latent_state_feature_build/a7ak_lv1_manifest.json,PASS_A7AK_LV1_LATENT_STATE_FEATURES_READY,governance_or_audit,False,False,False,False,False,,,valid_or_historical_record,,7
A7AK,b4d07ce,reports/CRYPTO_A7AK_LV2_RESPONSE_MERGE_AUDIT_20260527.md,runtime/a7ak_lv2_response_merge_audit,runtime/a7ak_lv2_response_merge_audit/a7ak_lv2_manifest.json,PASS_A7AK_LV2_RESPONSE_MERGE_AUDIT_READY,governance_or_audit,False,False,False,False,False,,,valid_or_historical_record,,8
A7AK,b4d07ce,reports/CRYPTO_A7AK_LV2_RESPONSE_MERGE_AUDIT_20260527.md,runtime/a7ak_lv3_neutral_field_family_smoke,runtime/a7ak_lv3_neutral_field_family_smoke/a7ak_lv3_manifest.json,PASS_A7AK_LV3_NEUTRAL_FIELD_FAMILY_DIAGNOSTIC_READY,diagnostic,False,True,False,False,False,,,valid_or_historical_record,,6
A7AK,b4d07ce,reports/CRYPTO_A7AK_LV2_RESPONSE_MERGE_AUDIT_20260527.md,runtime/a7ak_lv3r_contract_meme_taxonomy_audit,runtime/a7ak_lv3r_contract_meme_taxonomy_audit/a7ak_lv3r_manifest.json,PASS_A7AK_LV3R_CONTRACT_MEME_TAXONOMY_READY,contract,False,False,False,False,False,,,valid_or_historical_record,,7
A7AL,897bc41,reports/CRYPTO_A7AL2X1_DRY_RERANK_20260529.md,runtime/a7al_universe498_replay_acceptance,,NO_DECISION_FIELD,governance_or_audit,False,False,False,False,False,,,valid_or_historical_record,,7
A7AL-2,897bc41,reports/CRYPTO_A7AL2X1_DRY_RERANK_20260529.md,runtime/a7al2_small_formula_search_contract,runtime/a7al2_small_formula_search_contract/a7al2_manifest.json,PASS_A7AL2_CONTROL_DOMINANCE_CONTRACT_DRAFTED_EXECUTION_HOLD,contract,False,False,False,False,False,,,hold,,4
A7AL-2G,4a753fe,reports/CRYPTO_A7AL2G_MATCHED_CONTROL_GATE_20260527.md,runtime/a7al2g_matched_control_gate,runtime/a7al2g_matched_control_gate/a7al2g_manifest.json,PASS_A7AL2G_MATCHED_CONTROL_GATE_PREFLIGHT_EXECUTION_HOLD,hold,False,False,False,False,False,,,hold,,5
A7AL-2H,4a753fe,reports/CRYPTO_A7AL2H_SELECTOR_REPAIR_20260527.md,runtime/a7al2h_selector_repair,runtime/a7al2h_selector_repair/a7al2h_manifest.json,PASS_A7AL2H_SELECTOR_REPAIRED_READY_FOR_REPLAY_PREFLIGHT,governance_or_audit,True,True,False,False,False,,,valid_or_historical_record,,6
A7AL-2I,c525b91,reports/CRYPTO_A7AL2I_REPLAY_PREFLIGHT_20260527.md,runtime/a7al2i_replay_preflight,runtime/a7al2i_replay_preflight/a7al2i_manifest.json,HOLD_A7AL2I_NO_CLUES,hold,False,False,False,False,False,,,hold,,4
A7AL-2J,c525b91,reports/CRYPTO_A7AL2J_DERIVED_TOLERANT_SEARCH_RESET_20260527.md,runtime/a7al2j_derived_tolerant_search_reset,runtime/a7al2j_derived_tolerant_search_reset/a7al2j_manifest.json,PASS_A7AL2J_DERIVED_TOLERANT_RESET_READY_FOR_A7AL2K,governance_or_audit,True,False,False,False,False,,,valid_or_historical_record,,6
A7AL-2K,8886edb,reports/CRYPTO_A7AL2K_DERIVED_GENERATOR_SMOKE_20260527.md,runtime/a7al2k_derived_generator_smoke,runtime/a7al2k_derived_generator_smoke/a7al2k_manifest.json,PASS_A7AL2K_DERIVED_GENERATOR_SMOKE_READY_FOR_A7AL2L,smoke,True,True,False,False,False,,,valid_or_historical_record,,8
A7AL-2L,40620fe,reports/CRYPTO_A7AL2L_FAST_DERIVED_REPLAY_PREFLIGHT_20260527.md,runtime/a7al2l_fast_derived_replay_preflight,runtime/a7al2l_fast_derived_replay_preflight/a7al2l_fast_manifest.json,PASS_A7AL2L_DERIVED_REPLAY_PREFLIGHT_CLUES_FOUND_EXECUTION_HOLD,hold,False,False,False,False,False,,,hold,,5
A7AL-2M,2214e72,reports/CRYPTO_A7AL2M_DERIVED_CLUE_FORENSIC_20260527.md,runtime/a7al2m_derived_clue_forensic,runtime/a7al2m_derived_clue_forensic/a7al2m_manifest.json,PASS_A7AL2M_DERIVED_CLUE_POOL_READY_FOR_DEEP_AUDIT,governance_or_audit,True,False,False,False,False,,,valid_or_historical_record,,5
A7AL-2N,d5ed8d2,reports/CRYPTO_A7AL2N_DERIVED_DEEP_AUDIT_20260527.md,runtime/a7al2n_derived_deep_audit,runtime/a7al2n_derived_deep_audit/a7al2n_manifest.json,PASS_A7AL2N_DEEP_AUDIT_DIAGNOSTIC_CANDIDATES_FOUND,diagnostic,True,True,False,False,False,,,valid_or_historical_record,,12
A7AL-2O,fa24081,reports/CRYPTO_A7AL2O_CANDIDATE_MINI_REPLAY_20260527.md,runtime/a7al2o_candidate_mini_replay,runtime/a7al2o_candidate_mini_replay/a7al2o_manifest.json,PASS_A7AL2O_MINI_REPLAY_CANDIDATES_READY_FOR_CONTRACT,contract,True,False,False,False,False,,,valid_or_historical_record,,7
A7AL-2P0,c7e7448,reports/CRYPTO_A7AL2P0R_REPAIR_RERUN_DECISION_20260528.md,runtime/a7al2p0_pre_search_hardening_audit,runtime/a7al2p0_pre_search_hardening_audit/a7al2p0_manifest.json,HOLD_A7AL2P0_PRE_SEARCH_HARDENING_BLOCKERS,hold,False,False,False,False,False,,,hold,,13
A7AL-2P0R,c7e7448,reports/CRYPTO_A7AL2P0R_REPAIR_RERUN_DECISION_20260528.md,runtime/a7al2p0r_repair_rerun_decision,runtime/a7al2p0r_repair_rerun_decision/a7al2p0r_manifest.json,HOLD_A7AL2P0R_REPAIR_RERUN_BLOCKED,hold,False,False,False,False,False,,,hold,,7
A7AL-2P1,40620fe,reports/CRYPTO_A7AL2P1R_SELECTOR_REWEIGHTED_RETRY_20260528.md,runtime/a7al2p1_selector_feature_generation,runtime/a7al2p1_selector_feature_generation/a7al2p1_manifest.json,PASS_A7AL2P1_SELECTOR_FEATURES_READY_FOR_P0R_RETRY,governance_or_audit,False,False,False,False,False,,,valid_or_historical_record,,6
A7AL-2P1R,40620fe,reports/CRYPTO_A7AL2P1R_SELECTOR_REWEIGHTED_RETRY_20260528.md,runtime/a7al2p1r_selector_reweighted_retry,runtime/a7al2p1r_selector_reweighted_retry/a7al2p1r_manifest.json,PASS_A7AL2P1R_SELECTOR_REWEIGHTED_POOL_READY_FOR_P0R_RETRY,governance_or_audit,False,False,False,False,False,,,valid_or_historical_record,,4
A7AL-2P1S,40620fe,reports/CRYPTO_A7AL2P1_SELECTOR_FEATURE_GENERATION_20260528.md,runtime/a7al2p1s_selected_pool_provenance,,PASS_A7AL2P1S_SELECTED_POOL_PROVENANCE_CLEAN,governance_or_audit,False,False,False,False,False,,,valid_or_historical_record,,5
A7AL-2P1T,40620fe,reports/CRYPTO_A7AL2P1T_REPAIRED_POOL_RERUN_STATUS_20260528.md,runtime/a7al2p1t_repaired_pool_rerun_status,runtime/a7al2p1t_repaired_pool_rerun_status/a7al2p1t_manifest.json,PASS_A7AL2P1T_REPAIRED_POOL_READY_FOR_PROVENANCE_AUDIT,governance_or_audit,False,False,False,False,False,,,valid_or_historical_record,,5
A7AL-2P2,40620fe,reports/CRYPTO_A7AL2P2_LOCAL_OI_PRICE_SEARCH_CONTRACT_20260528.md,runtime/a7al2p2_local_oi_price_search_contract,runtime/a7al2p2_local_oi_price_search_contract/a7al2p2_manifest.json,PASS_A7AL2P2_LOCAL_OI_PRICE_SEARCH_CONTRACT_READY_FOR_A7AL2Q,contract,True,True,False,False,False,,A7AL-2X0,superseded_diagnostic,A7AL-2P2 superseded by A7AL-2X0 arbitration,7
A7AL-2Q,ce085c8,reports/CRYPTO_A7AL2Q_LOCAL_OI_PRICE_FORMULA_SEARCH_20260528.md,runtime/a7al2q_local_oi_price_formula_search,runtime/a7al2q_local_oi_price_formula_search/a7al2q_manifest.json,PASS_A7AL2Q_LOCAL_OI_PRICE_CANDIDATES_FOUND_EXECUTION_HOLD,hold,True,False,False,False,False,,A7AL-2X0,not_authorized,A7AL-2Q local execution not authorized,16
A7AL-2R,11eda7f,reports/CRYPTO_A7AL2R_LOCAL_FORENSIC_20260528.md,runtime/a7al2r_local_forensic,runtime/a7al2r_local_forensic/a7al2r_manifest.json,PASS_A7AL2R_LOCAL_FORENSIC_CANDIDATES_READY_FOR_A7AL2S_CONTRACT,contract,True,False,False,False,False,,,valid_or_historical_record,,14
A7AL-2S,2d1efd3,reports/CRYPTO_A7AL2S_LOCAL_FOLLOWUP_CONTRACT_20260528.md,runtime/a7al2s_company_full_followup_contract,runtime/a7al2s_company_full_followup_contract/a7al2s_manifest.json,PASS_A7AL2S_COMPANY_FULL_FOLLOWUP_CONTRACT_READY,contract,True,False,False,False,False,,,valid_or_historical_record,,4
A7AL-2S,2d1efd3,reports/CRYPTO_A7AL2S_LOCAL_FOLLOWUP_CONTRACT_20260528.md,runtime/a7al2s_local_followup_contract,runtime/a7al2s_local_followup_contract/a7al2s_manifest.json,PASS_A7AL2S_LOCAL_FOLLOWUP_CONTRACT_READY,contract,True,False,False,False,False,,,valid_or_historical_record,,4
A7AL-2T,c8cb2ae,reports/CRYPTO_A7AL2T_MAY_STRESS_FAILURE_ATTRIBUTION_20260528.md,runtime/a7al2t_company_may_stress_failure_attribution,runtime/a7al2t_company_may_stress_failure_attribution/a7al2t_manifest.json,HOLD_A7AL2T_MAY_STRESS_FAILURE_CONFIRMED_NO_EXPANSION,hold,True,False,False,False,False,,,hold,,9
A7AL-2T,c8cb2ae,reports/CRYPTO_A7AL2T_MAY_STRESS_FAILURE_ATTRIBUTION_20260528.md,runtime/a7al2t_may_stress_failure_attribution,runtime/a7al2t_may_stress_failure_attribution/a7al2t_manifest.json,HOLD_A7AL2T_MAY_STRESS_FAILURE_CONFIRMED_NO_EXPANSION,hold,True,False,False,False,False,,,hold,,9
A7AL-2U,7e34b48,reports/CRYPTO_A7AL2U_OBJECTIVE_SELECTOR_REPAIR_CONTRACT_20260528.md,runtime/a7al2u_objective_selector_repair_contract,runtime/a7al2u_objective_selector_repair_contract/a7al2u_manifest.json,PASS_A7AL2U_OBJECTIVE_SELECTOR_REPAIR_CONTRACT_READY,contract,True,False,False,False,False,,,valid_or_historical_record,,6
A7AL-2V,52b6e46,reports/CRYPTO_A7AL2V_REPLAY_AWARE_SELECTOR_DRYRUN_20260528.md,runtime/a7al2v_replay_aware_selector_dryrun,runtime/a7al2v_replay_aware_selector_dryrun/a7al2v_manifest.json,HOLD_A7AL2V_SELECTED_POOL_STRESS_VETO_NO_EXPANSION,hold,False,False,False,False,False,,,hold,,7
A7AL-2W,9394520,reports/CRYPTO_A7AL2W_SIGNAL_VECTOR_SELECTOR_REPAIR_20260528.md,runtime/a7al2w_signal_vector_selector_repair,runtime/a7al2w_signal_vector_selector_repair/a7al2w_manifest.json,HOLD_A7AL2W_SELECTOR_DIVERSITY_REPAIRED_BUT_STRESS_VETO,hold,True,False,False,False,False,,,hold,,9
A7AL-2X,897bc41,reports/CRYPTO_A7AL2X1_DRY_RERANK_20260529.md,runtime/a7al2x_objective_family_reset,runtime/a7al2x_objective_family_reset/a7al2x_manifest.json,PASS_A7AL2X_OBJECTIVE_FAMILY_RESET_CONTRACT_READY_FOR_A7AL2X1,contract,True,False,False,False,False,,,valid_or_historical_record,,8
A7AL-2X0,91ded54,reports/CRYPTO_A7AL2X0_AUTHORIZATION_ARBITRATION_20260528.md,runtime/a7al2x0_authorization_arbitration,runtime/a7al2x0_authorization_arbitration/a7al2x0_manifest.json,PASS_A7AL2X0_AUTHORIZATION_ARBITRATION_COMPLETE,governance_or_audit,True,False,False,False,False,,,valid_or_historical_record,,6
A7AL-2X1,897bc41,reports/CRYPTO_A7AL2X1_DRY_RERANK_20260529.md,runtime/a7al2x1_dry_rerank,runtime/a7al2x1_dry_rerank/a7al2x1_manifest.json,HOLD_A7AL2X1_NO_ELIGIBLE_ALLOWED_OBJECTIVE_FAMILY_IN_SHARED_POOL,hold,False,False,False,False,False,,,hold,,10
A7AL-2X2,ea2204d,reports/CRYPTO_A7AL2X2R1_SHARED_POOL_REBUILD_CONTRACT_20260529.md,runtime/a7al2x2_objective_family_coverage_gap,runtime/a7al2x2_objective_family_coverage_gap/a7al2x2_manifest.json,HOLD_A7AL2X2_OBJECTIVE_FAMILY_COVERAGE_GAP_REQUIRES_GENERATOR_AND_SHARED_POOL_REPAIR,hold,False,False,False,False,False,,,hold,,7
A7AL-2X2R,ea2204d,reports/CRYPTO_A7AL2X2R1_SHARED_POOL_REBUILD_CONTRACT_20260529.md,runtime/a7al2x2r_family_balanced_repair_contract,runtime/a7al2x2r_family_balanced_repair_contract/a7al2x2r_manifest.json,PASS_A7AL2X2R_GENERATOR_AND_SHARED_POOL_REPAIR_CONTRACT_READY_FOR_A7AL2X3_REVIEW,contract,False,False,False,False,False,,,valid_or_historical_record,,8
A7AL-2X3,b178c78,reports/CRYPTO_A7AL2X3_FAMILY_BALANCED_DRY_GENERATION_SMOKE_20260529.md,runtime/a7al2x3_family_balanced_dry_generation,runtime/a7al2x3_family_balanced_dry_generation/a7al2x3_manifest.json,PASS_A7AL2X3_FAMILY_BALANCED_DRY_GENERATION_LEDGER_READY_FOR_PREFLIGHT_REVIEW,governance_or_audit,False,False,False,False,False,,,valid_or_historical_record,,10
A7AL-2X4,b178c78,reports/CRYPTO_A7AL2X4_REPLAY_READINESS_AUDIT_20260529.md,runtime/a7al2x4_replay_readiness_audit,runtime/a7al2x4_replay_readiness_audit/a7al2x4_manifest.json,HOLD_A7AL2X4_REPLAY_PREFLIGHT_NOT_READY_MATERIALIZATION_REQUIRED,hold,False,False,False,False,False,,,hold,,6
A7AL-2X4M,b178c78,reports/CRYPTO_A7AL2X4M_MATERIALIZATION_AND_EVALUATOR_AUDIT_20260529.md,runtime/a7al2x4m_materialization_and_evaluator_audit,runtime/a7al2x4m_materialization_and_evaluator_audit/a7al2x4m_manifest.json,PASS_A7AL2X4M_READY_FOR_NUMERIC_REPLAY_PREFLIGHT_IMPLEMENTATION,governance_or_audit,False,False,False,False,False,,,valid_or_historical_record,,6
A7AL-2X5,b178c78,reports/CRYPTO_A7AL2X5_EVALUATOR_PREFLIGHT_SMOKE_20260529.md,runtime/a7al2x5_evaluator_preflight_smoke,runtime/a7al2x5_evaluator_preflight_smoke/a7al2x5_manifest.json,PASS_A7AL2X5_EVALUATOR_PREFLIGHT_SMOKE_READY_FOR_SMALL_REPLAY_CONTRACT,smoke,True,True,False,False,False,,,valid_or_historical_record,,6
A7AL-2X6,0c94624,reports/CRYPTO_A7AL2X6_SMALL_NUMERIC_REPLAY_CONTRACT_20260529.md,runtime/a7al2x6_small_numeric_replay_contract,runtime/a7al2x6_small_numeric_replay_contract/a7al2x6_manifest.json,PASS_A7AL2X6_SMALL_NUMERIC_REPLAY_CONTRACT_READY_FOR_A7AL2X7,contract,True,True,False,False,False,,,valid_or_historical_record,,8
A7AL-2X7,a273d5a,reports/CRYPTO_A7AL2X7F_REPLAY_PREFLIGHT_FORENSIC_20260529.md,runtime/a7al2x7_small_numeric_replay_preflight,runtime/a7al2x7_small_numeric_replay_preflight/a7al2x7_manifest.json,HOLD_A7AL2X7_NO_CLEAN_NUMERIC_PREFLIGHT_CLUES,hold,False,False,False,False,False,,,hold,,7
A7AL-2X7F,a273d5a,reports/CRYPTO_A7AL2X7F_REPLAY_PREFLIGHT_FORENSIC_20260529.md,runtime/a7al2x7f_replay_preflight_forensic,runtime/a7al2x7f_replay_preflight_forensic/a7al2x7f_manifest.json,HOLD_A7AL2X7F_OBJECTIVE_FAMILY_NUMERIC_EVIDENCE_WEAK,hold,False,False,False,False,False,,,hold,,9
A7AL-2X7H,534951b,reports/CRYPTO_A7AL2X7H_HEAVY_NUMERIC_REPLAY_PREFLIGHT_20260529.md,runtime/a7al2x7h_heavy_numeric_replay_preflight,runtime/a7al2x7h_heavy_numeric_replay_preflight/a7al2x7h_manifest.json,HOLD_A7AL2X7_NO_CLEAN_NUMERIC_PREFLIGHT_CLUES,hold,False,False,False,False,False,,,hold,,7
A7AL-2X7HF,534951b,reports/CRYPTO_A7AL2X7HF_HEAVY_REPLAY_PREFLIGHT_FORENSIC_20260529.md,runtime/a7al2x7hf_heavy_replay_preflight_forensic,runtime/a7al2x7hf_heavy_replay_preflight_forensic/a7al2x7hf_manifest.json,HOLD_A7AL2X7F_OBJECTIVE_FAMILY_NUMERIC_EVIDENCE_WEAK,hold,False,False,False,False,False,,,hold,,9
A7AL-2Z0,48d205b,reports/CRYPTO_A7AL2Z0_BROADER_NON_OI_OBJECTIVE_CONTRACT_20260529.md,runtime/a7al2z0_broader_non_oi_objective_contract,runtime/a7al2z0_broader_non_oi_objective_contract/a7al2z0_manifest.json,PASS_A7AL2Z0_BROADER_NON_OI_OBJECTIVE_CONTRACT_READY_FOR_A7AL2Z1,contract,True,False,False,False,False,,,engineering_pass_signal_hold,Z-series frozen as engineering diagnostics with signal hold,6
A7AL-2Z1,48d205b,reports/CRYPTO_A7AL2Z1_BROADER_NON_OI_DRY_GENERATION_20260529.md,runtime/a7al2z1_broader_non_oi_dry_generation,runtime/a7al2z1_broader_non_oi_dry_generation/a7al2z1_manifest.json,PASS_A7AL2Z1_BROADER_NON_OI_DRY_GENERATION_READY_FOR_MATERIALIZATION_AUDIT,diagnostic,True,False,False,False,False,,,engineering_pass_signal_hold,Z-series frozen as engineering diagnostics with signal hold,6
A7AL-2Z2,48d205b,reports/CRYPTO_A7AL2Z2_BROADER_NON_OI_MATERIALIZATION_AUDIT_20260529.md,runtime/a7al2z2_broader_non_oi_materialization_audit,runtime/a7al2z2_broader_non_oi_materialization_audit/a7al2z2_manifest.json,HOLD_A7AL2Z2_EVAL_OR_ACTIVITY_FAILURE,hold,False,False,False,False,False,,,engineering_pass_signal_hold,Z-series frozen as engineering diagnostics with signal hold,7
A7AL-2Z2R,48d205b,reports/CRYPTO_A7AL2Z2R_BROADER_NON_OI_MATERIALIZATION_REPAIR_20260529.md,runtime/a7al2z2r_broader_non_oi_materialization_repair,runtime/a7al2z2r_broader_non_oi_materialization_repair/a7al2z2r_manifest.json,PASS_A7AL2Z2R_BROADER_NON_OI_MATERIALIZATION_REPAIR_READY_FOR_Z3_CONTRACT,contract,True,False,False,False,False,,,engineering_pass_signal_hold,Z-series frozen as engineering diagnostics with signal hold,6
A7AL-2Z3,48d205b,reports/CRYPTO_A7AL2Z3_BROADER_NON_OI_NUMERIC_PREFLIGHT_CONTRACT_20260529.md,runtime/a7al2z3_broader_non_oi_numeric_preflight_contract,runtime/a7al2z3_broader_non_oi_numeric_preflight_contract/a7al2z3_manifest.json,PASS_A7AL2Z3_BROADER_NON_OI_NUMERIC_PREFLIGHT_CONTRACT_READY_FOR_Z4,contract,True,False,False,False,False,,,engineering_pass_signal_hold,Z-series frozen as engineering diagnostics with signal hold,4
A7AL-2Z4,48d205b,reports/CRYPTO_A7AL2Z4F_BROADER_NON_OI_PREFLIGHT_FORENSIC_20260529.md,runtime/a7al2z4_broader_non_oi_numeric_replay_preflight,runtime/a7al2z4_broader_non_oi_numeric_replay_preflight/a7al2z4_manifest.json,HOLD_A7AL2Z4_NO_NUMERIC_PREFLIGHT_CLUES,hold,False,False,False,False,False,,,engineering_pass_signal_hold,Z-series frozen as engineering diagnostics with signal hold,8
A7AL-2Z4F,48d205b,reports/CRYPTO_A7AL2Z4F_BROADER_NON_OI_PREFLIGHT_FORENSIC_20260529.md,runtime/a7al2z4f_broader_non_oi_preflight_forensic,runtime/a7al2z4f_broader_non_oi_preflight_forensic/a7al2z4f_manifest.json,HOLD_A7AL2Z4F_PRE_MAY_SIGNAL_CONTROL_OR_LAG_FRAGILE,hold,False,False,False,False,False,,,engineering_pass_signal_hold,Z-series frozen as engineering diagnostics with signal hold,8
A7AL-2Z5,48d205b,reports/CRYPTO_A7AL2Z5_BROADER_NON_OI_MULTI_HORIZON_DIAGNOSTIC_20260529.md,runtime/a7al2z5_broader_non_oi_multi_horizon_diagnostic,runtime/a7al2z5_broader_non_oi_multi_horizon_diagnostic/a7al2z5_manifest.json,HOLD_A7AL2Z5_NO_MULTI_HORIZON_PREFLIGHT_CLUES,hold,False,False,False,False,False,,,engineering_pass_signal_hold,Z-series frozen as engineering diagnostics with signal hold,7
A7AL-2Z6,dd9549c,reports/CRYPTO_A7AL2Z6_RESPONSE_GUIDED_MUTATION_CONTRACT_20260529.md,runtime/a7al2z6_response_guided_mutation_contract,runtime/a7al2z6_response_guided_mutation_contract/a7al2z6_manifest.json,PASS_A7AL2Z6_RESPONSE_GUIDED_MUTATION_CONTRACT_READY_FOR_Z7,contract,True,False,False,False,False,,,engineering_pass_signal_hold,Z-series frozen as engineering diagnostics with signal hold,6
A7AL-2Z7,dd9549c,reports/CRYPTO_A7AL2Z7_RESPONSE_GUIDED_DRY_GENERATION_20260529.md,runtime/a7al2z7_response_guided_dry_generation,runtime/a7al2z7_response_guided_dry_generation/a7al2z7_manifest.json,PASS_A7AL2Z7_RESPONSE_GUIDED_DRY_GENERATION_READY_FOR_Z8,diagnostic,True,False,False,False,False,,,engineering_pass_signal_hold,Z-series frozen as engineering diagnostics with signal hold,6
A7AL-2Z8,dd9549c,reports/CRYPTO_A7AL2Z8P_PARTIAL_VIABLE_QUEUE_AUTHORIZATION_20260529.md,runtime/a7al2z8_response_guided_materialization_repair,runtime/a7al2z8_response_guided_materialization_repair/a7al2z8_manifest.json,HOLD_A7AL2Z8_REPAIR_QUOTA_OR_ACTIVITY_FAILURE,hold,False,False,False,False,False,,,engineering_pass_signal_hold,Z-series frozen as engineering diagnostics with signal hold,6
A7AL-2Z8P,dd9549c,reports/CRYPTO_A7AL2Z8P_PARTIAL_VIABLE_QUEUE_AUTHORIZATION_20260529.md,runtime/a7al2z8p_partial_viable_queue_authorization,runtime/a7al2z8p_partial_viable_queue_authorization/a7al2z8p_manifest.json,PASS_A7AL2Z8P_PARTIAL_VIABLE_QUEUE_READY_FOR_Z9_DIAGNOSTIC,diagnostic,True,False,False,False,False,,,engineering_pass_signal_hold,Z-series frozen as engineering diagnostics with signal hold,5
A7AL-2Z9,dd9549c,reports/CRYPTO_A7AL2Z9_RESPONSE_GUIDED_PARTIAL_NUMERIC_DIAGNOSTIC_20260529.md,runtime/a7al2z9_response_guided_partial_numeric_diagnostic,runtime/a7al2z9_response_guided_partial_numeric_diagnostic/a7al2z9_manifest.json,HOLD_A7AL2Z9_NO_RESPONSE_GUIDED_PARTIAL_NUMERIC_CLUES,hold,False,False,False,False,False,,,engineering_pass_signal_hold,Z-series frozen as engineering diagnostics with signal hold,7
A7AL0,b4af964,reports/CRYPTO_A7AL0P_PRETRAIN_READINESS_GATE_20260527.md,runtime/a7al0_top498_alpha_search_contract,runtime/a7al0_top498_alpha_search_contract/a7ak_lv_train_only_state_freeze_manifest.json,NO_DECISION_FIELD,governance_or_audit,False,False,False,False,False,,,valid_or_historical_record,,14
A7AL0F,b4af964,reports/CRYPTO_A7AL0F_DERIVED_FEATURE_ENGINEERING_CONTRACT_20260527.md,runtime/a7al0f_derived_feature_engineering_contract,runtime/a7al0f_derived_feature_engineering_contract/a7al0f_manifest.json,PASS_A7AL0F_DERIVED_FEATURE_ENGINEERING_CONTRACT,contract,True,False,False,False,False,,,valid_or_historical_record,,5
A7AL0G,3f795d9,reports/CRYPTO_A7AL0G_UPPER_REGIME_STATE_BUILDER_20260527.md,runtime/a7al0g_upper_regime_state_builder,runtime/a7al0g_upper_regime_state_builder/a7al0g_manifest.json,PASS_A7AL0G_UPPER_REGIME_STATE_BUILDER,governance_or_audit,True,False,False,False,False,,,valid_or_historical_record,,5
A7AL0L,b4af964,reports/CRYPTO_A7AL0L_FIXED_DELAY_STRESS_ABOLITION_20260527.md,runtime/a7al0l_fixed_delay_stress_abolition,runtime/a7al0l_fixed_delay_stress_abolition/a7al0l_manifest.json,PASS_A7AL0L_FIXED_DELAY_STRESS_ABOLISHED,governance_or_audit,True,False,False,False,False,,,valid_or_historical_record,,2
A7AL0P,b4af964,reports/CRYPTO_A7AL0P_PRETRAIN_READINESS_GATE_20260527.md,runtime/a7al0p_pretrain_readiness_gate,runtime/a7al0p_pretrain_readiness_gate/a7al0p_manifest.json,PASS_A7AL0P_PRETRAIN_READY_FOR_A7AL1_FIELD_FAMILY_BASELINE,governance_or_audit,True,False,False,False,False,,,valid_or_historical_record,,2
A7AL0R,b4af964,reports/CRYPTO_A7AL0R_CODE_FEATURE_REGIME_READINESS_AUDIT_20260527.md,runtime/a7al0r_code_feature_regime_readiness_audit,,NO_DECISION_FIELD,governance_or_audit,False,False,False,False,False,,,valid_or_historical_record,,7
A7AL1,6232a96,reports/CRYPTO_A7AL1B_CONTROL_LATENCY_FORENSIC_20260527.md,runtime/a7al1_field_family_neutralized_baseline,runtime/a7al1_field_family_neutralized_baseline/a7al1_manifest.json,HOLD_A7AL1_CONTROL_CONTAMINATION,hold,False,False,False,False,False,,,hold,,7
A7AL1B,6232a96,reports/CRYPTO_A7AL1B_CONTROL_LATENCY_FORENSIC_20260527.md,runtime/a7al1b_control_latency_forensic,runtime/a7al1b_control_latency_forensic/a7al1b_manifest.json,HOLD_A7AL1B_WRONG_LAG_CONTAMINATION_CONFIRMED,hold,False,False,False,False,False,,,hold,,5
A7AO,ce2155d,reports/CRYPTO_A7AO0_OKX_CROSS_EXCHANGE_LIGHT_ACCEPTANCE_20260526.md,runtime/a7ao_okx_cross_exchange_light_acceptance,runtime/a7ao_okx_cross_exchange_light_acceptance/a7ao_manifest.json,PASS_A7AO_OKX_LIGHT_SAMPLE_ACCEPTED_FOR_TELEMETRY_AND_SPREAD_AUDIT,governance_or_audit,False,False,False,False,False,,,valid_or_historical_record,,6
A7AP0,12c436b,reports/CRYPTO_A7AP0_OKX_BINANCE_CROSS_EXCHANGE_ACCEPTANCE_20260527.md,runtime/a7ap0_cross_exchange_overlay_acceptance,runtime/a7ap0_cross_exchange_overlay_acceptance/a7ap0_manifest.json,PASS_A7AP0_CROSS_EXCHANGE_OVERLAY_ACCEPTED_WITH_PRICE_SCALE_QUARANTINE,governance_or_audit,True,False,False,False,False,,,valid_or_historical_record,,8
A7AP1,12c436b,reports/CRYPTO_A7AP1_CROSS_EXCHANGE_FIELD_SMOKE_20260527.md,runtime/a7ap1_cross_exchange_field_smoke,runtime/a7ap1_cross_exchange_field_smoke/a7ap1_manifest.json,PASS_A7AP1_CROSS_EXCHANGE_FIELD_SMOKE_DIAGNOSTIC_ONLY,smoke,False,False,False,False,False,,,valid_or_historical_record,,4
A7AP2,4284205,reports/CRYPTO_A7AP2_MULTIPLIER_PRICE_SCALE_REPAIR_20260527.md,runtime/a7ap2_multiplier_price_scale_repair,runtime/a7ap2_multiplier_price_scale_repair/a7ap2_manifest.json,PASS_A7AP2_MULTIPLIER_PRICE_SCALE_REPAIR_DIAGNOSTIC_READY,diagnostic,False,False,False,False,False,,,valid_or_historical_record,,5
A7AP3,10a1ebd,reports/CRYPTO_A7AP3_REPAIRED_OVERLAY_EXPERIMENT_HANDOFF_20260527.md,runtime/a7ap3_repaired_overlay_experiment_handoff,runtime/a7ap3_repaired_overlay_experiment_handoff/a7ap3_manifest.json,PASS_A7AP3_REPAIRED_OVERLAY_HANDOFF_DIAGNOSTIC_ONLY,diagnostic,False,False,False,False,False,,,valid_or_historical_record,,5
A7AR-0,b4af964,reports/CRYPTO_A7AR0_CN_ENGINE_INHERITANCE_AUDIT_20260527.md,runtime/a7ar0_cn_engine_inheritance_audit,runtime/a7ar0_cn_engine_inheritance_audit/a7ar0_manifest.json,PASS_A7AR0_CN_ENGINE_FLOW_UNDERSTOOD_ADAPTER_REQUIRED,governance_or_audit,False,False,False,False,False,,,valid_or_historical_record,,7
A7AR-1,6199a9b,reports/CRYPTO_A7AR1_FORMULA_ENGINE_ADAPTER_SMOKE_20260527.md,runtime/a7ar1_formula_engine_adapter_smoke,runtime/a7ar1_formula_engine_adapter_smoke/a7ar1_manifest.json,PASS_A7AR1_FORMULA_ENGINE_ADAPTER_SMOKE,smoke,False,False,False,False,False,,,valid_or_historical_record,,8
A7AR-2,f481314,reports/CRYPTO_A7AR2_FEATURE_ALGEBRA_PARITY_SMOKE_20260527.md,runtime/a7ar2_feature_algebra_parity_smoke,runtime/a7ar2_feature_algebra_parity_smoke/a7ar2_manifest.json,PASS_A7AR2_FEATURE_ALGEBRA_PARITY_SMOKE,smoke,False,False,False,False,False,,,valid_or_historical_record,,7
A7AR-3,f481314,reports/CRYPTO_A7AR3_FRESH_MEMORY_DEDUP_SMOKE_20260527.md,runtime/a7ar3_fresh_memory_dedup_smoke,runtime/a7ar3_fresh_memory_dedup_smoke/a7ar3_manifest.json,PASS_A7AR3_FRESH_MEMORY_DEDUP_SMOKE,smoke,False,False,False,False,False,,,valid_or_historical_record,,8
A7AR-4,f481314,reports/CRYPTO_A7AR4_SELECTOR_ADAPTER_SMOKE_20260527.md,runtime/a7ar4_selector_adapter_smoke,runtime/a7ar4_selector_adapter_smoke/a7ar4_manifest.json,PASS_A7AR4_SELECTOR_ADAPTER_SMOKE,smoke,True,False,False,False,False,,,valid_or_historical_record,,10
A7AR-6,b58ad78,reports/CRYPTO_A7AR6_CN_MATURE_CHAIN_PARITY_GAP_AUDIT_20260528.md,runtime/a7ar6_cn_mature_chain_parity_gap_audit,runtime/a7ar6_cn_mature_chain_parity_gap_audit/a7ar6_manifest.json,PASS_A7AR6_PARITY_AUDIT_COMPLETE_REQUIRES_A7AL2V_A7AR7,governance_or_audit,True,False,False,False,False,,,valid_or_historical_record,,4
A7AR-7,52b6e46,reports/CRYPTO_A7AR7_SHARED_CANDIDATE_POOL_20260528.md,runtime/a7ar7_shared_candidate_pool,runtime/a7ar7_shared_candidate_pool/a7ar7_manifest.json,PASS_A7AR7_SHARED_CANDIDATE_POOL_READY_FOR_A7AL2V,governance_or_audit,True,False,False,False,False,,,valid_or_historical_record,,7
A7AR-8,55f40b9,reports/CRYPTO_A7AR8_SIGNAL_VECTOR_CLUSTER_REGISTRY_20260528.md,runtime/a7ar8_signal_vector_cluster_registry,runtime/a7ar8_signal_vector_cluster_registry/a7ar8_manifest.json,HOLD_A7AR8_SELECTED_QUEUE_STRESS_VETO_NO_EXPANSION,hold,False,False,False,False,False,,,hold,,8
A7AS0,4a753fe,reports/CRYPTO_A7AS0_V2_DATA_ACCEPTANCE_20260527.md,runtime/a7as0_v2_data_acceptance,runtime/a7as0_v2_data_acceptance/a7as0_manifest.json,PASS_A7AS0_V2_DATA_ACCEPTANCE_READY_FOR_A7AL2G,governance_or_audit,True,False,False,False,False,,,valid_or_historical_record,,6
A7FF-0,b725826,reports/CRYPTO_A7FF0_FIELD_ONTOLOGY_V2_20260530.md,runtime/a7ff0_field_ontology_v2,runtime/a7ff0_field_ontology_v2/a7ff0_manifest.json,PASS_A7FF0_FIELD_ONTOLOGY_V2_BUILT,governance_or_audit,False,False,False,False,False,,,valid_or_historical_record,,3
A7FF-1,bdba34e,reports/CRYPTO_A7FF13_WAVE_TRIAGE_20260530.md,runtime/a7ff1_operator_probing,runtime/a7ff1_operator_probing/a7ff1_manifest.json,PASS_A7FF1_OPERATOR_PROBING_READY_FOR_PAIR_CLUSTERING,governance_or_audit,False,False,False,False,False,,,valid_or_historical_record,,4
A7FF-10-COMPANY-PARALLEL-AGGREGATE,e5a6a4a,reports/CRYPTO_A7FF10_COMPANY_PARALLEL_AGGREGATE_20260530.md,runtime/a7ff10_company_parallel_aggregate,runtime/a7ff10_company_parallel_aggregate/a7ff10_manifest.json,PASS_A7FF10_COMPANY_PARALLEL_NUMERIC_AGGREGATE_BUILT,governance_or_audit,False,False,False,False,False,,,valid_or_historical_record,,6
A7FF-10S00,e5a6a4a,reports/CRYPTO_A7FF10S00_COMPANY_NUMERIC_PROBE_20260530.md,runtime/a7ff10_company_numeric_probe_shard_00,runtime/a7ff10_company_numeric_probe_shard_00/a7ff10s00_manifest.json,PASS_A7FF10S00_NUMERIC_PROBE_CLUES_FOUND_NO_SEARCH_AUTH,governance_or_audit,False,False,False,False,False,,,valid_or_historical_record,,11
A7FF-10S01,e5a6a4a,reports/CRYPTO_A7FF10S01_COMPANY_NUMERIC_PROBE_20260530.md,runtime/a7ff10_company_numeric_probe_shard_01,runtime/a7ff10_company_numeric_probe_shard_01/a7ff10s01_manifest.json,PASS_A7FF10S01_NUMERIC_PROBE_CLUES_FOUND_NO_SEARCH_AUTH,governance_or_audit,False,False,False,False,False,,,valid_or_historical_record,,11
A7FF-10S02,e5a6a4a,reports/CRYPTO_A7FF10S02_COMPANY_NUMERIC_PROBE_20260530.md,runtime/a7ff10_company_numeric_probe_shard_02,runtime/a7ff10_company_numeric_probe_shard_02/a7ff10s02_manifest.json,PASS_A7FF10S02_NUMERIC_PROBE_CLUES_FOUND_NO_SEARCH_AUTH,governance_or_audit,False,False,False,False,False,,,valid_or_historical_record,,11
A7FF-10S03,e5a6a4a,reports/CRYPTO_A7FF10S03_COMPANY_NUMERIC_PROBE_20260530.md,runtime/a7ff10_company_numeric_probe_shard_03,runtime/a7ff10_company_numeric_probe_shard_03/a7ff10s03_manifest.json,PASS_A7FF10S03_NUMERIC_PROBE_CLUES_FOUND_NO_SEARCH_AUTH,governance_or_audit,False,False,False,False,False,,,valid_or_historical_record,,11
A7FF-11-SELECTED-QUEUE-TRIAGE,509931a,reports/CRYPTO_A7FF11_SELECTED_QUEUE_TRIAGE_20260530.md,runtime/a7ff11_selected_queue_triage,runtime/a7ff11_selected_queue_triage/a7ff11_manifest.json,PASS_A7FF11_TRIAGE_READY_FOR_A7FF12_NUMERIC_WAVE_WITH_LABEL_DIVERSITY_WARNING,governance_or_audit,True,False,False,False,False,,,valid_or_historical_record,,11
A7FF-11R-COMPANY-RUNNER-CONTRACT,509931a,,runtime/a7ff11_company_runner_contract,runtime/a7ff11_company_runner_contract/a7ff11r_manifest.json,PASS_A7FF11R_COMPANY_RUNNER_CONTRACT_READY_WITH_MANIFEST_POLLING_REQUIRED,contract,True,False,False,False,False,,,valid_or_historical_record,,5
A7FF-12-COMPANY-NUMERIC-WAVE-AGGREGATE,bdba34e,,runtime/a7ff12_company_wave_aggregate,runtime/a7ff12_company_wave_aggregate/a7ff12_manifest.json,PASS_A7FF12_COMPANY_NUMERIC_WAVE_AGGREGATE_BUILT,governance_or_audit,False,False,False,False,False,,,valid_or_historical_record,,5
A7FF-12-NUMERIC-WAVE-QUEUE-CONTRACT,bdba34e,reports/CRYPTO_A7FF12_NUMERIC_WAVE_QUEUE_CONTRACT_20260530.md,runtime/a7ff12_numeric_wave_queue_contract,runtime/a7ff12_numeric_wave_queue_contract/a7ff12_manifest.json,PASS_A7FF12_NUMERIC_WAVE_QUEUE_READY_FOR_COMPANY_EXECUTION,governance_or_audit,False,False,False,False,False,,,valid_or_historical_record,,7
A7FF-12S00,bdba34e,reports/CRYPTO_A7FF12S00_COMPANY_NUMERIC_PROBE_20260530.md,runtime/a7ff12_company_numeric_probe_shard_00,runtime/a7ff12_company_numeric_probe_shard_00/a7ff12s00_manifest.json,PASS_A7FF12S00_NUMERIC_PROBE_CLUES_FOUND_NO_SEARCH_AUTH,governance_or_audit,False,False,False,False,False,,,valid_or_historical_record,,11
A7FF-12S01,bdba34e,reports/CRYPTO_A7FF12S01_COMPANY_NUMERIC_PROBE_20260530.md,runtime/a7ff12_company_numeric_probe_shard_01,runtime/a7ff12_company_numeric_probe_shard_01/a7ff12s01_manifest.json,PASS_A7FF12S01_NUMERIC_PROBE_CLUES_FOUND_NO_SEARCH_AUTH,governance_or_audit,False,False,False,False,False,,,valid_or_historical_record,,11
A7FF-12S02,bdba34e,reports/CRYPTO_A7FF12S02_COMPANY_NUMERIC_PROBE_20260530.md,runtime/a7ff12_company_numeric_probe_shard_02,runtime/a7ff12_company_numeric_probe_shard_02/a7ff12s02_manifest.json,PASS_A7FF12S02_NUMERIC_PROBE_CLUES_FOUND_NO_SEARCH_AUTH,governance_or_audit,False,False,False,False,False,,,valid_or_historical_record,,11
A7FF-12S03,bdba34e,reports/CRYPTO_A7FF12S03_COMPANY_NUMERIC_PROBE_20260530.md,runtime/a7ff12_company_numeric_probe_shard_03,runtime/a7ff12_company_numeric_probe_shard_03/a7ff12s03_manifest.json,PASS_A7FF12S03_NUMERIC_PROBE_CLUES_FOUND_NO_SEARCH_AUTH,governance_or_audit,False,False,False,False,False,,,valid_or_historical_record,,11
A7FF-12S04,bdba34e,reports/CRYPTO_A7FF12S04_COMPANY_NUMERIC_PROBE_20260530.md,runtime/a7ff12_company_numeric_probe_shard_04,runtime/a7ff12_company_numeric_probe_shard_04/a7ff12s04_manifest.json,PASS_A7FF12S04_NUMERIC_PROBE_CLUES_FOUND_NO_SEARCH_AUTH,governance_or_audit,False,False,False,False,False,,,valid_or_historical_record,,11
A7FF-12S05,bdba34e,reports/CRYPTO_A7FF12S05_COMPANY_NUMERIC_PROBE_20260530.md,runtime/a7ff12_company_numeric_probe_shard_05,runtime/a7ff12_company_numeric_probe_shard_05/a7ff12s05_manifest.json,PASS_A7FF12S05_NUMERIC_PROBE_CLUES_FOUND_NO_SEARCH_AUTH,governance_or_audit,False,False,False,False,False,,,valid_or_historical_record,,11
A7FF-12S06,bdba34e,reports/CRYPTO_A7FF12S06_COMPANY_NUMERIC_PROBE_20260530.md,runtime/a7ff12_company_numeric_probe_shard_06,runtime/a7ff12_company_numeric_probe_shard_06/a7ff12s06_manifest.json,PASS_A7FF12S06_NUMERIC_PROBE_CLUES_FOUND_NO_SEARCH_AUTH,governance_or_audit,False,False,False,False,False,,,valid_or_historical_record,,11
A7FF-12S07,bdba34e,reports/CRYPTO_A7FF12S07_COMPANY_NUMERIC_PROBE_20260530.md,runtime/a7ff12_company_numeric_probe_shard_07,runtime/a7ff12_company_numeric_probe_shard_07/a7ff12s07_manifest.json,PASS_A7FF12S07_NUMERIC_PROBE_CLUES_FOUND_NO_SEARCH_AUTH,governance_or_audit,False,False,False,False,False,,,valid_or_historical_record,,11
A7FF-13-WAVE-TRIAGE,bdba34e,reports/CRYPTO_A7FF13_WAVE_TRIAGE_20260530.md,runtime/a7ff13_wave_triage,runtime/a7ff13_wave_triage/a7ff13_manifest.json,HOLD_A7FF13_SELECTOR_LABEL_CONCENTRATION_AFTER_NUMERIC_SCALEUP,hold,True,False,False,False,False,,,hold,,6
A7FF-14-LABEL-BALANCED-SELECTOR-REPAIR,9fa8d43,reports/CRYPTO_A7FF14_LABEL_BALANCED_SELECTOR_REPAIR_20260530.md,runtime/a7ff14_label_balanced_selector_repair,runtime/a7ff14_label_balanced_selector_repair/a7ff14_manifest.json,PASS_A7FF14_LABEL_BALANCED_SELECTOR_REPAIR_READY_FOR_A7FF15,governance_or_audit,True,False,False,False,False,,,valid_or_historical_record,,8
A7FF-15-COST-TIERED-BALANCED-FOLLOWUP,16dbde2,reports/CRYPTO_A7FF15_COST_TIERED_BALANCED_FOLLOWUP_20260530.md,runtime/a7ff15_cost_tiered_balanced_followup,runtime/a7ff15_cost_tiered_balanced_followup/a7ff15_manifest.json,PASS_A7FF15_COST_TIERED_BALANCED_FOLLOWUP_READY_FOR_A7FF16_WITH_L3_COST_WARNING,governance_or_audit,True,False,False,False,False,,,valid_or_historical_record,,9
A7FF-16-COMPANY-NUMERIC-FOLLOWUP-AGGREGATE,433af45,reports/CRYPTO_A7FF16_COMPANY_NUMERIC_FOLLOWUP_AGGREGATE_20260530.md,runtime/a7ff16_company_numeric_followup_aggregate,runtime/a7ff16_company_numeric_followup_aggregate/a7ff16_manifest.json,PASS_A7FF16_COMPANY_NUMERIC_FOLLOWUP_AGGREGATE_BUILT,governance_or_audit,False,False,False,False,False,,,valid_or_historical_record,,7
A7FF-16-COST-TIERED-NUMERIC-FOLLOWUP-CONTRACT,d3bb2a4,reports/CRYPTO_A7FF16_COST_TIERED_NUMERIC_FOLLOWUP_CONTRACT_20260530.md,runtime/a7ff16_cost_tiered_numeric_followup_contract,runtime/a7ff16_cost_tiered_numeric_followup_contract/a7ff16_manifest.json,PASS_A7FF16_COST_TIERED_NUMERIC_FOLLOWUP_CONTRACT_READY_FOR_COMPANY_EXECUTION,contract,False,True,False,False,False,,,valid_or_historical_record,,6
A7FF-16S00,433af45,reports/CRYPTO_A7FF16S00_COMPANY_NUMERIC_FOLLOWUP_20260530.md,runtime/a7ff16_company_numeric_followup_shard_00,runtime/a7ff16_company_numeric_followup_shard_00/a7ff16s00_manifest.json,PASS_A7FF16S00_NUMERIC_PROBE_CLUES_FOUND_NO_SEARCH_AUTH,governance_or_audit,False,False,False,False,False,,,valid_or_historical_record,,11
A7FF-16S01,433af45,reports/CRYPTO_A7FF16S01_COMPANY_NUMERIC_FOLLOWUP_20260530.md,runtime/a7ff16_company_numeric_followup_shard_01,runtime/a7ff16_company_numeric_followup_shard_01/a7ff16s01_manifest.json,PASS_A7FF16S01_NUMERIC_PROBE_CLUES_FOUND_NO_SEARCH_AUTH,governance_or_audit,False,False,False,False,False,,,valid_or_historical_record,,11
A7FF-17-FOLLOWUP-SELECTOR-TRIAGE,433af45,reports/CRYPTO_A7FF17_FOLLOWUP_SELECTOR_TRIAGE_20260530.md,runtime/a7ff17_followup_selector_triage,runtime/a7ff17_followup_selector_triage/a7ff17_manifest.json,HOLD_A7FF17_INTERNAL_SELECTOR_LABEL_CONCENTRATION_PERSISTS,hold,True,False,False,False,False,,,hold,,6
A7FF-18-EXTERNAL-LABEL-BALANCED-SELECTOR,8392554,reports/CRYPTO_A7FF18_EXTERNAL_LABEL_BALANCED_SELECTOR_20260530.md,runtime/a7ff18_external_label_balanced_selector,runtime/a7ff18_external_label_balanced_selector/a7ff18_manifest.json,PASS_A7FF18_EXTERNAL_LABEL_BALANCED_SELECTOR_READY_FOR_A7FF19,governance_or_audit,True,False,False,False,False,,,valid_or_historical_record,,7
A7FF-19-COMPANY-NUMERIC-CONFIRMATION-AGGREGATE,0397075,reports/CRYPTO_A7FF19_COMPANY_NUMERIC_CONFIRMATION_AGGREGATE_20260530.md,runtime/a7ff19_company_numeric_confirmation_aggregate,runtime/a7ff19_company_numeric_confirmation_aggregate/a7ff19_manifest.json,PASS_A7FF19_COMPANY_NUMERIC_CONFIRMATION_AGGREGATE_BUILT,governance_or_audit,False,False,False,False,False,,,valid_or_historical_record,,7
A7FF-19-EXTERNAL-SELECTOR-CONFIRMATION-CONTRACT,0397075,reports/CRYPTO_A7FF19_EXTERNAL_SELECTOR_CONFIRMATION_CONTRACT_20260530.md,runtime/a7ff19_external_selector_confirmation_contract,runtime/a7ff19_external_selector_confirmation_contract/a7ff19_manifest.json,PASS_A7FF19_EXTERNAL_SELECTOR_CONFIRMATION_CONTRACT_READY_FOR_COMPANY_EXECUTION,contract,False,True,False,False,False,,,valid_or_historical_record,,6
A7FF-19S00,0397075,reports/CRYPTO_A7FF19S00_COMPANY_NUMERIC_CONFIRMATION_20260530.md,runtime/a7ff19_company_numeric_confirmation_shard_00,runtime/a7ff19_company_numeric_confirmation_shard_00/a7ff19s00_manifest.json,PASS_A7FF19S00_NUMERIC_PROBE_CLUES_FOUND_NO_SEARCH_AUTH,governance_or_audit,False,False,False,False,False,,,valid_or_historical_record,,11
A7FF-19S01,0397075,reports/CRYPTO_A7FF19S01_COMPANY_NUMERIC_CONFIRMATION_20260530.md,runtime/a7ff19_company_numeric_confirmation_shard_01,runtime/a7ff19_company_numeric_confirmation_shard_01/a7ff19s01_manifest.json,PASS_A7FF19S01_NUMERIC_PROBE_CLUES_FOUND_NO_SEARCH_AUTH,governance_or_audit,False,False,False,False,False,,,valid_or_historical_record,,11
A7FF-2,468c021,reports/CRYPTO_A7FF27_REPLAY_PREFLIGHT_20260530.md,runtime/a7ff2_feature_pair_clustering,runtime/a7ff2_feature_pair_clustering/a7ff2_manifest.json,PASS_A7FF2_FEATURE_PAIR_POLICY_READY,governance_or_audit,False,False,False,False,False,,,valid_or_historical_record,,5
A7FF-20-CONFIRMATION-SELECTOR-TRIAGE,0397075,reports/CRYPTO_A7FF20_CONFIRMATION_SELECTOR_TRIAGE_20260530.md,runtime/a7ff20_confirmation_selector_triage,runtime/a7ff20_confirmation_selector_triage/a7ff20_manifest.json,HOLD_A7FF20_INTERNAL_SELECTOR_LABEL_CONCENTRATION_CONFIRMED_AFTER_EXTERNAL_QUEUE,hold,True,False,False,False,False,,,hold,,6
A7FF-21-EXTERNAL-CONFIRMATION-SELECTOR,0397075,reports/CRYPTO_A7FF21_EXTERNAL_CONFIRMATION_SELECTOR_20260530.md,runtime/a7ff21_external_confirmation_selector,runtime/a7ff21_external_confirmation_selector/a7ff21_manifest.json,PASS_A7FF21_EXTERNAL_CONFIRMATION_SELECTOR_READY_FOR_A7FF22_WITH_BLUEPRINT_DIVERSITY_WARNING,governance_or_audit,True,False,False,False,False,,,valid_or_historical_record,,7
A7FF-22-LABEL-BALANCED-EXPANSION-CONTRACT,1427c34,reports/CRYPTO_A7FF22_LABEL_BALANCED_EXPANSION_CONTRACT_20260530.md,runtime/a7ff22_label_balanced_expansion_contract,runtime/a7ff22_label_balanced_expansion_contract/a7ff22_manifest.json,PASS_A7FF22_LABEL_BALANCED_EXPANSION_CONTRACT_READY_FOR_A7FF23,contract,True,False,False,False,False,,,valid_or_historical_record,,7
A7FF-23R-DERIVED-FACTOR-EXPANSION-CONTRACT,587e26e,reports/CRYPTO_A7FF23R_DERIVED_FACTOR_EXPANSION_CONTRACT_20260530.md,runtime/a7ff23r_derived_factor_expansion_contract,runtime/a7ff23r_derived_factor_expansion_contract/a7ff23r_manifest.json,PASS_A7FF23R_DERIVED_FACTOR_EXPANSION_CONTRACT_READY_FOR_A7FF24R_PLAN,contract,True,True,False,False,False,,,valid_or_historical_record,,11
A7FF-24R-DRY-GENERATION-PLAN,587e26e,reports/CRYPTO_A7FF24R_DRY_GENERATION_PLAN_20260530.md,runtime/a7ff24r_dry_generation_plan,runtime/a7ff24r_dry_generation_plan/a7ff24r_manifest.json,PASS_A7FF24R_DRY_GENERATION_PLAN_READY_FOR_COMPANY_NUMERIC,governance_or_audit,False,True,False,False,False,,,valid_or_historical_record,,21
A7FF-24R2,,reports/CRYPTO_A7FF24R2_REPAIRED_COMPANY_QUEUE_20260530.md,runtime/a7ff24r2_repaired_company_queue,runtime/a7ff24r2_repaired_company_queue/a7ff24r2_manifest.json,PASS_A7FF24R2_REPAIRED_COMPANY_QUEUE_READY_FOR_DENSE_MATERIALIZER_PREFLIGHT_NO_SEARCH_AUTH,governance_or_audit,False,False,False,False,False,,,valid_or_historical_record,,19
A7FF-25R0-COMPANY-QUEUE-COVERAGE-AUDIT,efa57ad,reports/CRYPTO_A7FF25R0_COMPANY_QUEUE_COVERAGE_AUDIT_20260530.md,runtime/a7ff25r0_company_queue_coverage,runtime/a7ff25r0_company_queue_coverage/a7ff25r0_manifest.json,PASS_A7FF25R0_COMPANY_QUEUE_COVERAGE_ACCEPTABLE_WITH_WARNINGS,governance_or_audit,True,False,False,False,False,,,valid_or_historical_record,,9
A7FF-25R1,57625c0,reports/CRYPTO_A7FF25R1_NUMERIC_ADAPTER_PARITY_SMOKE_20260530.md,runtime/a7ff25r1_numeric_adapter_parity_smoke,runtime/a7ff25r1_numeric_adapter_parity_smoke/a7ff25r1_manifest.json,HOLD_A7FF25R1_PORTFOLIO_QUEUE_TOO_SMALL,hold,False,False,False,False,False,,,hold,,15
A7FF-25R2,cf30256,reports/CRYPTO_A7FF25R2_ONE_SHARD_NUMERIC_WAVE_20260530.md,runtime/a7ff25r2_one_shard_numeric_wave,runtime/a7ff25r2_one_shard_numeric_wave/a7ff25r2_manifest.json,PASS_A7FF25R2_NUMERIC_PROBE_CLUES_FOUND_NO_SEARCH_AUTH,governance_or_audit,False,False,False,False,False,,,valid_or_historical_record,,20
A7FF-25R3,cf30256,reports/CRYPTO_A7FF25R3S00_NUMERIC_WAVE_20260530.md,runtime/a7ff25r3_full_numeric_wave,runtime/a7ff25r3_full_numeric_wave/a7ff25r3_manifest.json,PASS_A7FF25R3_FULL_NUMERIC_WAVE_COMPLETED_WITH_WARNINGS_NO_SEARCH_AUTH,governance_or_audit,False,False,False,False,False,,,valid_or_historical_record,,185
A7FF-25R4,abb6034,reports/CRYPTO_A7FF25R4_NO_ACTIVITY_TAIL_AUDIT_20260530.md,runtime/a7ff25r4_no_activity_tail_audit,runtime/a7ff25r4_no_activity_tail_audit/a7ff25r4_manifest.json,PASS_A7FF25R4_NO_ACTIVITY_TAIL_CAUSE_IDENTIFIED_REPAIR_REQUIRED,governance_or_audit,False,False,False,False,False,,,valid_or_historical_record,,8
A7FF-25R5,468c021,reports/CRYPTO_A7FF25R5_FUNDING_TAIL_REPAIR_CONTRACT_20260530.md,runtime/a7ff25r5_funding_tail_repair_contract,runtime/a7ff25r5_funding_tail_repair_contract/a7ff25r5_manifest.json,PASS_A7FF25R5_FUNDING_TAIL_REPAIR_CONTRACT_BUILT_NO_SEARCH_AUTH,contract,False,False,False,False,False,,,valid_or_historical_record,,6
A7FF-25R6,3eebfb6,reports/CRYPTO_A7FF25R6_DENSE_FUNDING_STATE_AUDIT_20260530.md,runtime/a7ff25r6_dense_funding_state_audit,runtime/a7ff25r6_dense_funding_state_audit/a7ff25r6_manifest.json,PASS_A7FF25R6_DENSE_FUNDING_STATE_MATERIALIZATION_READY_FOR_QUEUE_REPAIR_NO_SEARCH_AUTH,governance_or_audit,True,False,False,False,False,,,valid_or_historical_record,,6
A7FF-26,abb6034,reports/CRYPTO_A7FF26_NUMERIC_CLUE_FORENSIC_20260530.md,runtime/a7ff26_numeric_clue_forensic,runtime/a7ff26_numeric_clue_forensic/a7ff26_manifest.json,PASS_A7FF26_NUMERIC_RESEARCH_CLUES_READY_FOR_REPLAY_PREFLIGHT_NO_SEARCH_AUTH,governance_or_audit,False,True,False,False,False,,,valid_or_historical_record,,9
A7FF-27,468c021,reports/CRYPTO_A7FF27_REPLAY_PREFLIGHT_20260530.md,runtime/a7ff27_replay_preflight,runtime/a7ff27_replay_preflight/a7ff27_manifest.json,PASS_A7FF27_NUMERIC_PROBE_CLUES_FOUND_NO_SEARCH_AUTH,governance_or_audit,False,False,False,False,False,,,valid_or_historical_record,,17
A7FF-28,537bbdf,reports/CRYPTO_A7FF28A_BOUNDED_DEEP_REPLAY_20260530.md,runtime/a7ff28_deep_replay_contract,runtime/a7ff28_deep_replay_contract/a7ff28_manifest.json,PASS_A7FF28_DEEP_REPLAY_CONTRACT_READY_NO_SEARCH_AUTH,contract,False,True,False,False,False,,,valid_or_historical_record,,6
A7FF-28A,537bbdf,reports/CRYPTO_A7FF28A_BOUNDED_DEEP_REPLAY_20260530.md,runtime/a7ff28a_bounded_deep_replay,runtime/a7ff28a_bounded_deep_replay/a7ff28a_manifest.json,PASS_A7FF28A_NUMERIC_PROBE_CLUES_FOUND_NO_SEARCH_AUTH,governance_or_audit,False,False,False,False,False,,,valid_or_historical_record,,16
A7FF-29,bff1ff9,reports/CRYPTO_A7FF29_CANDIDATE_FORENSIC_20260530.md,runtime/a7ff29_candidate_forensic,runtime/a7ff29_candidate_forensic/a7ff29_manifest.json,PASS_A7FF29_FORENSIC_READY_FOR_A7FF30_PORTFOLIO_REPLAY_CONTRACT_WITH_CONCENTRATION_WARNINGS_NO_SEARCH_AUTH,contract,True,True,False,False,False,,,valid_or_historical_record,,7
A7FF-3,17d1423,reports/CRYPTO_A7FF31_PORTFOLIO_FORENSIC_20260530.md,runtime/a7ff3_coarse_to_fine_generation_contract,runtime/a7ff3_coarse_to_fine_generation_contract/a7ff3_manifest.json,PASS_A7FF3_COARSE_TO_FINE_BLUEPRINTS_READY,governance_or_audit,False,False,False,False,False,,,valid_or_historical_record,,3
A7FF-30,a368260,reports/CRYPTO_A7FF30A_PORTFOLIO_REPLAY_SMOKE_20260530.md,runtime/a7ff30_portfolio_replay_contract,runtime/a7ff30_portfolio_replay_contract/a7ff30_manifest.json,PASS_A7FF30_PORTFOLIO_REPLAY_CONTRACT_READY_NO_SEARCH_AUTH,contract,True,True,False,False,False,,,valid_or_historical_record,,7
A7FF-30A,a368260,reports/CRYPTO_A7FF30A_PORTFOLIO_REPLAY_SMOKE_20260530.md,runtime/a7ff30a_portfolio_replay_smoke,runtime/a7ff30a_portfolio_replay_smoke/a7ff30a_manifest.json,PASS_A7FF30A_PORTFOLIO_REPLAY_SMOKE_FOUND_ENSEMBLE_CLUES_NO_SEARCH_AUTH,smoke,True,False,False,False,False,,,valid_or_historical_record,,8
A7FF-31,17d1423,reports/CRYPTO_A7FF31_PORTFOLIO_FORENSIC_20260530.md,runtime/a7ff31_portfolio_forensic,runtime/a7ff31_portfolio_forensic/a7ff31_manifest.json,HOLD_A7FF31_PORTFOLIO_FORENSIC_CONCENTRATED_CLUE_NO_SEARCH_AUTH,diagnostic,True,False,False,False,False,,,hold,,7
A7FF-4,b725826,reports/CRYPTO_A7FF4_FEATURE_ROLE_PROMOTION_20260530.md,runtime/a7ff4_feature_role_promotion,runtime/a7ff4_feature_role_promotion/a7ff4_manifest.json,PASS_A7FF4_ROLE_PROMOTION_MAP_READY,governance_or_audit,False,False,False,False,False,,,valid_or_historical_record,,3
A7FF-5,b725826,reports/CRYPTO_A7FF5_FACTOR_CANDIDATE_COMPILER_20260530.md,runtime/a7ff5_factor_candidate_compiler,runtime/a7ff5_factor_candidate_compiler/a7ff5_manifest.json,PASS_A7FF5_FACTOR_BLUEPRINTS_READY_FOR_PORTFOLIO_DRYRUN,governance_or_audit,False,False,False,False,False,,,valid_or_historical_record,,3
A7FF-6,b725826,reports/CRYPTO_A7FF6_PORTFOLIO_MARGINAL_SELECTOR_DRYRUN_20260530.md,runtime/a7ff6_portfolio_marginal_selector_dryrun,runtime/a7ff6_portfolio_marginal_selector_dryrun/a7ff6_manifest.json,HOLD_A7FF6_PORTFOLIO_MARGINAL_DRYRUN_NOT_PROMOTABLE,hold,False,False,False,False,False,,,hold,,3
A7FF-7E,bd530c1,reports/CRYPTO_A7FF7E_EXPANDED_DERIVATION_PROBE_CONTRACT_20260530.md,runtime/a7ff7e_expanded_derivation_probe_contract,runtime/a7ff7e_expanded_derivation_probe_contract/a7ff7e_manifest.json,PASS_A7FF7E_EXPANDED_DERIVATION_READY_FOR_A7FF8_NUMERIC_PROBE,governance_or_audit,True,False,False,False,False,,,valid_or_historical_record,,7
A7FF-8,f467852,reports/CRYPTO_A7FF8_EXPANDED_NUMERIC_PROBE_20260530.md,runtime/a7ff8_expanded_numeric_probe,runtime/a7ff8_expanded_numeric_probe/a7ff8_manifest.json,PASS_A7FF8_NUMERIC_PROBE_CLUES_FOUND_NO_SEARCH_AUTH,governance_or_audit,False,False,False,False,False,,,valid_or_historical_record,,11
A7FF-9,d64e4e3,reports/CRYPTO_A7FF9_EXPANDED_NUMERIC_PROBE_CONTINUATION_20260530.md,runtime/a7ff9_expanded_numeric_probe_continuation,runtime/a7ff9_expanded_numeric_probe_continuation/a7ff9_manifest.json,PASS_A7FF9_NUMERIC_PROBE_CLUES_FOUND_NO_SEARCH_AUTH,governance_or_audit,False,False,False,False,False,,,valid_or_historical_record,,13
A7FF-9-COMPARISON,d64e4e3,reports/CRYPTO_A7FF9_CONTINUATION_COMPARISON_20260530.md,runtime/a7ff9_continuation_comparison,runtime/a7ff9_continuation_comparison/a7ff9_manifest.json,PASS_A7FF9_CONTINUATION_COMPARISON_BUILT,governance_or_audit,False,False,False,False,False,,,valid_or_historical_record,,3
A7FF-R0-DERIVED-GENERATION-FAILURE-FREEZE,3e509b2,reports/CRYPTO_A7FFR0_DERIVED_GENERATION_FAILURE_FREEZE_20260530.md,runtime/a7ffr0_derived_generation_failure_freeze,runtime/a7ffr0_derived_generation_failure_freeze/a7ffr0_manifest.json,HOLD_A7FF_CURRENT_DERIVED_GENERATION_INSUFFICIENT_FOR_SEARCH,hold,True,False,False,False,False,,,hold,,2
A7FF-R1-FIELD-ONTOLOGY-V3,3e509b2,reports/CRYPTO_A7FFR1_FIELD_ONTOLOGY_V3_20260530.md,runtime/a7ffr1_field_ontology_v3,runtime/a7ffr1_field_ontology_v3/a7ffr1_manifest.json,PASS_A7FFR1_FIELD_ONTOLOGY_V3_BUILT,governance_or_audit,True,False,False,False,False,,,valid_or_historical_record,,3
A7FF-R2-OPERATOR-PROBING-V2,3e509b2,reports/CRYPTO_A7FFR2_OPERATOR_PROBING_V2_20260530.md,runtime/a7ffr2_operator_probing_v2,runtime/a7ffr2_operator_probing_v2/a7ffr2_manifest.json,PASS_A7FFR2_OPERATOR_PROBING_V2_READY,governance_or_audit,True,False,False,False,False,,,valid_or_historical_record,,3
A7FF-R3-FEATURE-PAIR-POLICY-V2,3e509b2,reports/CRYPTO_A7FFR3_FEATURE_PAIR_POLICY_V2_20260530.md,runtime/a7ffr3_feature_pair_policy_v2,runtime/a7ffr3_feature_pair_policy_v2/a7ffr3_manifest.json,PASS_A7FFR3_FEATURE_PAIR_POLICY_READY,governance_or_audit,True,False,False,False,False,,,valid_or_historical_record,,3
A7FF-R4-COARSE-TO-FINE-GENERATION-REDESIGN,3e509b2,reports/CRYPTO_A7FFR4_COARSE_TO_FINE_GENERATION_REDESIGN_20260530.md,runtime/a7ffr4_coarse_to_fine_generation_redesign,runtime/a7ffr4_coarse_to_fine_generation_redesign/a7ffr4_manifest.json,PASS_A7FFR4_COARSE_TO_FINE_GENERATION_REDESIGN_READY,governance_or_audit,True,False,False,False,False,,,valid_or_historical_record,,4
A7FF-R5-RESPONSE-BACKED-PROMOTION-REDESIGN,3e509b2,reports/CRYPTO_A7FFR5_RESPONSE_BACKED_PROMOTION_REDESIGN_20260530.md,runtime/a7ffr5_response_backed_promotion_redesign,runtime/a7ffr5_response_backed_promotion_redesign/a7ffr5_manifest.json,PASS_A7FFR5_PROMOTION_REDESIGN_READY_BUT_SEARCH_STILL_HOLD,hold,True,False,False,False,False,,,hold,,3
A7FF-VERSION-20260530,609b45d,reports/CRYPTO_A7FF_VERSION_20260530_A7FFR_TO_A7FF24R.md,runtime/a7ff_version_20260530,runtime/a7ff_version_20260530/a7ff_v20260530_manifest.json,PASS_A7FF_VERSION_FILE_BUILT,governance_or_audit,False,False,False,False,False,,,valid_or_historical_record,,7
A7FF10,e5a6a4a,reports/CRYPTO_A7FF10S00_COMPANY_NUMERIC_PROBE_20260530.md,runtime/a7ff10_company_parallel,,NO_DECISION_FIELD,governance_or_audit,False,False,False,False,False,,,valid_or_historical_record,,9
A7FF12,bdba34e,reports/CRYPTO_A7FF12_COMPANY_WAVE_AGGREGATE_20260530.md,runtime/a7ff12_company_parallel,,NO_DECISION_FIELD,governance_or_audit,False,False,False,False,False,,,valid_or_historical_record,,27
A7FF16,433af45,reports/CRYPTO_A7FF16S00_COMPANY_NUMERIC_FOLLOWUP_20260530.md,runtime/a7ff16_company_parallel,,NO_DECISION_FIELD,governance_or_audit,False,False,False,False,False,,,valid_or_historical_record,,7
A7FF19,0397075,reports/CRYPTO_A7FF19S00_COMPANY_NUMERIC_CONFIRMATION_20260530.md,runtime/a7ff19_company_parallel,,NO_DECISION_FIELD,governance_or_audit,False,False,False,False,False,,,valid_or_historical_record,,7
A7PM-0,17d1423,reports/CRYPTO_A7PM0_SOURCE_OF_TRUTH_REGISTRY_20260529.md,runtime/a7pm0_source_of_truth_registry,runtime/a7pm0_source_of_truth_registry/a7pm0_manifest.json,PASS_A7PM0_SOURCE_OF_TRUTH_REGISTRY_BUILT,governance_or_audit,True,False,False,False,False,,,valid_or_historical_record,,8
A7PM-1,de26507,reports/CRYPTO_A7PM1_ASSET_TAXONOMY_AND_MODULARIZATION_PLAN_20260529.md,runtime/a7pm1_asset_taxonomy,runtime/a7pm1_asset_taxonomy/a7pm1_manifest.json,PASS_A7PM1_ASSET_TAXONOMY_AND_MODULARIZATION_PLAN_BUILT,governance_or_audit,True,False,False,False,False,,,valid_or_historical_record,,8
A7PM-2,de26507,reports/CRYPTO_A7PM2_CANDIDATE_LIFECYCLE_STATE_MACHINE_20260529.md,runtime/a7pm2_candidate_lifecycle,runtime/a7pm2_candidate_lifecycle/a7pm2_manifest.json,PASS_A7PM2_CANDIDATE_LIFECYCLE_STATE_MACHINE_BUILT,governance_or_audit,True,False,False,False,False,,,valid_or_historical_record,,6
A7PM-3,17d1423,reports/CRYPTO_A7PM3_CURRENT_EXPERIMENT_BOARD_20260529.md,runtime/a7pm3_experiment_board,runtime/a7pm3_experiment_board/a7pm3_manifest.json,PASS_A7PM3_CURRENT_EXPERIMENT_BOARD_BUILT,governance_or_audit,False,False,False,False,False,,,valid_or_historical_record,,5
A7POOL-0,d18f2d5,reports/CRYPTO_A7POOL0_ALPHA_ELIGIBLE_POOL_REBUILD_20260529.md,runtime/a7pool0_alpha_eligible_pool,runtime/a7pool0_alpha_eligible_pool/a7pool0_manifest.json,HOLD_A7POOL0_POOL_NOT_READY_FOR_SELECTOR,hold,False,False,False,False,False,,,hold,,7
A7S0,74b6285,reports/CRYPTO_A7S0_DATA_HORIZON_CONTRACT_20260522.md,runtime/a7s0_data_horizon_contract,runtime/a7s0_data_horizon_contract/a7s0_manifest.json,PASS_A7S0_DATA_HORIZON_CONTRACT_READY,contract,True,False,False,False,False,,,valid_or_historical_record,,8
A7S1,7fbc18a,reports/CRYPTO_A7S1_METRICS_ACCEPTANCE_AUDIT_20260522.md,runtime/a7s1_data_source_availability,runtime/a7s1_data_source_availability/a7s1_manifest.json,HOLD_A7S1_NEW_DATA_NOT_READY_FOR_ALPHA_SEARCH,hold,True,False,False,False,False,,,hold,,8
A7S1,7fbc18a,reports/CRYPTO_A7S1_METRICS_ACCEPTANCE_AUDIT_20260522.md,runtime/a7s1_metrics_acceptance_audit,runtime/a7s1_metrics_acceptance_audit/a7s1_acceptance_manifest.json,PASS_A7S1_ACCEPTED_WITH_VENDOR_5M_WARNINGS,governance_or_audit,False,False,False,False,False,,,valid_or_historical_record,,9
A7S2,d663427,reports/CRYPTO_A7S2M_METRICS_REGISTRY_DIAGNOSTIC_20260522.md,runtime/a7s2_field_semantics,runtime/a7s2_field_semantics/a7s2_manifest.json,HOLD_A7S2_DATA_BACKFILL_CONTRACT_REQUIRED,contract,True,False,False,False,False,,,hold,,5
A7S2M,d663427,reports/CRYPTO_A7S2M_METRICS_REGISTRY_DIAGNOSTIC_20260522.md,runtime/a7s2m_metrics_registry_diagnostic,runtime/a7s2m_metrics_registry_diagnostic/a7s2m_manifest.json,PASS_A7S2M_CLEAN_CLUES_FOR_FORENSIC_HOLD_EXPANDED_REPLAY,diagnostic,False,False,False,False,False,,,hold,,12
A7S3,d663427,reports/CRYPTO_A7S3_METRICS_CLUE_FORENSIC_20260522.md,runtime/a7s3_metrics_clue_forensic,runtime/a7s3_metrics_clue_forensic/a7s3_manifest.json,PASS_A7S3_CROWDING_CLUE_FORENSIC_COMPLETE_HOLD_PROMOTION,diagnostic,False,False,False,False,False,,,hold,,10
A7S3,d663427,reports/CRYPTO_A7S3_METRICS_CLUE_FORENSIC_20260522.md,runtime/a7s3_sample_acceptance,runtime/a7s3_sample_acceptance/a7s3_manifest.json,PASS_A7S3_SAMPLE_PACKAGE_FOR_CONTRACTED_EXPERIMENTS_HOLD_ALPHA_PROOF,alpha_claim_check_required,False,False,False,False,False,,,hold,,7
A7S4,d663427,reports/CRYPTO_A7S4_CROWDING_ROBUSTNESS_AUDIT_20260522.md,runtime/a7s4_crowding_robustness_audit,runtime/a7s4_crowding_robustness_audit/a7s4_manifest.json,HOLD_A7S4_CROWDING_MOTIF_NOT_ROBUST,hold,False,False,False,False,False,,,hold,,5
A7SEL-0,8bad66e,reports/CRYPTO_A7SEL0_SELECTOR_TARGET_COUNTERFACTUAL_20260529.md,runtime/a7sel0_selector_counterfactual,runtime/a7sel0_selector_counterfactual/a7sel0_manifest.json,HOLD_A7SEL0_SELECTOR_COUNTERFACTUAL_NOT_PROMOTABLE,hold,False,False,False,False,False,,,hold,,7
A7SEL-1,d18f2d5,reports/CRYPTO_A7SEL1_ROLE_STRICT_SELECTOR_COUNTERFACTUAL_20260529.md,runtime/a7sel1_role_strict_selector_counterfactual,runtime/a7sel1_role_strict_selector_counterfactual/a7sel1_manifest.json,HOLD_A7SEL1_NOT_RUN_A7POOL0_NOT_READY,hold,False,False,False,False,False,,,hold,,8
A7T0,94f5b70,reports/CRYPTO_A7T0_FORWARD_TELEMETRY_CONTRACT_20260522.md,runtime/a7t0_forward_locked_observation_contract,runtime/a7t0_forward_locked_observation_contract/a7t0_manifest.json,PASS_A7T0_FORWARD_LOCKED_OBSERVATION_CONTRACT_READY,contract,False,False,False,False,False,,,valid_or_historical_record,,6
A7T0,94f5b70,reports/CRYPTO_A7T0_FORWARD_TELEMETRY_CONTRACT_20260522.md,runtime/a7t0_forward_telemetry_contract,runtime/a7t0_forward_telemetry_contract/a7t0_manifest.json,PASS_A7T0_FORWARD_TELEMETRY_CONTRACT_READY,contract,False,False,False,False,False,,,valid_or_historical_record,,7
A7T1,36e3efa,reports/CRYPTO_A7T1_FORWARD_HEALTH_REPORT_20260522.md,runtime/a7t1_forward_health_report,runtime/a7t1_forward_health_report/a7t1_manifest.json,WARN_A7T1_FORWARD_HEALTH_STALE_SAMPLE,governance_or_audit,False,False,False,False,False,,,valid_or_historical_record,,4
A7U,5dad490,reports/CRYPTO_A7U0R_SOURCE_TRACE_AUDIT_20260522.md,runtime/a7u_enhanced_v1_acceptance,runtime/a7u_enhanced_v1_acceptance/a7u_manifest.json,PASS_A7U_ENHANCED_V1_FEATURE_ACCEPTED_WITH_TRACEABILITY_WARNING,governance_or_audit,False,False,False,False,False,,,valid_or_historical_record,,7
A7U0R,5dad490,reports/CRYPTO_A7U0R_SOURCE_TRACE_AUDIT_20260522.md,runtime/a7u0r_source_trace_audit,runtime/a7u0r_source_trace_audit/a7u0r_manifest.json,PASS_A7U0R_SOURCE_TRACE_COMPLETE,governance_or_audit,False,False,False,False,False,,,valid_or_historical_record,,7
A7W0,0a7c50a,reports/CRYPTO_A7W0_POST_SOURCE_TRACE_STATUS_20260522.md,runtime/a7w0_post_source_trace_status,runtime/a7w0_post_source_trace_status/a7w0_manifest.json,PASS_A7W0_SOURCE_TRACE_RESOLVED_SIGNAL_LINE_STILL_HOLD,hold,False,False,False,False,False,,,hold,,3
BASELINES,,,runtime/baselines,,NO_DECISION_FIELD,governance_or_audit,False,False,False,False,False,,,valid_or_historical_record,,2
COMPANY-A7AL2Q2R-FULL,f2f8c3b,,runtime/company_a7al2q2r_full_20260528,runtime/company_a7al2q2r_full_20260528/runtime/a7al2q_local_oi_price_formula_search/a7al2q_manifest.json,PASS_A7AL2Q_LOCAL_OI_PRICE_CANDIDATES_FOUND_EXECUTION_HOLD,hold,True,False,False,False,False,,A7AL-2X0,not_authorized,A7AL-2Q local execution not authorized,35
