blueprint_id,expression,semantic_pair,motif,label_family,label_horizon_h,orientation_from_train,premay_positive_split_count,premay_all_positive,control_ratio_premay_max,one_bar_lag_recent_oriented,lag_ok,robust_median_tstat_floor,robust_min_tstat_floor,robust_ok,cost2_recent_oriented,cost5_recent_oriented,cost10_recent_oriented,avg_n_obs_recent,decision,train_2024_n,train_2024_mean_spread,train_2024_tstat,train_2024_nonoverlap_median_tstat,train_2024_nonoverlap_min_tstat,train_2024_positive_rate,validation_2025H1_n,validation_2025H1_mean_spread,validation_2025H1_tstat,validation_2025H1_nonoverlap_median_tstat,validation_2025H1_nonoverlap_min_tstat,validation_2025H1_positive_rate,test_2025H2_n,test_2025H2_mean_spread,test_2025H2_tstat,test_2025H2_nonoverlap_median_tstat,test_2025H2_nonoverlap_min_tstat,test_2025H2_positive_rate,recent_oos_2026JanApr_n,recent_oos_2026JanApr_mean_spread,recent_oos_2026JanApr_tstat,recent_oos_2026JanApr_nonoverlap_median_tstat,recent_oos_2026JanApr_nonoverlap_min_tstat,recent_oos_2026JanApr_positive_rate,non_l7_bonus,score_no_may,skeleton_key,finite_share,nonzero_share
a7ff24r_2fff7c49f91def0b,"Sub(CSRank(mark_index_basis_bps),CSRank(Delta(premium_close_bps,4)))",basis_premium_like|basis_premium_like,spread_rank,L5_vol_adjusted_return,4,-1.0,3,True,0.7535703239954334,0.1224660945641191,True,0.8571066286837772,1.2075244903203182,True,0.16177517861437726,0.16117517861437727,0.16017517861437727,95.46666666666667,A7FF25R3S01_NUMERIC_CLUE,712,-0.00048404881107344907,-0.02641652960687446,-0.08678621024152461,-0.7753302724824551,0.5112359550561798,716,-0.03504184437754001,-1.53708890257693,-0.8571066286837772,-1.2075244903203182,0.4776536312849162,716,-0.08281348072465733,-2.929819869042602,-1.3688091048180173,-1.982736362205002,0.44972067039106145,716,-0.16217517861437727,-4.2791748876138485,-2.1916852135242735,-3.7178567471986748,0.46089385474860334,1.0,167.42160829038184,skel_1a1b3fb29dff7328,0.9985636311404769,0.9766703826237054
a7ff24r_09dc2d7e51641cb0,"Sub(Delta(mark_index_basis_bps,8),premium_close_bps)",basis_premium_like|basis_premium_like,sub,L5_vol_adjusted_return,1,-1.0,3,True,0.5907071269400184,0.02715682371592557,True,4.246742911243791,4.246742911243791,True,0.0856883894728411,0.0850883894728411,0.0840883894728411,95.86666666666666,A7FF25R3S01_NUMERIC_CLUE,711,-0.00537183698942582,-0.5496330521789868,-0.5496330521789868,-0.5496330521789868,0.4978902953586498,719,-0.06299025468638896,-5.911178167124973,-5.911178167124973,-5.911178167124973,0.4102920723226704,719,-0.10345622790625099,-7.638570792123531,-7.638570792123531,-7.638570792123531,0.3574408901251738,719,-0.0860883894728411,-4.246742911243791,-4.246742911243791,-4.246742911243791,0.41585535465924894,1.0,91.49768234590108,skel_0994b3a36a4d53ba,0.9974145360528583,0.997848862327189
a7ff24r_14bb4d389b4b94f0,"Sub(ZScore(Mean(mark_index_basis_bps,8)),premium_close_bps)",basis_premium_like|basis_premium_like,sub,L5_vol_adjusted_return,1,1.0,3,True,0.7985367202144482,0.025877290821434962,True,3.713591810108156,3.713591810108156,True,0.08027872284340618,0.07967872284340617,0.07867872284340617,95.86666666666666,A7FF25R3S01_NUMERIC_CLUE,712,0.024735549905454544,2.345966703342073,2.345966703342073,2.345966703342073,0.5575842696629213,719,0.044568666700585624,4.058438336364351,4.058438336364351,4.058438336364351,0.5660639777468707,719,0.05058162626489029,3.713591810108156,3.713591810108156,3.713591810108156,0.5563282336578581,719,0.08067872284340617,3.9463814251444074,3.9463814251444074,3.9463814251444074,0.5577190542420027,1.0,85.88018612319173,skel_97ea9710bb50e137,0.997701809824763,1.0
a7ff24r_74bac53380235423,"Mean(Mul(Mean(mark_index_basis_bps,2),ZScore(Mean(premium_close_bps,12))),4)",basis_premium_like|basis_premium_like,smooth_mul,L7_ranked_future_return,8,-1.0,3,True,0.8782644231392951,0.04777028388992926,True,0.8508556442402527,1.5970162700189567,True,0.050561525957136914,0.04996152595713691,0.04896152595713691,94.93333333333334,A7FF25R3S01_RANK_LABEL_DIAGNOSTIC_CLUE,698,-0.014237188926032047,-2.484985963553255,-0.7828674349895961,-1.336468358238784,0.4684813753581662,712,-0.0317856260403662,-6.284066174472053,-2.2941834125016047,-3.424572973883283,0.41151685393258425,712,-0.012530073085726175,-2.0361863217249727,-0.8508556442402527,-1.5970162700189567,0.4592696629213483,712,-0.05096152595713691,-8.527865807406645,-3.005991010102152,-3.631775822670393,0.3651685393258427,0.0,55.08326153399762,skel_bb02868db9f6b779,0.9956908934214306,0.9998918061165609
a7ff24r_83fba2ff544d6c2c,"Sub(CSRank(mark_index_basis_bps),CSRank(ZScore(Mean(premium_close_bps,8))))",basis_premium_like|basis_premium_like,spread_rank,L7_ranked_future_return,4,-1.0,3,True,0.3502738516966862,0.007834666129991725,True,2.277401148507261,3.208588916254063,True,0.024867474118512877,0.024267474118512877,0.023267474118512876,95.46666666666667,A7FF25R3S01_RANK_LABEL_DIAGNOSTIC_CLUE,709,-0.017023613099732632,-3.0062898113619845,-1.3804318335968864,-2.217610421626875,0.45557122708039494,716,-0.03259248825545962,-5.963949684515749,-2.9878688091949135,-3.208588916254063,0.4064245810055866,716,-0.03912916738673984,-7.270477166571503,-3.465545888221044,-5.043283266729869,0.39106145251396646,716,-0.025267474118512878,-4.389010039505513,-2.277401148507261,-3.342907971333596,0.44692737430167595,0.0,29.917200266816188,skel_a923757a8885923c,0.997701809824763,0.9743287503599194
a7ff24r_de4d4f32c64589a1,"Sub(CSRank(Delta(mark_index_basis_bps,1)),CSRank(ZScore(Mean(premium_close_bps,4))))",basis_premium_like|basis_premium_like,spread_rank,L7_ranked_future_return,4,-1.0,3,True,0.5505385799339987,0.013675398215159042,True,2.109830089098434,2.9796278425507605,True,0.024141344617614694,0.023541344617614694,0.022541344617614693,95.46666666666667,A7FF25R3S01_RANK_LABEL_DIAGNOSTIC_CLUE,713,-0.015588391069413161,-2.788821275003352,-1.527806175404354,-1.6865627382902098,0.4474053295932679,716,-0.0323265332709074,-6.233317414733321,-2.793987475211475,-4.489323861586918,0.4036312849162011,716,-0.02625430868273047,-4.842136703888993,-2.459946799312795,-3.2190332738757546,0.43575418994413406,716,-0.024541344617614695,-4.431304026950514,-2.109830089098434,-2.9796278425507605,0.4245810055865922,0.0,28.990806037680695,skel_af8c1327eb17d836,0.9988509049123815,0.9870817754769438
a7ff24r_09e584f1f393b596,"Sub(CSRank(Mean(mark_index_basis_bps,8)),CSRank(premium_close_bps))",basis_premium_like|basis_premium_like,spread_rank,L7_ranked_future_return,24,1.0,3,True,0.7265419372528834,0.02140939900683076,True,0.5594070231297141,-1.9856294982863014,True,0.023745671272108047,0.023145671272108048,0.02214567127210805,92.8,A7FF25R3S01_RANK_LABEL_DIAGNOSTIC_CLUE,689,0.0030185785344983463,0.49540803029079084,0.08942223540384096,-1.8643487746254688,0.5355587808417998,696,0.011688469343821353,2.121868882970206,0.5594070231297141,-1.9856294982863014,0.5344827586206896,696,0.043962452137515,7.232634190271893,1.3002205678947623,0.5313417835085555,0.6005747126436781,696,0.02414567127210805,4.075353528244387,0.9382196381300208,-0.5260176918547482,0.5689655172413793,0.0,28.419129334855164,skel_51c2bb588b20fa9e,0.997701809824763,0.9785578030521164
a7ff24r_c3947ce389442b47,"Sub(CSRank(ZScore(Mean(mark_index_basis_bps,12))),CSRank(ZScore(Mean(premium_close_bps,2))))",basis_premium_like|basis_premium_like,spread_rank,L7_ranked_future_return,1,1.0,3,True,0.9302514007005898,0.017279643327105076,True,1.4623256014115977,1.4623256014115977,True,0.020655741700734746,0.020055741700734746,0.01905574170073475,95.86666666666666,A7FF25R3S01_RANK_LABEL_DIAGNOSTIC_CLUE,708,0.01641655267957351,2.689849586658013,2.689849586658013,2.689849586658013,0.5550847457627118,719,0.008724245526662077,1.4623256014115977,1.4623256014115977,1.4623256014115977,0.5271210013908206,719,0.02054392294526161,3.61526527243916,3.61526527243916,3.61526527243916,0.5424200278164116,719,0.021055741700734747,3.710234145960427,3.710234145960427,3.710234145960427,0.5660639777468707,0.0,25.12549030003416,skel_f4061a64df347a31,0.9965527147371445,0.9741820409339867
a7ff24r_e4dadb1d3812b09b,"Sub(CSRank(ZScore(Mean(mark_index_basis_bps,8))),CSRank(premium_close_bps))",basis_premium_like|basis_premium_like,spread_rank,L7_ranked_future_return,1,1.0,3,True,0.7760319285226722,0.00922884237600858,True,3.3257742860262107,3.3257742860262107,True,0.019462034519979583,0.018862034519979583,0.017862034519979586,95.86666666666666,A7FF25R3S01_RANK_LABEL_DIAGNOSTIC_CLUE,712,0.014464637006771836,2.4363242396312574,2.4363242396312574,2.4363242396312574,0.5379213483146067,719,0.02009451843422636,3.6197724027945,3.6197724027945,3.6197724027945,0.5326842837273992,719,0.02095933803437715,3.5007658992161397,3.5007658992161397,3.5007658992161397,0.564673157162726,719,0.019862034519979584,3.3257742860262107,3.3257742860262107,3.3257742860262107,0.5507649513212796,0.0,24.08600259145691,skel_206e713fb3d9a164,0.997701809824763,0.9785578030521164
