symbol,rows,search_eligibility,history_tier,liquidity_tier,states,dominant_state_id,dominant_state_share,age_lt30_rows,age_lt30_share,unseen_state_rows,unseen_state_share
0GUSDT,5409,listing_aware,short_history,top100,33,lv_c1d2308e8b,0.1238676280273618,721,0.13329635792198188,153,0.028286189683860232
1000000BOBUSDT,7912,listing_aware,recent_only,tail,29,lv_c1d2308e8b,0.21890798786653184,721,0.09112740141557128,0,0.0
1000000MOGUSDT,12948,listing_aware,listed_by_2025H1,tail,65,lv_1746c0d893,0.08433734939759036,721,0.055684275563793635,2482,0.19168983626814953
1000BONKUSDT,20424,strict_full_history,full_2024_2026apr,top50,76,lv_f81c1f989e,0.13591852722287504,721,0.03530160595377987,2929,0.143409714061888
1000CATUSDT,13356,listing_aware,listed_by_2025H1,tail,66,lv_e626529216,0.09329140461215933,721,0.053983228511530396,3517,0.26332734351602277
1000CHEEMSUSDT,12517,listing_aware,listed_by_2025H1,tail,63,lv_937ea0833b,0.19078053846768395,721,0.057601661740033554,2422,0.1934968442917632
1000FLOKIUSDT,20424,strict_full_history,full_2024_2026apr,top100,61,lv_b44adfd79f,0.12377594986290638,721,0.03530160595377987,2347,0.11491382687034861
1000LUNCUSDT,20424,strict_full_history,full_2024_2026apr,top200,69,lv_96c26a261d,0.12965139052095573,721,0.03530160595377987,4089,0.20020564042303174
1000PEPEUSDT,20424,strict_full_history,full_2024_2026apr,top20,36,lv_06020f9b07,0.3012632197414806,721,0.03530160595377987,398,0.019486878182530358
1000RATSUSDT,20424,strict_full_history,full_2024_2026apr,top200,61,lv_52bd5de3ca,0.12446141793967881,721,0.03530160595377987,8639,0.4229827653740697
1000SATSUSDT,20424,strict_full_history,full_2024_2026apr,top100,75,lv_06e9ff0a93,0.10027418723070897,721,0.03530160595377987,6372,0.3119858989424207
1000SHIBUSDT,20424,strict_full_history,full_2024_2026apr,top50,41,lv_04c5ba0d83,0.29925577751664706,721,0.03530160595377987,106,0.0051899725812769295
1000XECUSDT,20424,strict_full_history,full_2024_2026apr,tail,60,lv_1c45188236,0.19168625146886017,721,0.03530160595377987,5301,0.2595475910693302
1INCHUSDT,20424,strict_full_history,full_2024_2026apr,top200,71,lv_1c45188236,0.1844888366627497,721,0.03530160595377987,4797,0.2348707403055229
1MBABYDOGEUSDT,14197,listing_aware,listed_by_2025H1,top200,61,lv_df179999cb,0.16235824469958443,721,0.05078537719236458,1682,0.1184757343100655
2ZUSDT,5052,listing_aware,short_history,tail,45,lv_0fdf3fa5a9,0.08808392715756136,721,0.1427157561361837,258,0.0510688836104513
4USDT,4909,listing_aware,short_history,top200,30,lv_11d1987305,0.17804033408026074,721,0.1468730902424119,0,0.0
AAVEUSDT,20424,strict_full_history,full_2024_2026apr,top50,55,lv_06020f9b07,0.21621621621621623,721,0.03530160595377987,1943,0.09513317665491579
ACEUSDT,20424,strict_full_history,full_2024_2026apr,tail,88,lv_88725ec87a,0.08083627105366235,721,0.03530160595377987,6161,0.3016549157853506
ACHUSDT,20424,strict_full_history,full_2024_2026apr,tail,70,lv_1c45188236,0.13067959263611437,721,0.03530160595377987,3884,0.19016842929886407
ACTUSDT,12852,listing_aware,listed_by_2025H1,top200,57,lv_5cab3ebb6d,0.08955804544039839,721,0.056100217864923745,3677,0.2861033302209773
ACUUSDT,2388,listing_aware,short_history,tail,23,lv_5e67fe5d76,0.13986599664991625,721,0.3019262981574539,164,0.06867671691792294
ACXUSDT,12249,listing_aware,listed_by_2025H1,tail,57,lv_1474e8a39c,0.11013143930116744,721,0.05886194791411544,1948,0.15903339048085557
ADAUSDT,20424,strict_full_history,full_2024_2026apr,top20,36,lv_04c5ba0d83,0.33641793967880923,721,0.03530160595377987,751,0.036770466118292204
AERGOUSDT,9469,hold_quality_or_short_history,recent_only,tail,68,lv_39f7a6f3ec,0.09958812968634491,710,0.07498151863977189,1112,0.11743584327806526
AEROUSDT,12298,listing_aware,listed_by_2025H1,top200,95,lv_cf17745d1a,0.12579281183932348,721,0.05862741909253537,1985,0.16140835908277767
AEVOUSDT,18683,listing_aware,listed_by_2025H1,top200,61,lv_88725ec87a,0.1020714018091313,721,0.03859123267141251,4638,0.24824706952844833
AGLDUSDT,20424,strict_full_history,full_2024_2026apr,tail,68,lv_1c45188236,0.12083822953388171,721,0.03530160595377987,4883,0.23908147277712496
AGTUSDT,8294,listing_aware,recent_only,tail,44,lv_f8ae294231,0.17723655654690137,721,0.0869303110682421,24,0.0028936580660718593
AIAUSDT,2869,hold_quality_or_short_history,short_history,tail,17,lv_adc7fa05ea,0.32171488323457653,710,0.2474729871035204,534,0.18612757058208435
AINUSDT,7070,listing_aware,recent_only,tail,35,lv_1243487648,0.13507779349363508,721,0.10198019801980197,0,0.0
AIOTUSDT,8772,listing_aware,recent_only,tail,29,lv_f8ae294231,0.18422252621979024,721,0.08219334245326038,0,0.0
AIOUSDT,6253,listing_aware,short_history,tail,37,lv_1f9d8a4f8c,0.09851271389732928,721,0.11530465376619223,18,0.002878618263233648
AIXBTUSDT,11910,listing_aware,listed_by_2025H1,top100,74,lv_eb465cc404,0.1351805205709488,721,0.060537363560033586,1795,0.15071368597816961
AKEUSDT,5196,listing_aware,short_history,tail,24,lv_11d1987305,0.16493456505003848,721,0.13876058506543495,0,0.0
AKTUSDT,12685,listing_aware,listed_by_2025H1,tail,76,lv_9827e98ba5,0.07000394166338195,721,0.05683878596767836,3001,0.23657863618446984
ALCHUSDT,11485,listing_aware,listed_by_2025H1,tail,59,lv_1f9d8a4f8c,0.07993034392686112,721,0.06277753591641272,2600,0.22638223770134958
ALGOUSDT,20424,strict_full_history,full_2024_2026apr,top100,74,lv_f93252378d,0.13307873090481787,721,0.03530160595377987,1271,0.062230708969839406
ALICEUSDT,20424,strict_full_history,full_2024_2026apr,tail,73,lv_a152530946,0.12034860947904426,721,0.03530160595377987,3330,0.16304347826086957
ALLOUSDT,4090,listing_aware,short_history,tail,33,lv_6f53fb23d8,0.13838630806845967,721,0.17628361858190708,262,0.06405867970660147
ALLUSDT,6423,listing_aware,short_history,tail,15,lv_fd823dbade,0.30017125953604235,721,0.11225284135139343,0,0.0
ALPINEUSDT,8631,listing_aware,recent_only,tail,70,lv_dbcfc4ac24,0.19847062912756344,721,0.08353609083536091,4,0.0004634457189201715
ALTUSDT,19834,strict_full_history,full_2024_2026apr,top200,99,lv_88725ec87a,0.07255218311989513,721,0.036351719269940505,5067,0.2554704043561561
ANIMEUSDT,11095,listing_aware,recent_only,tail,89,lv_937ea0833b,0.10554303740423614,721,0.06498422712933755,2290,0.206399278954484
ANKRUSDT,20424,strict_full_history,full_2024_2026apr,tail,64,lv_1c45188236,0.216069330199765,721,0.03530160595377987,7148,0.3499804151978065
APEUSDT,20424,strict_full_history,full_2024_2026apr,top100,63,lv_fdbc06969e,0.10198785742264004,721,0.03530160595377987,2268,0.11104582843713279
API3USDT,20424,strict_full_history,full_2024_2026apr,top200,127,lv_9827e98ba5,0.05341754798276537,721,0.03530160595377987,6266,0.3067959263611438
APRUSDT,4550,listing_aware,short_history,tail,31,lv_6f53fb23d8,0.19494505494505496,721,0.15846153846153846,62,0.013626373626373627
APTUSDT,20424,strict_full_history,full_2024_2026apr,top50,54,lv_04c5ba0d83,0.16431649040344692,721,0.03530160595377987,2158,0.10566000783392088
ARBUSDT,20424,strict_full_history,full_2024_2026apr,top50,43,lv_06020f9b07,0.2357520564042303,721,0.03530160595377987,76,0.0037211124167645907
ARCUSDT,11243,listing_aware,recent_only,top200,42,lv_f8ae294231,0.15538557324557503,721,0.06412879124788758,1770,0.15743129058080582
ARIAUSDT,5749,listing_aware,short_history,tail,29,lv_638bb9adf0,0.18855453122282137,721,0.12541311532440425,0,0.0
ARKMUSDT,20424,strict_full_history,full_2024_2026apr,top100,60,lv_9dc20a78c5,0.1700940070505288,721,0.03530160595377987,3355,0.1642675283979632
ARKUSDT,20424,strict_full_history,full_2024_2026apr,tail,104,lv_1474e8a39c,0.10247747747747747,721,0.03530160595377987,6918,0.3387191539365452
ARPAUSDT,20424,strict_full_history,full_2024_2026apr,tail,61,lv_1c45188236,0.10781433607520564,721,0.03530160595377987,3957,0.19374265569917745
ARUSDT,20424,strict_full_history,full_2024_2026apr,top100,71,lv_9dc20a78c5,0.13464551508029768,721,0.03530160595377987,2456,0.12025068546807677
ASRUSDT,8631,listing_aware,recent_only,tail,57,lv_937ea0833b,0.2524620553817634,721,0.08353609083536091,18,0.0020855057351407717
ASTERUSDT,5364,listing_aware,short_history,top20,27,lv_0054101b24,0.1470917225950783,721,0.1344146159582401,388,0.07233407904548844
ASTRUSDT,20424,strict_full_history,full_2024_2026apr,tail,55,lv_1c45188236,0.2290442616529573,721,0.03530160595377987,5946,0.2911280846063455
ATHUSDT,9441,listing_aware,recent_only,tail,76,lv_88569f0755,0.10073085478233237,721,0.07636902870458638,804,0.08516047028916428
ATOMUSDT,20424,strict_full_history,full_2024_2026apr,top100,56,lv_f93252378d,0.1707794751273012,721,0.03530160595377987,2668,0.13063063063063063
ATUSDT,4405,listing_aware,short_history,tail,34,lv_00510d5b35,0.28717366628830876,721,0.16367763904653804,0,0.0
AUCTIONUSDT,20424,strict_full_history,full_2024_2026apr,top200,125,lv_28e72bcb07,0.12955346650998825,721,0.03530160595377987,5162,0.2527418723070897
AUSDT,8104,listing_aware,recent_only,tail,35,lv_42c3e5cebb,0.3668558736426456,721,0.08896841066140178,979,0.12080454096742349
AVAAIUSDT,11243,listing_aware,recent_only,tail,55,lv_f8ae294231,0.11811794005158766,721,0.06412879124788758,1707,0.15182780396691276
AVAUSDT,12083,listing_aware,listed_by_2025H1,tail,58,lv_1474e8a39c,0.16163204502193165,721,0.0596706116030787,2654,0.21964743855002897
AVAXUSDT,20424,strict_full_history,full_2024_2026apr,top20,38,lv_04c5ba0d83,0.3326478652565609,721,0.03530160595377987,576,0.0282021151586369
AVNTUSDT,5601,listing_aware,short_history,top200,41,lv_1e3de0d836,0.12372790573111944,721,0.1287270130333869,175,0.031244420639171575
AWEUSDT,8272,listing_aware,recent_only,tail,60,lv_42c3e5cebb,0.21155705996131527,721,0.08716150870406189,38,0.004593810444874275
AXLUSDT,18969,listing_aware,listed_by_2025H1,tail,100,lv_28e72bcb07,0.08861827191733881,721,0.038009383731351154,5285,0.2786124729822342
AXSUSDT,20424,strict_full_history,full_2024_2026apr,top200,82,lv_1c45188236,0.09009009009009009,721,0.03530160595377987,5766,0.28231492361927146
B2USDT,8627,listing_aware,recent_only,tail,53,lv_39f7a6f3ec,0.1141764228584676,721,0.08357482322939608,0,0.0
BABYUSDT,9371,listing_aware,recent_only,tail,75,lv_42c3e5cebb,0.18418525237434638,721,0.07693949418418525,840,0.08963824565147796
BANANAS31USDT,9711,listing_aware,recent_only,tail,85,lv_76d96eeadb,0.07805581299557203,721,0.07424570075172485,1117,0.11502419936154876
BANANAUSDT,14974,listing_aware,listed_by_2025H1,tail,94,lv_9827e98ba5,0.05803392547081608,721,0.048150126886603445,3998,0.26699612661947375
BANDUSDT,20424,strict_full_history,full_2024_2026apr,tail,63,lv_1c45188236,0.13621229925577752,721,0.03530160595377987,4230,0.20710928319623972
BANKUSDT,9054,listing_aware,recent_only,tail,46,lv_41206e2ff0,0.1334216920698034,721,0.07963331124364921,293,0.03236138723216258
BANUSDT,12685,listing_aware,listed_by_2025H1,tail,63,lv_1f9d8a4f8c,0.09633425305478913,721,0.05683878596767836,3254,0.2565234528971226
BARDUSDT,5389,listing_aware,short_history,top200,50,lv_00510d5b35,0.09556503989608461,721,0.13379105585451848,349,0.06476155130822045
BASUSDT,5939,listing_aware,short_history,tail,33,lv_11d1987305,0.11399225458831454,721,0.12140090924398046,93,0.015659201885839368
BATUSDT,20424,strict_full_history,full_2024_2026apr,tail,65,lv_1c45188236,0.23668233450842147,721,0.03530160595377987,7444,0.3644731688209949
BBUSDT,17220,listing_aware,listed_by_2025H1,top200,70,lv_e626529216,0.08571428571428572,721,0.04186991869918699,4836,0.2808362369337979
BCHUSDT,20424,strict_full_history,full_2024_2026apr,top50,42,lv_04c5ba0d83,0.27472581276929103,721,0.03530160595377987,4485,0.2195945945945946
BEAMXUSDT,20424,strict_full_history,full_2024_2026apr,top200,100,lv_39df6193ca,0.129406580493537,721,0.03530160595377987,2567,0.12568546807677242
BEATUSDT,4068,listing_aware,short_history,top100,17,lv_1e3de0d836,0.21214355948869223,721,0.1772369714847591,421,0.10349065880039332
BELUSDT,20424,strict_full_history,full_2024_2026apr,tail,66,lv_1c45188236,0.08529181355268312,721,0.03530160595377987,3394,0.16617704661182922
BERAUSDT,10761,listing_aware,recent_only,top100,79,lv_97928d27cd,0.0966452931883654,721,0.06700120806616486,1269,0.11792584332311123
BICOUSDT,20424,strict_full_history,full_2024_2026apr,tail,54,lv_55243c3046,0.16989815902859381,721,0.03530160595377987,5375,0.2631707794751273
BIGTIMEUSDT,20424,strict_full_history,full_2024_2026apr,top200,103,lv_28e72bcb07,0.08220720720720721,721,0.03530160595377987,4679,0.22909322365844104
BIOUSDT,11580,listing_aware,listed_by_2025H1,top200,88,lv_b741ccd5d5,0.08791018998272884,721,0.06226252158894646,1913,0.1651986183074266
BLESSUSDT,5271,listing_aware,short_history,tail,25,lv_6f53fb23d8,0.1622083096186682,721,0.13678618857901725,0,0.0
BLUAIUSDT,4597,listing_aware,short_history,tail,21,lv_1243487648,0.17250380683054164,721,0.15684141831629322,0,0.0
BLURUSDT,20424,strict_full_history,full_2024_2026apr,top200,68,lv_1083ea2d53,0.11692126909518213,721,0.03530160595377987,3511,0.17190560125342735
BMTUSDT,9827,listing_aware,recent_only,tail,71,lv_42c3e5cebb,0.17360333774295308,721,0.07336928869441335,1071,0.10898544825480819
BNBUSDT,20424,strict_full_history,full_2024_2026apr,top20,30,lv_231f4a30f4,0.5243830787309048,721,0.03530160595377987,953,0.046660791226008615
BNTUSDT,20424,strict_full_history,full_2024_2026apr,tail,51,lv_1c45188236,0.3171758715236976,721,0.03530160595377987,8098,0.3964943204073639
BOMEUSDT,18612,listing_aware,listed_by_2025H1,top100,55,lv_a6f04a3a86,0.11777347947560714,721,0.038738448312916396,3759,0.201966473243069
BRETTUSDT,14846,listing_aware,listed_by_2025H1,top200,73,lv_1746c0d893,0.10676276438097804,721,0.04856527010642597,3801,0.25602855988144957
BREVUSDT,2918,listing_aware,short_history,tail,24,lv_b55afb4193,0.1949965729952022,721,0.24708704592186428,584,0.20013708019191226
BROCCOLI714USDT,9735,listing_aware,recent_only,tail,59,lv_41206e2ff0,0.09429892141756549,721,0.07406266050333847,1146,0.1177195685670262
BROCCOLIF3BUSDT,9735,listing_aware,recent_only,tail,26,lv_88569f0755,0.1677452491011813,721,0.07406266050333847,974,0.10005136106831022
BRUSDT,9732,listing_aware,recent_only,tail,75,lv_1f9d8a4f8c,0.14272503082614058,721,0.07408549116317303,952,0.09782161939991779
BSVUSDT,20424,strict_full_history,full_2024_2026apr,tail,102,lv_eed9b79ad5,0.08206032119075597,721,0.03530160595377987,7068,0.34606345475910694
BTCUSDT,20424,strict_full_history,full_2024_2026apr,top20,19,lv_231f4a30f4,0.5570407363885624,721,0.03530160595377987,286,0.01400313356835096
BTRUSDT,5918,listing_aware,short_history,tail,37,lv_f8ae294231,0.11845217979046975,721,0.12183169989861439,100,0.01689760054072322
BULLAUSDT,7215,listing_aware,recent_only,tail,33,lv_f8ae294231,0.24573804573804575,721,0.09993069993069993,109,0.015107415107415107
BUSDT,8240,listing_aware,recent_only,tail,43,lv_e7e0a8bcfd,0.14308252427184465,721,0.0875,0,0.0
C98USDT,20424,strict_full_history,full_2024_2026apr,tail,59,lv_55243c3046,0.11799843321582452,721,0.03530160595377987,4202,0.20573834704269486
CAKEUSDT,20424,strict_full_history,full_2024_2026apr,top200,96,lv_1eb10c6cf4,0.12475518997258128,721,0.03530160595377987,2975,0.14566196631414022
CARVUSDT,6392,listing_aware,short_history,tail,43,lv_638bb9adf0,0.11217146433041301,721,0.11279724655819774,372,0.05819774718397998
CATIUSDT,14101,listing_aware,listed_by_2025H1,tail,66,lv_df179999cb,0.09602155875469826,721,0.0511311254520956,2082,0.1476491029005035
CCUSDT,4356,listing_aware,short_history,tail,41,lv_a61db9d91d,0.19651056014692378,721,0.1655188246097337,1077,0.24724517906336088
CELOUSDT,20424,strict_full_history,full_2024_2026apr,top200,77,lv_55243c3046,0.17357030943987467,721,0.03530160595377987,6091,0.2982275754014884
CELRUSDT,20424,strict_full_history,full_2024_2026apr,tail,58,lv_1c45188236,0.14394829612220916,721,0.03530160595377987,5340,0.26145710928319627
CETUSUSDT,12970,listing_aware,listed_by_2025H1,tail,56,lv_e626529216,0.12235929067077872,721,0.05558982266769468,3880,0.2991518889745567
CFXUSDT,20424,strict_full_history,full_2024_2026apr,top100,60,lv_96c26a261d,0.0863689776733255,721,0.03530160595377987,1588,0.07775166470818645
CGPTUSDT,11909,listing_aware,listed_by_2025H1,tail,48,lv_1474e8a39c,0.16508522965824166,721,0.06054244688890755,3050,0.25610882525820805
CHILLGUYUSDT,12466,listing_aware,listed_by_2025H1,top200,59,lv_e626529216,0.08262473929087116,721,0.05783731750360982,2716,0.2178726135087438
CHRUSDT,20424,strict_full_history,full_2024_2026apr,tail,60,lv_ece2e1ee03,0.10830395613004308,721,0.03530160595377987,3599,0.17621425773599686
CHZUSDT,20424,strict_full_history,full_2024_2026apr,top200,77,lv_96c26a261d,0.12974931453192323,721,0.03530160595377987,5344,0.2616529573051312
CKBUSDT,20424,hold_quality_or_short_history,full_2024_2026apr,tail,82,lv_1c45188236,0.15290834312573442,721,0.03530160595377987,4678,0.2290442616529573
CLANKERUSDT,4068,listing_aware,short_history,tail,24,lv_0fdf3fa5a9,0.19714847590953785,721,0.1772369714847591,0,0.0
CLOUSDT,4765,listing_aware,short_history,top200,25,lv_25f793544d,0.16138509968520462,721,0.15131164742917103,84,0.01762854144805876
COAIUSDT,5225,listing_aware,short_history,tail,31,lv_a974678e2c,0.12019138755980861,721,0.13799043062200958,790,0.15119617224880383
COLLECTUSDT,2891,listing_aware,short_history,top200,18,lv_adc7fa05ea,0.1490833621584227,721,0.24939467312348668,13,0.004496713939813214
COMPUSDT,20424,strict_full_history,full_2024_2026apr,top200,72,lv_1c45188236,0.17161182922052487,721,0.03530160595377987,5474,0.268018018018018
COOKIEUSDT,11485,listing_aware,listed_by_2025H1,tail,65,lv_1474e8a39c,0.11632564214192424,721,0.06277753591641272,2400,0.20896821941663038
COSUSDT,13859,listing_aware,listed_by_2025H1,tail,67,lv_1474e8a39c,0.10881015946316473,721,0.05202395555234866,3629,0.2618515044375496
COTIUSDT,20424,strict_full_history,full_2024_2026apr,tail,71,lv_a152530946,0.1053662358010184,721,0.03530160595377987,2176,0.10654132393262829
COWUSDT,12971,listing_aware,listed_by_2025H1,tail,74,lv_1474e8a39c,0.13214092976640196,721,0.05558553696708041,3648,0.2812427723382931
CROSSUSDT,7070,listing_aware,recent_only,tail,47,lv_42c3e5cebb,0.13903818953323904,721,0.10198019801980197,45,0.006364922206506365
CRVUSDT,20424,strict_full_history,full_2024_2026apr,top50,61,lv_f4eec9cde6,0.13307873090481787,721,0.03530160595377987,6272,0.3070896983940462
CTKUSDT,9470,hold_quality_or_short_history,recent_only,tail,35,lv_42c3e5cebb,0.21890179514255545,711,0.0750791974656811,1628,0.17191129883843717
CTSIUSDT,20424,strict_full_history,full_2024_2026apr,tail,73,lv_ece2e1ee03,0.10149823736780259,721,0.03530160595377987,3795,0.1858108108108108
CUSDT,6951,listing_aware,short_history,tail,50,lv_638bb9adf0,0.1251618472162279,721,0.10372608257804633,0,0.0
CVCUSDT,8752,hold_quality_or_short_history,recent_only,tail,40,lv_c1d2308e8b,0.15150822669104205,713,0.08146709323583182,562,0.06421389396709323
CVXUSDT,7285,hold_quality_or_short_history,recent_only,tail,41,lv_638bb9adf0,0.1562113932738504,710,0.09746053534660261,770,0.10569663692518874
CYBERUSDT,20424,strict_full_history,full_2024_2026apr,tail,118,lv_9827e98ba5,0.0677144535840188,721,0.03530160595377987,7142,0.34968664316490405
CYSUSDT,3349,listing_aware,short_history,top200,18,lv_02cec50d48,0.2293221857270827,721,0.21528814571513885,0,0.0
DASHUSDT,20424,strict_full_history,full_2024_2026apr,tail,63,lv_1c45188236,0.1399334116725421,721,0.03530160595377987,4519,0.22125930278104192
DEEPUSDT,8968,listing_aware,recent_only,tail,33,lv_1f9d8a4f8c,0.12243532560214095,721,0.08039696699375558,207,0.02308206958073149
DEXEUSDT,11821,listing_aware,listed_by_2025H1,tail,58,lv_937ea0833b,0.13535233905760935,721,0.06099314778783521,2470,0.2089501734201844
DIAUSDT,13812,listing_aware,listed_by_2025H1,tail,76,lv_1474e8a39c,0.1805676223573704,721,0.05220098465102809,4237,0.30676223573704026
DODOXUSDT,20424,strict_full_history,full_2024_2026apr,tail,79,lv_df179999cb,0.09332158245201723,721,0.03530160595377987,5510,0.26978065021543285
DOGEUSDT,20424,strict_full_history,full_2024_2026apr,top20,32,lv_04c5ba0d83,0.3638366627497062,721,0.03530160595377987,0,0.0
DOGSUSDT,14700,listing_aware,listed_by_2025H1,top200,61,lv_1746c0d893,0.07673469387755102,721,0.04904761904761905,3711,0.2524489795918367
DOLOUSDT,8757,listing_aware,recent_only,tail,45,lv_41206e2ff0,0.13212287313006738,721,0.08233413269384493,532,0.060751398880895285
DOODUSDT,8555,listing_aware,recent_only,tail,39,lv_42c3e5cebb,0.08345996493278784,721,0.08427819988310929,129,0.015078901227352426
DOTUSDT,20424,strict_full_history,full_2024_2026apr,top50,45,lv_04c5ba0d83,0.24510379945162553,721,0.03530160595377987,3989,0.19530943987465726
DRIFTUSDT,12921,listing_aware,listed_by_2025H1,tail,84,lv_b78afaab9e,0.0715888863091092,721,0.05580063462580296,2548,0.1971983592601192
DUSDT,11438,listing_aware,listed_by_2025H1,tail,86,lv_9827e98ba5,0.10727399895086553,721,0.06303549571603427,1955,0.170921489770939
DUSKUSDT,20424,strict_full_history,full_2024_2026apr,tail,74,lv_55243c3046,0.0869075597336467,721,0.03530160595377987,3897,0.19080493537015275
DYDXUSDT,20424,strict_full_history,full_2024_2026apr,top100,62,lv_f93252378d,0.0986584410497454,721,0.03530160595377987,3115,0.15251664708186446
DYMUSDT,19529,listing_aware,listed_by_2025H1,tail,97,lv_cf17745d1a,0.07501664191714885,721,0.03691945312099954,5864,0.30027139126427366
EDENUSDT,5101,listing_aware,short_history,tail,35,lv_638bb9adf0,0.14291315428347384,721,0.14134483434620662,243,0.04763771809449128
EDUUSDT,20424,strict_full_history,full_2024_2026apr,tail,74,lv_ece2e1ee03,0.08818057187622405,721,0.03530160595377987,1852,0.09067763415589503
EGLDUSDT,20424,strict_full_history,full_2024_2026apr,top200,69,lv_1c45188236,0.15731492361927144,721,0.03530160595377987,4812,0.2356051703877791
EIGENUSDT,13842,listing_aware,listed_by_2025H1,top100,71,lv_eb465cc404,0.092255454414102,721,0.05208784857679526,2849,0.20582285796850167
ELSAUSDT,2369,listing_aware,short_history,tail,22,lv_566ac718e2,0.14014352047277331,721,0.30434782608695654,105,0.04432249894470241
ENAUSDT,18204,listing_aware,listed_by_2025H1,top20,61,lv_f81c1f989e,0.15260382333553066,721,0.03960667985058229,5044,0.27708196000878926
ENJUSDT,20424,strict_full_history,full_2024_2026apr,tail,71,lv_1c45188236,0.15525851938895416,721,0.03530160595377987,6199,0.30351547199373285
ENSOUSDT,4767,listing_aware,short_history,top200,49,lv_c641cf3f12,0.15061883784350744,721,0.1512481644640235,255,0.05349276274386407
ENSUSDT,20424,strict_full_history,full_2024_2026apr,top100,56,lv_9dc20a78c5,0.12328632980806895,721,0.03530160595377987,91,0.00445554249902076
EPICUSDT,9928,listing_aware,recent_only,tail,64,lv_41206e2ff0,0.18744963738920226,721,0.0726228847703465,1723,0.17354955680902498
ERAUSDT,6897,listing_aware,short_history,tail,40,lv_42c3e5cebb,0.2435841670291431,721,0.10453820501667392,105,0.015224010439321443
ESPORTSUSDT,6614,listing_aware,short_history,tail,41,lv_adc7fa05ea,0.13940127003326278,721,0.10901118838826732,6,0.0009071666162685213
ETCUSDT,20424,strict_full_history,full_2024_2026apr,top50,46,lv_04c5ba0d83,0.19658245201723462,721,0.03530160595377987,579,0.02834900117508813
ETHFIUSDT,18561,listing_aware,listed_by_2025H1,top50,86,lv_f81c1f989e,0.07801303809062012,721,0.03884488982274662,3853,0.20758579817897743
ETHUSDT,20424,strict_full_history,full_2024_2026apr,top20,23,lv_231f4a30f4,0.4726302389345868,721,0.03530160595377987,2010,0.09841363102232667
ETHWUSDT,20424,strict_full_history,full_2024_2026apr,tail,90,lv_df179999cb,0.08259890325107716,721,0.03530160595377987,4676,0.22894633764198982
EULUSDT,4786,listing_aware,short_history,tail,30,lv_482744e0ff,0.16882574174676138,721,0.15064772252402842,1029,0.21500208942749688
EVAAUSDT,5030,listing_aware,short_history,tail,27,lv_11d1987305,0.1077534791252485,721,0.1433399602385686,0,0.0
FARTCOINUSDT,11910,listing_aware,listed_by_2025H1,top20,40,lv_06e9ff0a93,0.12863140218303945,721,0.060537363560033586,426,0.035768261964735516
FETUSDT,20424,strict_full_history,full_2024_2026apr,top50,57,lv_06020f9b07,0.11902663533098316,721,0.03530160595377987,3257,0.15946925186055622
FFUSDT,5123,listing_aware,short_history,tail,35,lv_b55afb4193,0.1352723013859067,721,0.1407378489166504,842,0.16435682217450712
FHEUSDT,9201,listing_aware,recent_only,tail,59,lv_e7e0a8bcfd,0.19476143897402456,721,0.0783610477122052,429,0.046625366807955655
FIDAUSDT,14124,listing_aware,listed_by_2025H1,tail,91,lv_cf17745d1a,0.0698102520532427,721,0.05104786179552535,3692,0.2613990370999717
FILUSDT,20424,strict_full_history,full_2024_2026apr,top50,41,lv_04c5ba0d83,0.22688993341167255,721,0.03530160595377987,3731,0.18267724245985115
FLOCKUSDT,5610,listing_aware,short_history,tail,38,lv_1243487648,0.1162210338680927,721,0.1285204991087344,56,0.009982174688057042
FLOWUSDT,20424,strict_full_history,full_2024_2026apr,top200,84,lv_1c45188236,0.0627692910301606,721,0.03530160595377987,4057,0.1986388562475519
FLUIDUSDT,5246,listing_aware,short_history,tail,29,lv_b55afb4193,0.1315287838353031,721,0.13743804803659931,155,0.02954632100648113
FLUXUSDT,14513,listing_aware,listed_by_2025H1,tail,62,lv_41206e2ff0,0.1085922965617033,721,0.049679597602149794,4166,0.28705298697719284
FOGOUSDT,2650,listing_aware,short_history,tail,23,lv_482744e0ff,0.17056603773584905,721,0.2720754716981132,571,0.21547169811320754
FOLKSUSDT,4212,listing_aware,short_history,tail,29,lv_1243487648,0.18637226970560303,721,0.17117758784425452,0,0.0
FORMUSDT,9784,listing_aware,recent_only,tail,64,lv_41206e2ff0,0.1125306623058054,721,0.07369174161896974,1081,0.11048650858544562
FRAXUSDT,2536,listing_aware,short_history,tail,16,lv_482744e0ff,0.2421135646687697,721,0.28430599369085174,614,0.2421135646687697
FUSDT,7596,listing_aware,recent_only,tail,45,lv_42c3e5cebb,0.16561348077935756,721,0.09491837809373355,293,0.038572933122696156
GALAUSDT,20424,strict_full_history,full_2024_2026apr,top100,56,lv_06020f9b07,0.12005483744614179,721,0.03530160595377987,1364,0.06678417547982765
GASUSDT,20424,strict_full_history,full_2024_2026apr,tail,120,lv_df179999cb,0.08685859772816294,721,0.03530160595377987,6936,0.3396004700352526
GIGGLEUSDT,4887,listing_aware,short_history,top100,33,lv_795eb68264,0.10272150603642316,721,0.1475342746060978,370,0.0757110701862083
GLMUSDT,19166,listing_aware,listed_by_2025H1,tail,111,lv_eed9b79ad5,0.10680371491182301,721,0.03761869978086194,8272,0.43159762078680997
GMTUSDT,20424,strict_full_history,full_2024_2026apr,top200,79,lv_235777120f,0.08494907951429691,721,0.03530160595377987,5247,0.256903642773208
GMXUSDT,20424,strict_full_history,full_2024_2026apr,tail,60,lv_1c45188236,0.21744026635330982,721,0.03530160595377987,6846,0.33519388954171564
GOATUSDT,13283,listing_aware,listed_by_2025H1,top200,66,lv_cf17745d1a,0.11172174960475796,721,0.05427990664759467,2683,0.20198750282315742
GPSUSDT,10495,listing_aware,recent_only,tail,69,lv_f8ae294231,0.08051453072891854,721,0.06869938065745593,1548,0.14749880895664602
GRASSUSDT,12921,listing_aware,listed_by_2025H1,top200,76,lv_6a572a8360,0.062456466217785,721,0.05580063462580296,2697,0.2087299744601811
GRIFFAINUSDT,11603,listing_aware,listed_by_2025H1,top200,52,lv_41b28d18a5,0.08420236145824356,721,0.06213910195639059,2297,0.19796604326467293
GRTUSDT,20424,strict_full_history,full_2024_2026apr,top200,64,lv_1c45188236,0.1696533490011751,721,0.03530160595377987,4725,0.2313454759106933
GTCUSDT,20424,strict_full_history,full_2024_2026apr,tail,66,lv_55243c3046,0.18223658441049745,721,0.03530160595377987,6159,0.30155699177438305
GUAUSDT,3134,listing_aware,short_history,tail,17,lv_94c6556f4d,0.23452456924058712,721,0.23005743458838546,0,0.0
GUNUSDT,9491,listing_aware,recent_only,tail,69,lv_41206e2ff0,0.10220208618691391,721,0.07596670529975766,838,0.08829417342745759
GUSDT,14964,listing_aware,listed_by_2025H1,tail,77,lv_1474e8a39c,0.10685645549318364,721,0.04818230419673884,4966,0.3318631381983427
HAEDALUSDT,8757,listing_aware,recent_only,tail,54,lv_41206e2ff0,0.17814319972593354,721,0.08233413269384493,0,0.0
HANAUSDT,5197,listing_aware,short_history,tail,25,lv_699fb80f03,0.2208966711564364,721,0.13873388493361555,341,0.06561477775639792
HBARUSDT,20424,strict_full_history,full_2024_2026apr,top100,69,lv_f93252378d,0.13758323540932238,721,0.03530160595377987,1557,0.07623384253819036
HEIUSDT,10599,listing_aware,recent_only,tail,57,lv_e31e381c83,0.13369185772242664,721,0.06802528540428342,883,0.08330974620247193
HEMIUSDT,5876,listing_aware,short_history,tail,47,lv_d5967315ce,0.0927501701837985,721,0.12270251872021784,0,0.0
HFTUSDT,20424,strict_full_history,full_2024_2026apr,tail,61,lv_55243c3046,0.2270368194281238,721,0.03530160595377987,6742,0.3301018409714062
HIGHUSDT,20424,strict_full_history,full_2024_2026apr,tail,64,lv_1c45188236,0.14801214257735998,721,0.03530160595377987,4691,0.22968076772424598
HIVEUSDT,11845,listing_aware,listed_by_2025H1,tail,59,lv_937ea0833b,0.12477838750527649,721,0.06086956521739131,2706,0.22845082313212325
HMSTRUSDT,13956,listing_aware,listed_by_2025H1,tail,66,lv_937ea0833b,0.10934365147606764,721,0.05166236744052737,3366,0.2411865864144454
HOLOUSDT,5556,listing_aware,short_history,tail,59,lv_1243487648,0.13876889848812096,721,0.12976961843052556,127,0.022858171346292297
HOMEUSDT,7789,listing_aware,recent_only,tail,43,lv_42c3e5cebb,0.11567595326742842,721,0.09256643985107202,0,0.0
HOTUSDT,20424,strict_full_history,full_2024_2026apr,tail,57,lv_1c45188236,0.12353113983548766,721,0.03530160595377987,3735,0.18287309048178613
HUMAUSDT,8147,listing_aware,recent_only,top200,63,lv_e2ff4b210d,0.09672272001963914,721,0.08849883392659874,34,0.004173315330796613
HUSDT,7431,listing_aware,recent_only,top100,61,lv_939b4c6172,0.11465482438433588,721,0.09702597227829364,459,0.06176826806620912
HYPERUSDT,8963,listing_aware,recent_only,tail,67,lv_39f7a6f3ec,0.11380118263974116,721,0.08044181635613076,354,0.03949570456320428
HYPEUSDT,8054,listing_aware,recent_only,top20,29,lv_1aee2c97ba,0.21802830891482494,721,0.08952073503849019,24,0.0029798857710454435
ICNTUSDT,7235,listing_aware,recent_only,tail,42,lv_f8ae294231,0.11333794056668971,721,0.09965445749827229,340,0.046993780234968904
ICPUSDT,20424,strict_full_history,full_2024_2026apr,top100,61,lv_fdbc06969e,0.17073051312181747,721,0.03530160595377987,1651,0.08083627105366235
ICXUSDT,20424,strict_full_history,full_2024_2026apr,tail,68,lv_96c26a261d,0.10737367802585195,721,0.03530160595377987,4255,0.20833333333333334
IDOLUSDT,7215,listing_aware,recent_only,tail,45,lv_41206e2ff0,0.14372834372834373,721,0.09993069993069993,107,0.01483021483021483
IDUSDT,20424,strict_full_history,full_2024_2026apr,tail,73,lv_1c45188236,0.15486682334508423,721,0.03530160595377987,5632,0.27575401488444967
ILVUSDT,20424,strict_full_history,full_2024_2026apr,tail,89,lv_39df6193ca,0.0809831570701136,721,0.03530160595377987,5791,0.28353897375636505
IMXUSDT,20424,strict_full_history,full_2024_2026apr,top200,101,lv_cf17745d1a,0.060321190755973364,721,0.03530160595377987,5444,0.2665491578535057
INITUSDT,9114,listing_aware,recent_only,tail,48,lv_41206e2ff0,0.11356155365371955,721,0.07910906298003072,1028,0.11279350449857363
INJUSDT,20424,strict_full_history,full_2024_2026apr,top50,54,lv_06020f9b07,0.15849001175088132,721,0.03530160595377987,589,0.028838621229925577
INUSDT,6398,listing_aware,short_history,tail,35,lv_1243487648,0.12191309784307595,721,0.11269146608315099,83,0.012972804001250391
IOSTUSDT,20424,strict_full_history,full_2024_2026apr,tail,56,lv_1c45188236,0.22566588327457893,721,0.03530160595377987,6267,0.3068448883666275
IOTAUSDT,20424,strict_full_history,full_2024_2026apr,top200,74,lv_1c45188236,0.12338425381903642,721,0.03530160595377987,4178,0.204563258911085
IOTXUSDT,20424,strict_full_history,full_2024_2026apr,tail,65,lv_1c45188236,0.1854680767724246,721,0.03530160595377987,6138,0.3005287896592244
IOUSDT,16522,listing_aware,listed_by_2025H1,top200,77,lv_2df49f29f6,0.11027720614937658,721,0.043638784650768675,4551,0.2754509139329379
IPUSDT,10591,listing_aware,recent_only,top100,97,lv_ea525a208a,0.12010197337361911,721,0.0680766688697951,1744,0.16466811443678595
IRYSUSDT,3728,listing_aware,short_history,tail,24,lv_adc7fa05ea,0.14726394849785407,721,0.19340128755364808,0,0.0
JASMYUSDT,20424,strict_full_history,full_2024_2026apr,top200,72,lv_1c45188236,0.10517038777908343,721,0.03530160595377987,3459,0.1693595769682726
JCTUSDT,4118,listing_aware,short_history,tail,24,lv_11d1987305,0.21952404079650314,721,0.17508499271491015,88,0.021369596891694997
JELLYJELLYUSDT,9608,listing_aware,recent_only,top200,71,lv_11d1987305,0.09450457951706911,721,0.07504163197335553,793,0.0825353871773522
JOEUSDT,20424,strict_full_history,full_2024_2026apr,tail,59,lv_55243c3046,0.15986094790442618,721,0.03530160595377987,5933,0.2904915785350568
JSTUSDT,8823,listing_aware,recent_only,tail,35,lv_42c3e5cebb,0.19539839057010086,721,0.08171823642751898,337,0.03819562507083758
JTOUSDT,20424,strict_full_history,full_2024_2026apr,top100,94,lv_a6f04a3a86,0.1167743830787309,721,0.03530160595377987,4596,0.22502937720329025
JUPUSDT,19686,strict_full_history,full_2024_2026apr,top100,93,lv_a6f04a3a86,0.06877984354363507,721,0.03662501269938027,4492,0.22818246469572284
KAIAUSDT,12298,listing_aware,listed_by_2025H1,tail,69,lv_937ea0833b,0.1272564644657668,721,0.05862741909253537,2696,0.21922263782728899
KAITOUSDT,10427,listing_aware,recent_only,top100,80,lv_1474e8a39c,0.10530353888942169,721,0.06914740577347271,1718,0.16476455356286565
KASUSDT,20424,strict_full_history,full_2024_2026apr,top200,106,lv_28e72bcb07,0.08622209165687426,721,0.03530160595377987,3994,0.19555424990207598
KAVAUSDT,20424,strict_full_history,full_2024_2026apr,tail,77,lv_235777120f,0.1297003525264395,721,0.03530160595377987,3623,0.17738934586760674
KERNELUSDT,9156,listing_aware,recent_only,tail,57,lv_f8ae294231,0.1482088248143294,721,0.07874617737003058,537,0.058650065530799475
KGENUSDT,4930,listing_aware,short_history,tail,33,lv_638bb9adf0,0.13772819472616632,721,0.1462474645030426,0,0.0
KITEUSDT,4406,listing_aware,short_history,top100,39,lv_566ac718e2,0.14525646845211077,721,0.16364049024058103,551,0.12505674080798912
KMNOUSDT,11909,listing_aware,listed_by_2025H1,tail,84,lv_e626529216,0.11210009236711731,721,0.06054244688890755,2965,0.24897136619363508
KNCUSDT,20424,strict_full_history,full_2024_2026apr,tail,64,lv_1c45188236,0.2928417547982765,721,0.03530160595377987,7753,0.379602428515472
KOMAUSDT,12156,listing_aware,listed_by_2025H1,tail,41,lv_eed9b79ad5,0.12101020072392234,721,0.05931227377426785,3230,0.26571240539651203
KSMUSDT,20424,strict_full_history,full_2024_2026apr,tail,66,lv_1c45188236,0.24720916568742657,721,0.03530160595377987,7313,0.35805914610262435
LABUSDT,4690,listing_aware,short_history,tail,24,lv_02cec50d48,0.1859275053304904,721,0.1537313432835821,0,0.0
LAUSDT,7911,listing_aware,recent_only,top200,66,lv_88569f0755,0.10377954746555429,721,0.09113892049045633,62,0.007837188724560738
LAYERUSDT,10641,listing_aware,recent_only,top200,64,lv_937ea0833b,0.10450145663001598,721,0.06775678977539705,1688,0.15863170754628325
LDOUSDT,20424,strict_full_history,full_2024_2026apr,top100,51,lv_06020f9b07,0.13263807285546417,721,0.03530160595377987,114,0.005581668625146886
LIGHTUSDT,5173,listing_aware,short_history,top200,34,lv_11d1987305,0.15580900831239125,721,0.13937753721244925,68,0.013145176879953605
LINEAUSDT,5800,listing_aware,short_history,top200,43,lv_42c3e5cebb,0.1453448275862069,721,0.12431034482758621,472,0.08137931034482758
LINKUSDT,20424,strict_full_history,full_2024_2026apr,top20,32,lv_04c5ba0d83,0.3324030552291422,721,0.03530160595377987,0,0.0
LISTAUSDT,16308,listing_aware,listed_by_2025H1,tail,79,lv_e626529216,0.11264410105469708,721,0.04421142997301938,4955,0.30383860681873925
LITUSDT,3607,hold_quality_or_short_history,short_history,top200,36,lv_c0a31be86b,0.13307457721097865,704,0.19517604657610202,1461,0.4050457443859163
LPTUSDT,20424,strict_full_history,full_2024_2026apr,top200,128,lv_6c171a5bf2,0.0686936936936937,721,0.03530160595377987,7378,0.36124167645906774
LQTYUSDT,20424,strict_full_history,full_2024_2026apr,tail,72,lv_1c45188236,0.12372698785742264,721,0.03530160595377987,4730,0.231590285938112
LSKUSDT,19834,strict_full_history,full_2024_2026apr,tail,116,lv_6c171a5bf2,0.11031561964303721,721,0.036351719269940505,6989,0.35237471009377835
LTCUSDT,20424,strict_full_history,full_2024_2026apr,top20,38,lv_04c5ba0d83,0.36285742264003135,721,0.03530160595377987,704,0.03446925186055621
LUMIAUSDT,11965,listing_aware,listed_by_2025H1,tail,53,lv_41206e2ff0,0.07872962808190556,721,0.06025908900961137,2504,0.2092770580860844
LUNA2USDT,20424,strict_full_history,full_2024_2026apr,tail,81,lv_96c26a261d,0.09914806110458284,721,0.03530160595377987,3613,0.1768997258127693
LYNUSDT,4961,listing_aware,short_history,top200,29,lv_02cec50d48,0.14654303567829066,721,0.14533360209635154,198,0.03991130820399113
MAGICUSDT,20424,strict_full_history,full_2024_2026apr,top200,100,lv_2df49f29f6,0.06702898550724638,721,0.03530160595377987,5837,0.28579122600861734
MAGMAUSDT,2891,listing_aware,short_history,tail,25,lv_02cec50d48,0.24524386025596678,721,0.24939467312348668,12,0.0041508128675198895
MANAUSDT,20424,strict_full_history,full_2024_2026apr,top200,60,lv_1c45188236,0.13489032510771642,721,0.03530160595377987,4017,0.19668037602820213
MANTAUSDT,20002,strict_full_history,full_2024_2026apr,top200,94,lv_1474e8a39c,0.09254074592540745,721,0.03604639536046395,7290,0.36446355364463556
MASKUSDT,20424,strict_full_history,full_2024_2026apr,top200,91,lv_28e72bcb07,0.06732275754014884,721,0.03530160595377987,2758,0.13503721112416764
MAVIAUSDT,10207,hold_quality_or_short_history,recent_only,tail,62,lv_41206e2ff0,0.1121779171157049,704,0.06897227392965612,1519,0.14881943764083472
MAVUSDT,20424,strict_full_history,full_2024_2026apr,tail,62,lv_55243c3046,0.21479631805718763,721,0.03530160595377987,6953,0.3404328241284763
MBOXUSDT,14655,listing_aware,listed_by_2025H1,tail,71,lv_1474e8a39c,0.11183896281132719,721,0.049198225861480725,3935,0.26850904128283865
MELANIAUSDT,11175,listing_aware,recent_only,tail,87,lv_1f9d8a4f8c,0.08125279642058165,721,0.06451901565995526,1980,0.17718120805369128
MEMEUSDT,20424,strict_full_history,full_2024_2026apr,top100,96,lv_eb465cc404,0.08421464943204074,721,0.03530160595377987,6189,0.3030258519388954
MERLUSDT,8080,listing_aware,recent_only,top200,66,lv_41206e2ff0,0.10643564356435643,721,0.08923267326732673,181,0.0224009900990099
METISUSDT,18712,listing_aware,listed_by_2025H1,tail,76,lv_e626529216,0.10036340316374519,721,0.03853142368533562,5307,0.2836147926464301
METUSDT,4836,listing_aware,short_history,tail,42,lv_b55afb4193,0.1695616211745244,721,0.14909015715467328,446,0.09222497932175351
MEUSDT,12151,listing_aware,listed_by_2025H1,tail,79,lv_6c171a5bf2,0.0839437083367624,721,0.059336680108633036,2807,0.23100979343263928
MEWUSDT,16378,listing_aware,listed_by_2025H1,top200,77,lv_cf17745d1a,0.13725729637318354,721,0.04402246916595433,2945,0.17981438515081208
MINAUSDT,20424,strict_full_history,full_2024_2026apr,top200,65,lv_235777120f,0.11868390129259694,721,0.03530160595377987,3306,0.1618683901292597
MIRAUSDT,5196,listing_aware,short_history,tail,38,lv_b55afb4193,0.13221709006928406,721,0.13876058506543495,565,0.10873749037721324
MITOUSDT,5888,listing_aware,short_history,tail,38,lv_b78afaab9e,0.09833559782608696,721,0.12245244565217392,0,0.0
MMTUSDT,4260,listing_aware,short_history,tail,27,lv_b55afb4193,0.134037558685446,721,0.16924882629107982,96,0.022535211267605635
MOCAUSDT,12013,listing_aware,listed_by_2025H1,tail,82,lv_38caf69ec2,0.07125613918255223,721,0.06001831349371514,2777,0.23116623657704155
MONUSDT,4865,listing_aware,short_history,top200,51,lv_8a1d9d4fcc,0.11223021582733812,721,0.14820143884892087,1119,0.2300102774922919
MOODENGUSDT,13262,listing_aware,listed_by_2025H1,top100,75,lv_5dcf3637f3,0.06695822651183833,721,0.05436585733675162,3204,0.24159251998190318
MORPHOUSDT,12466,listing_aware,listed_by_2025H1,tail,76,lv_e31e381c83,0.09786619605326488,721,0.05783731750360982,2973,0.23848868923471844
MOVEUSDT,12178,listing_aware,listed_by_2025H1,top200,79,lv_2df49f29f6,0.07291837740187222,721,0.0592051239940877,3189,0.2618656593857776
MOVRUSDT,20424,strict_full_history,full_2024_2026apr,tail,97,lv_1474e8a39c,0.11584410497453976,721,0.03530160595377987,5729,0.2805033294163729
MTLUSDT,20424,strict_full_history,full_2024_2026apr,tail,69,lv_1c45188236,0.22199373286329807,721,0.03530160595377987,5970,0.29230317273795536
MUBARAKUSDT,9827,listing_aware,recent_only,top200,44,lv_41206e2ff0,0.1476544214918083,721,0.07336928869441335,852,0.08669990841558971
MUSDT,7143,listing_aware,recent_only,top200,60,lv_42c3e5cebb,0.09533809323813523,721,0.10093798124037519,172,0.02407951840963181
MYXUSDT,7596,listing_aware,recent_only,top100,51,lv_1e3de0d836,0.08754607688256977,721,0.09491837809373355,617,0.08122696155871512
NAORISUSDT,6564,listing_aware,short_history,tail,27,lv_6f53fb23d8,0.22120658135283364,721,0.10984156002437538,52,0.007921998781230956
NEARUSDT,20424,strict_full_history,full_2024_2026apr,top50,42,lv_04c5ba0d83,0.20852918135526832,721,0.03530160595377987,2209,0.10815707011359185
NEIROUSDT,14197,listing_aware,listed_by_2025H1,top50,54,lv_4e98d13d2f,0.14298795520180319,721,0.05078537719236458,3291,0.23180953722617453
NEOUSDT,20424,strict_full_history,full_2024_2026apr,top200,73,lv_1c45188236,0.16015471993732863,721,0.03530160595377987,3895,0.19070701135918527
NEWTUSDT,7570,listing_aware,recent_only,tail,57,lv_42c3e5cebb,0.21981505944517835,721,0.0952443857331572,135,0.0178335535006605
NFPUSDT,20424,strict_full_history,full_2024_2026apr,tail,87,lv_39df6193ca,0.09807089698394046,721,0.03530160595377987,5675,0.27785938112025066
NIGHTUSDT,3397,listing_aware,short_history,top200,28,lv_a974678e2c,0.15749190462172505,721,0.21224609949955844,0,0.0
NILUSDT,9659,listing_aware,recent_only,tail,54,lv_41206e2ff0,0.14214722020913137,721,0.07464540842737344,942,0.09752562377057666
NMRUSDT,20424,strict_full_history,full_2024_2026apr,tail,112,lv_1474e8a39c,0.0739815902859381,721,0.03530160595377987,6260,0.3065021543282413
NOMUSDT,5080,listing_aware,short_history,tail,38,lv_b55afb4193,0.09094488188976378,721,0.14192913385826772,315,0.06200787401574803
NOTUSDT,17146,listing_aware,listed_by_2025H1,top100,58,lv_18ddae7954,0.06946226525137059,721,0.04205062405225709,4059,0.23673159920681208
NXPCUSDT,8418,listing_aware,recent_only,tail,64,lv_42c3e5cebb,0.23200285103349966,721,0.08564979805179378,142,0.016868614872891423
OGNUSDT,20424,strict_full_history,full_2024_2026apr,tail,77,lv_1c45188236,0.13601645123384254,721,0.03530160595377987,5710,0.27957305131218174
OGUSDT,8487,listing_aware,recent_only,tail,67,lv_42c3e5cebb,0.2540355838340992,721,0.08495345823023448,1090,0.1284317190997997
ONDOUSDT,19955,strict_full_history,full_2024_2026apr,top50,67,lv_3aac3ef6e3,0.14898521673765974,721,0.03613129541468304,7383,0.3699824605362065
ONEUSDT,20424,strict_full_history,full_2024_2026apr,tail,62,lv_55243c3046,0.1887485311398355,721,0.03530160595377987,6065,0.29695456325891106
ONGUSDT,20424,strict_full_history,full_2024_2026apr,tail,122,lv_28e72bcb07,0.1064433999216608,721,0.03530160595377987,5767,0.2823638856247552
ONTUSDT,20424,hold_quality_or_short_history,full_2024_2026apr,tail,88,lv_1c45188236,0.1710732471602037,721,0.03530160595377987,7395,0.3620740305522914
ONUSDT,4528,listing_aware,short_history,tail,29,lv_638bb9adf0,0.11881625441696113,721,0.15923144876325088,187,0.041298586572438165
OPENUSDT,5627,listing_aware,short_history,tail,34,lv_41206e2ff0,0.11800248800426515,721,0.1281322196552337,44,0.007819441976186245
OPUSDT,20424,strict_full_history,full_2024_2026apr,top50,47,lv_06020f9b07,0.17714453584018802,721,0.03530160595377987,531,0.02599882491186839
ORCAUSDT,12249,listing_aware,listed_by_2025H1,tail,82,lv_1474e8a39c,0.08996652787982692,721,0.05886194791411544,2966,0.24214221569107683
ORDERUSDT,5196,listing_aware,short_history,tail,25,lv_5a2df8175a,0.1747498075442648,721,0.13876058506543495,0,0.0
ORDIUSDT,20424,strict_full_history,full_2024_2026apr,top50,63,lv_e86c865960,0.13072855464159813,721,0.03530160595377987,3345,0.16377790834312572
PARTIUSDT,9635,listing_aware,recent_only,tail,68,lv_e31e381c83,0.09278671510119356,721,0.07483134405812143,854,0.08863518422418266
PAXGUSDT,9590,listing_aware,recent_only,top50,24,lv_1aee2c97ba,0.43524504692387905,721,0.07518248175182482,763,0.07956204379562044
PENDLEUSDT,20424,strict_full_history,full_2024_2026apr,top100,62,lv_9dc20a78c5,0.13929690560125343,721,0.03530160595377987,278,0.013611437524481003
PENGUUSDT,11984,listing_aware,listed_by_2025H1,top50,52,lv_5cab3ebb6d,0.09804739652870494,721,0.06016355140186916,3241,0.27044392523364486
PEOPLEUSDT,20424,strict_full_history,full_2024_2026apr,top100,60,lv_9dc20a78c5,0.13293184488836662,721,0.03530160595377987,669,0.03275558166862515
PHAUSDT,11677,listing_aware,listed_by_2025H1,tail,60,lv_b78afaab9e,0.06654106362935686,721,0.06174531129570952,1933,0.16553909394536268
PIEVERSEUSDT,4021,listing_aware,short_history,top200,34,lv_a974678e2c,0.14225317085302164,721,0.17930862969410594,0,0.0
PIPPINUSDT,11078,listing_aware,recent_only,top100,44,lv_f278943f81,0.15219353673948366,721,0.0650839501715111,201,0.018144069326593248
PIXELUSDT,19233,listing_aware,listed_by_2025H1,top200,70,lv_88725ec87a,0.15956948993916706,721,0.037487651432433836,4232,0.22003847553683772
PLAYUSDT,6567,listing_aware,short_history,tail,30,lv_f8ae294231,0.15547434140398964,721,0.10979138114816507,0,0.0
PLUMEUSDT,9731,listing_aware,recent_only,tail,73,lv_1f9d8a4f8c,0.08673312095365328,721,0.07409310451135546,868,0.08919946562532113
PNUTUSDT,12852,listing_aware,listed_by_2025H1,top50,48,lv_5cab3ebb6d,0.1021630874572051,721,0.056100217864923745,1990,0.15483971366324306
POLUSDT,14268,listing_aware,listed_by_2025H1,top100,66,lv_53430790e0,0.1104569666386319,721,0.050532660499018785,3155,0.2211241940005607
POLYXUSDT,20424,strict_full_history,full_2024_2026apr,tail,114,lv_28e72bcb07,0.07579318448883667,721,0.03530160595377987,6911,0.33837641989815903
POPCATUSDT,14795,listing_aware,listed_by_2025H1,top100,52,lv_06e9ff0a93,0.1857384251436296,721,0.04873267995944576,2694,0.1820885434268334
PORTALUSDT,18993,listing_aware,listed_by_2025H1,tail,77,lv_88725ec87a,0.08845364081503712,721,0.0379613541831201,5302,0.2791554783341231
POWERUSDT,3495,listing_aware,short_history,top200,23,lv_1243487648,0.1682403433476395,721,0.20629470672389127,37,0.010586552217453506
POWRUSDT,20424,strict_full_history,full_2024_2026apr,tail,120,lv_1474e8a39c,0.10330983157070113,721,0.03530160595377987,6234,0.30522914218566394
PROMPTUSDT,9234,listing_aware,recent_only,tail,61,lv_76d96eeadb,0.09302577431232402,721,0.07808100498158978,16,0.0017327268789257093
PROMUSDT,11292,listing_aware,recent_only,tail,65,lv_937ea0833b,0.14479277364505844,721,0.06385051363797378,2181,0.19314558979808713
PROVEUSDT,6439,listing_aware,short_history,tail,40,lv_b55afb4193,0.201584096909458,721,0.11197390899207951,110,0.017083398043174405
PTBUSDT,5748,listing_aware,short_history,tail,25,lv_1243487648,0.23712595685455812,721,0.1254349338900487,59,0.010264439805149617
PUMPBTCUSDT,7718,listing_aware,recent_only,tail,36,lv_41206e2ff0,0.10559730500129567,721,0.09341798393366157,136,0.01762114537444934
PUMPUSDT,7289,hold_quality_or_short_history,recent_only,top20,31,lv_4e98d13d2f,0.1993414734531486,714,0.09795582384414872,373,0.05117300041157909
PUNDIXUSDT,8774,listing_aware,recent_only,tail,37,lv_42c3e5cebb,0.323227718258491,721,0.0821746067927969,149,0.01698199224982904
PYTHUSDT,20424,strict_full_history,full_2024_2026apr,top100,106,lv_a6f04a3a86,0.12465726596161379,721,0.03530160595377987,4493,0.21998629063846456
QNTUSDT,20424,strict_full_history,full_2024_2026apr,tail,64,lv_1c45188236,0.22297297297297297,721,0.03530160595377987,6866,0.3361731296513905
QTUMUSDT,20424,strict_full_history,full_2024_2026apr,tail,68,lv_1c45188236,0.1922737955346651,721,0.03530160595377987,5578,0.2731100665883275
QUSDT,5777,listing_aware,short_history,tail,29,lv_11d1987305,0.15250129825168773,721,0.12480526224684092,0,0.0
RAREUSDT,14963,listing_aware,listed_by_2025H1,tail,94,lv_1474e8a39c,0.07685624540533316,721,0.0481855242932567,4371,0.29212056405800974
RAVEUSDT,3297,listing_aware,short_history,top200,26,lv_c641cf3f12,0.13254473764027905,721,0.21868365180467092,0,0.0
RAYSOLUSDT,12156,listing_aware,listed_by_2025H1,top200,72,lv_6c7a2edc9b,0.09690687726225732,721,0.05931227377426785,1413,0.11623889437314906
RECALLUSDT,4740,listing_aware,short_history,tail,30,lv_638bb9adf0,0.21624472573839662,721,0.1521097046413502,0,0.0
REDUSDT,10088,listing_aware,recent_only,tail,61,lv_1f9d8a4f8c,0.09060269627279936,721,0.0714710547184774,1036,0.10269627279936558
RENDERUSDT,15446,listing_aware,listed_by_2025H1,top100,69,lv_eb465cc404,0.11142043247442704,721,0.04667875178039622,3901,0.2525572963874142
RESOLVUSDT,7787,listing_aware,recent_only,top200,65,lv_ea525a208a,0.09618595094388083,721,0.09259021445999743,78,0.01001669449081803
REZUSDT,17530,listing_aware,listed_by_2025H1,top200,94,lv_2df49f29f6,0.12036508841985168,721,0.041129492298916145,5468,0.3119224187107815
RIFUSDT,20424,strict_full_history,full_2024_2026apr,tail,92,lv_1474e8a39c,0.13508617312965138,721,0.03530160595377987,9375,0.45901880141010576
RIVERUSDT,4690,listing_aware,short_history,top50,23,lv_c641cf3f12,0.3744136460554371,721,0.1537313432835821,237,0.05053304904051173
RLCUSDT,20424,strict_full_history,full_2024_2026apr,tail,67,lv_1c45188236,0.161427732079906,721,0.03530160595377987,6176,0.30238934586760674
RONINUSDT,19556,listing_aware,listed_by_2025H1,tail,96,lv_2df49f29f6,0.09592963796277357,721,0.036868480261812234,7509,0.38397422785845775
ROSEUSDT,20424,strict_full_history,full_2024_2026apr,top200,64,lv_ece2e1ee03,0.12157265961613788,721,0.03530160595377987,3473,0.17004504504504506
RPLUSDT,14364,listing_aware,listed_by_2025H1,tail,85,lv_e626529216,0.10728209412419938,721,0.05019493177387914,4607,0.3207323865218602
RSRUSDT,20424,strict_full_history,full_2024_2026apr,top200,69,lv_55243c3046,0.13562475518997258,721,0.03530160595377987,4411,0.21597140618879748
RUNEUSDT,20424,strict_full_history,full_2024_2026apr,top100,69,lv_96c26a261d,0.11432628280454367,721,0.03530160595377987,2360,0.11555033294163729
RVNUSDT,20424,strict_full_history,full_2024_2026apr,tail,89,lv_6c171a5bf2,0.08220720720720721,721,0.03530160595377987,6766,0.33127692910301604
SAFEUSDT,13260,listing_aware,listed_by_2025H1,tail,91,lv_937ea0833b,0.13031674208144797,721,0.05437405731523379,2775,0.20927601809954752
SAGAUSDT,18038,listing_aware,listed_by_2025H1,top200,66,lv_88725ec87a,0.10976826699190598,721,0.039971171970284956,5142,0.28506486306685885
SAHARAUSDT,7404,listing_aware,recent_only,top200,57,lv_31192f5d64,0.08306320907617504,721,0.09737979470556456,135,0.018233387358184763
SANDUSDT,20424,strict_full_history,full_2024_2026apr,top100,64,lv_fdbc06969e,0.1596650998824912,721,0.03530160595377987,2297,0.11246572659616137
SANTOSUSDT,13186,listing_aware,listed_by_2025H1,tail,64,lv_1474e8a39c,0.11110268466555438,721,0.05467920521765509,3315,0.2514030031851964
SAPIENUSDT,6079,listing_aware,short_history,tail,45,lv_1243487648,0.07928935680210561,721,0.11860503372265176,84,0.013818062181279817
SCRTUSDT,12613,listing_aware,listed_by_2025H1,tail,68,lv_1474e8a39c,0.07444699912788393,721,0.057163244271783084,3289,0.26076270514548483
SCRUSDT,13334,listing_aware,listed_by_2025H1,tail,46,lv_e2ff4b210d,0.10446977651117444,721,0.05407229638518074,3877,0.29076046197690114
SEIUSDT,20424,strict_full_history,full_2024_2026apr,top50,59,lv_f93252378d,0.13635918527222876,721,0.03530160595377987,2878,0.140912651782217
SENTUSDT,4020,listing_aware,short_history,tail,26,lv_583cd1b9a8,0.11716417910447761,721,0.17935323383084578,1656,0.41194029850746267
SFPUSDT,20424,strict_full_history,full_2024_2026apr,tail,51,lv_96c26a261d,0.21381707794751273,721,0.03530160595377987,3383,0.16563846455150802
SHELLUSDT,10495,listing_aware,recent_only,tail,56,lv_41206e2ff0,0.07927584564078133,721,0.06869938065745593,1143,0.10890900428775607
SIGNUSDT,8821,listing_aware,recent_only,tail,68,lv_00510d5b35,0.13751275365604806,721,0.0817367645391679,617,0.06994671805917696
SIRENUSDT,9711,listing_aware,recent_only,tail,52,lv_88569f0755,0.10132839048501699,721,0.07424570075172485,480,0.04942848316342292
SKLUSDT,20424,strict_full_history,full_2024_2026apr,tail,76,lv_55243c3046,0.07285546415981199,721,0.03530160595377987,5475,0.26806698002350177
SKRUSDT,2366,listing_aware,short_history,tail,20,lv_566ac718e2,0.23795435333896872,721,0.3047337278106509,157,0.06635672020287404
SKYAIUSDT,8463,listing_aware,recent_only,tail,37,lv_f8ae294231,0.14711095356256645,721,0.08519437551695616,16,0.001890582535743826
SKYUSDT,5609,listing_aware,short_history,tail,32,lv_b55afb4193,0.20092708147619898,721,0.128543412372972,277,0.04938491709752184
SLPUSDT,7285,hold_quality_or_short_history,recent_only,tail,42,lv_b55afb4193,0.13466026080988333,710,0.09746053534660261,772,0.10597117364447495
SNXUSDT,20424,strict_full_history,full_2024_2026apr,top200,71,lv_1c45188236,0.11114375244810028,721,0.03530160595377987,4360,0.2134743439091265
SOLUSDT,20424,strict_full_history,full_2024_2026apr,top20,38,lv_231f4a30f4,0.4069721895808852,721,0.03530160595377987,3351,0.1640716803760282
SOLVUSDT,11244,listing_aware,recent_only,tail,64,lv_937ea0833b,0.12753468516542155,721,0.06412308786908573,1559,0.1386517253646389
SOMIUSDT,5967,listing_aware,short_history,top200,44,lv_42c3e5cebb,0.18903971845148315,721,0.1208312384782973,439,0.07357130886542651
SONICUSDT,11465,listing_aware,listed_by_2025H1,tail,62,lv_c1d2308e8b,0.176362843436546,721,0.06288704753597907,2678,0.23358046227649368
SOONUSDT,8224,listing_aware,recent_only,top200,68,lv_88569f0755,0.06639105058365759,721,0.08767023346303501,5,0.0006079766536964981
SOPHUSDT,8099,listing_aware,recent_only,tail,56,lv_c1d2308e8b,0.13779478948018273,721,0.08902333621434745,225,0.027781207556488455
SPACEUSDT,2341,listing_aware,short_history,top200,25,lv_96c65ae8e2,0.13840239214011107,721,0.3079880392994447,92,0.03929944468175993
SPELLUSDT,20424,strict_full_history,full_2024_2026apr,tail,66,lv_1c45188236,0.21063454759106934,721,0.03530160595377987,7104,0.34782608695652173
SPKUSDT,7623,listing_aware,recent_only,tail,53,lv_42c3e5cebb,0.2303555030827758,721,0.0945821854912764,291,0.03817394726485636
SPORTFUNUSDT,2507,listing_aware,short_history,tail,19,lv_02cec50d48,0.18468288791384124,721,0.2875947347427204,234,0.09333865177502991
SPXUSDT,12156,listing_aware,listed_by_2025H1,top100,60,lv_1746c0d893,0.0970714050674564,721,0.05931227377426785,2290,0.18838433695294504
SQDUSDT,7764,listing_aware,recent_only,tail,43,lv_41206e2ff0,0.11385883565172591,721,0.09286450283359093,0,0.0
SSVUSDT,20424,strict_full_history,full_2024_2026apr,top200,60,lv_ece2e1ee03,0.1176556991774383,721,0.03530160595377987,3364,0.16470818644731688
STABLEUSDT,4212,listing_aware,short_history,top200,34,lv_25f793544d,0.18566001899335233,721,0.17117758784425452,774,0.18376068376068377
STBLUSDT,5419,listing_aware,short_history,tail,32,lv_6f53fb23d8,0.137479239712124,721,0.13305037829857908,199,0.036722642553976746
STEEMUSDT,20424,strict_full_history,full_2024_2026apr,tail,95,lv_eed9b79ad5,0.10345671758715237,721,0.03530160595377987,8915,0.43649627888758324
STGUSDT,20424,strict_full_history,full_2024_2026apr,tail,70,lv_1c45188236,0.1602526439482961,721,0.03530160595377987,5340,0.26145710928319627
STORJUSDT,20424,strict_full_history,full_2024_2026apr,tail,88,lv_1c45188236,0.145515080297689,721,0.03530160595377987,7053,0.3453290246768508
STOUSDT,9202,listing_aware,recent_only,tail,61,lv_42c3e5cebb,0.11171484459900022,721,0.0783525320582482,203,0.02206042164746794
STRKUSDT,19207,listing_aware,listed_by_2025H1,top100,93,lv_a6f04a3a86,0.08975894205237674,721,0.037538397459259645,4443,0.23132191388556256
STXUSDT,20424,strict_full_history,full_2024_2026apr,top100,54,lv_9dc20a78c5,0.12695848021934977,721,0.03530160595377987,2977,0.14575989032510772
SUIUSDT,20424,strict_full_history,full_2024_2026apr,top20,35,lv_06020f9b07,0.25357422640031335,721,0.03530160595377987,0,0.0
SUNUSDT,14795,listing_aware,listed_by_2025H1,tail,63,lv_937ea0833b,0.11206488678607637,721,0.04873267995944576,3875,0.2619128083812099
SUPERUSDT,20424,strict_full_history,full_2024_2026apr,top200,116,lv_88725ec87a,0.09836466901684293,721,0.03530160595377987,7006,0.3430278104191148
SUSDT,11270,listing_aware,recent_only,top100,52,lv_1474e8a39c,0.12156166814551908,721,0.06397515527950311,2116,0.18775510204081633
SUSHIUSDT,20424,strict_full_history,full_2024_2026apr,top200,75,lv_1c45188236,0.12005483744614179,721,0.03530160595377987,4214,0.2063258911084998
SWARMSUSDT,11484,listing_aware,listed_by_2025H1,tail,59,lv_f8ae294231,0.12016718913270637,721,0.06278300243817485,2068,0.18007662835249041
SXTUSDT,8728,listing_aware,recent_only,tail,62,lv_dbcfc4ac24,0.10357470210815765,721,0.0826076993583868,148,0.01695692025664528
SYNUSDT,14940,listing_aware,listed_by_2025H1,tail,78,lv_e626529216,0.10555555555555556,721,0.04825970548862115,4195,0.28078982597054886
SYRUPUSDT,8608,listing_aware,recent_only,top200,64,lv_42c3e5cebb,0.1541589219330855,721,0.0837592936802974,0,0.0
TACUSDT,6950,listing_aware,short_history,tail,38,lv_39f7a6f3ec,0.13654676258992807,721,0.1037410071942446,8,0.0011510791366906475
TAGUSDT,6709,listing_aware,short_history,tail,36,lv_1f9d8a4f8c,0.11506930988224773,721,0.10746758086152929,28,0.004173498285884632
TAIKOUSDT,7764,listing_aware,recent_only,tail,41,lv_00510d5b35,0.15649149922720249,721,0.09286450283359093,5,0.0006439979392065945
TAKEUSDT,5749,listing_aware,short_history,tail,35,lv_5aae571ecc,0.11619412071664638,721,0.12541311532440425,0,0.0
TAOUSDT,17986,listing_aware,listed_by_2025H1,top50,50,lv_f81c1f989e,0.17786055821194263,721,0.040086734126542865,5402,0.3003447125542088
TAUSDT,6809,listing_aware,short_history,tail,39,lv_11d1987305,0.124541048612131,721,0.10588926420913497,279,0.040975179908944045
THETAUSDT,20424,strict_full_history,full_2024_2026apr,top200,64,lv_1c45188236,0.09939287113200157,721,0.03530160595377987,3162,0.15481786133960046
THEUSDT,12468,listing_aware,listed_by_2025H1,tail,73,lv_e2ff4b210d,0.09359961501443696,721,0.05782803978184151,2721,0.21823869104908566
TIAUSDT,20424,strict_full_history,full_2024_2026apr,top50,79,lv_f81c1f989e,0.10933215824520172,721,0.03530160595377987,7081,0.3466999608303956
TLMUSDT,20424,strict_full_history,full_2024_2026apr,tail,62,lv_55243c3046,0.12465726596161379,721,0.03530160595377987,5895,0.2886310223266745
TNSRUSDT,18055,listing_aware,listed_by_2025H1,tail,70,lv_e626529216,0.09000276931597895,721,0.03993353641650512,4349,0.2408751038493492
TONUSDT,18972,listing_aware,listed_by_2025H1,top100,73,lv_1eb10c6cf4,0.1823213156230234,721,0.0380033733923677,4893,0.25790638836179636
TOSHIUSDT,5419,listing_aware,short_history,tail,28,lv_94c6556f4d,0.12899058866949623,721,0.13305037829857908,80,0.014762871378483115
TOWNSUSDT,6442,listing_aware,short_history,tail,50,lv_41206e2ff0,0.1959018938217945,721,0.11192176342750698,0,0.0
TRADOORUSDT,5364,listing_aware,short_history,top200,41,lv_d5967315ce,0.11521252796420582,721,0.1344146159582401,141,0.026286353467561523
TRBUSDT,20424,strict_full_history,full_2024_2026apr,top100,84,lv_1eb10c6cf4,0.11692126909518213,721,0.03530160595377987,2819,0.13802389345867608
TREEUSDT,6610,listing_aware,short_history,tail,57,lv_42c3e5cebb,0.10816944024205749,721,0.10907715582450832,2,0.000302571860816944
TRUMPUSDT,11219,listing_aware,recent_only,top20,63,lv_1aee2c97ba,0.11899456279525804,721,0.064265977359836,2021,0.18014083251626706
TRUSTUSDT,4239,listing_aware,short_history,tail,27,lv_b55afb4193,0.22033498466619486,721,0.17008728473696627,205,0.04836046237320123
TRUTHUSDT,5076,listing_aware,short_history,tail,29,lv_11d1987305,0.1483451536643026,721,0.14204097714736014,20,0.003940110323089046
TRXUSDT,20424,strict_full_history,full_2024_2026apr,top50,40,lv_04c5ba0d83,0.39336075205640425,721,0.03530160595377987,1334,0.06531531531531531
TSTUSDT,10691,listing_aware,recent_only,tail,67,lv_e2ff4b210d,0.07249088017959031,721,0.06743990272191563,1374,0.12851931531194463
TURBOUSDT,16809,listing_aware,listed_by_2025H1,top100,81,lv_a6f04a3a86,0.08150395621393301,721,0.04289368790528884,4206,0.25022309477065857
TURTLEUSDT,4569,listing_aware,short_history,tail,34,lv_b55afb4193,0.2593565331582403,721,0.15780258262201793,233,0.05099584154081856
TUSDT,20424,strict_full_history,full_2024_2026apr,tail,95,lv_6c171a5bf2,0.08147277712495103,721,0.03530160595377987,7528,0.36858597728162945
TUTUSDT,9759,listing_aware,recent_only,tail,67,lv_dbcfc4ac24,0.08013116097960857,721,0.07388052054513781,357,0.036581616968951736
TWTUSDT,20424,strict_full_history,full_2024_2026apr,tail,87,lv_1474e8a39c,0.20475910693301996,721,0.03530160595377987,6044,0.2959263611437524
UAIUSDT,4213,listing_aware,short_history,tail,25,lv_699fb80f03,0.11891763588891527,721,0.17113695703774032,445,0.10562544505103252
UBUSDT,5534,listing_aware,short_history,tail,37,lv_11d1987305,0.10173473075533068,721,0.13028550777014816,197,0.03559812070834839
UMAUSDT,20424,strict_full_history,full_2024_2026apr,tail,127,lv_1474e8a39c,0.07985703094398747,721,0.03530160595377987,5721,0.28011163337250294
UNIUSDT,20424,strict_full_history,full_2024_2026apr,top50,51,lv_06020f9b07,0.2097532314923619,721,0.03530160595377987,537,0.026292596944770857
USDCUSDT,20424,strict_full_history,full_2024_2026apr,tail,13,lv_235777120f,0.5246278887583236,721,0.03530160595377987,0,0.0
USELESSUSDT,6204,listing_aware,short_history,top200,34,lv_90d6940155,0.08961960025789813,721,0.11621534493874919,192,0.030947775628626693
USTCUSDT,20424,hold_quality_or_short_history,full_2024_2026apr,tail,108,lv_df179999cb,0.07109283196239718,721,0.03530160595377987,5390,0.26390520955738345
USUALUSDT,11963,listing_aware,listed_by_2025H1,top200,78,lv_1474e8a39c,0.0884393546769205,721,0.06026916325336454,2661,0.22243584385187662
USUSDT,3350,listing_aware,short_history,tail,20,lv_11d1987305,0.1701492537313433,721,0.21522388059701492,152,0.04537313432835821
VANAUSDT,12011,listing_aware,listed_by_2025H1,tail,84,lv_6c171a5bf2,0.11397885271834152,721,0.06002830738489718,3067,0.2553492631754225
VANRYUSDT,18679,listing_aware,listed_by_2025H1,tail,77,lv_e626529216,0.11044488462979817,721,0.03859949676106858,6814,0.3647946892231918
VELODROMEUSDT,12080,listing_aware,listed_by_2025H1,tail,62,lv_df179999cb,0.0847682119205298,721,0.05968543046357616,1604,0.13278145695364238
VELVETUSDT,6951,listing_aware,short_history,tail,38,lv_1f9d8a4f8c,0.11451589699323839,721,0.10372608257804633,132,0.018990073370738023
VETUSDT,20424,strict_full_history,full_2024_2026apr,top200,84,lv_fdbc06969e,0.11065413239326283,721,0.03530160595377987,1735,0.08494907951429691
VICUSDT,9943,listing_aware,recent_only,tail,65,lv_42c3e5cebb,0.1021824399074726,721,0.07251332595796037,931,0.09363371215930806
VIRTUALUSDT,12156,listing_aware,listed_by_2025H1,top50,72,lv_06e9ff0a93,0.10463968410661402,721,0.05931227377426785,2816,0.23165514972030274
VTHOUSDT,11127,listing_aware,recent_only,tail,60,lv_42c3e5cebb,0.12824660735148738,721,0.06479733980408016,2344,0.21065875797609418
VVVUSDT,10960,listing_aware,recent_only,tail,65,lv_1f9d8a4f8c,0.12764598540145985,721,0.06578467153284671,1247,0.11377737226277372
WALUSDT,9585,listing_aware,recent_only,tail,59,lv_88569f0755,0.08763693270735524,721,0.07522170057381325,691,0.07209181011997913
WAXPUSDT,20424,strict_full_history,full_2024_2026apr,tail,105,lv_1474e8a39c,0.12602820211515864,721,0.03530160595377987,6778,0.331864473168821
WCTUSDT,9133,listing_aware,recent_only,tail,64,lv_42c3e5cebb,0.1541662104456367,721,0.07894448702507391,569,0.0623015438519654
WETUSDT,3401,listing_aware,short_history,tail,32,lv_adc7fa05ea,0.13466627462511027,721,0.21199647162599236,246,0.07233166715671861
WIFUSDT,20002,strict_full_history,full_2024_2026apr,top20,58,lv_4fb8ef3adb,0.16678332166783322,721,0.03604639536046395,5236,0.26177382261773824
WLDUSDT,20424,strict_full_history,full_2024_2026apr,top20,50,lv_06020f9b07,0.26914414414414417,721,0.03530160595377987,1013,0.049598511555033295
WLFIUSDT,6016,listing_aware,short_history,top50,58,lv_53430790e0,0.14744015957446807,721,0.11984707446808511,419,0.06964760638297872
WOOUSDT,20424,strict_full_history,full_2024_2026apr,tail,61,lv_55243c3046,0.1607912260086173,721,0.03530160595377987,5259,0.25749118683901295
WUSDT,18177,listing_aware,listed_by_2025H1,top100,85,lv_a6f04a3a86,0.09831105242889365,721,0.03966551136051054,3270,0.17989767288331407
XAIUSDT,20218,strict_full_history,full_2024_2026apr,top200,95,lv_39df6193ca,0.08423187258878227,721,0.03566129191809279,5613,0.27762389949549904
XANUSDT,5126,listing_aware,short_history,tail,34,lv_638bb9adf0,0.16952789699570817,721,0.1406554818571986,0,0.0
XLMUSDT,20424,strict_full_history,full_2024_2026apr,top100,52,lv_04c5ba0d83,0.1513415589502546,721,0.03530160595377987,2152,0.1053662358010184
XMRUSDT,20424,strict_full_history,full_2024_2026apr,top200,65,lv_fdbc06969e,0.1364081472777125,721,0.03530160595377987,3523,0.17249314531923227
XNYUSDT,6253,listing_aware,short_history,tail,40,lv_11d1987305,0.1220214297137374,721,0.11530465376619223,50,0.00799616184231569
XPINUSDT,5536,listing_aware,short_history,tail,30,lv_d5967315ce,0.15625,721,0.1302384393063584,0,0.0
XPLUSDT,6039,listing_aware,short_history,top50,32,lv_33948e6955,0.122040072859745,721,0.1193906275873489,1335,0.22106308991554893
XRPUSDT,20424,strict_full_history,full_2024_2026apr,top20,32,lv_231f4a30f4,0.4383078730904818,721,0.03530160595377987,2711,0.13273599686643164
XTZUSDT,20424,strict_full_history,full_2024_2026apr,top200,93,lv_6c171a5bf2,0.11897767332549941,721,0.03530160595377987,7949,0.38919898159028593
XVGUSDT,20424,strict_full_history,full_2024_2026apr,tail,61,lv_55243c3046,0.11780258519388954,721,0.03530160595377987,3678,0.1800822561692127
XVSUSDT,20424,strict_full_history,full_2024_2026apr,tail,59,lv_1c45188236,0.20020564042303174,721,0.03530160595377987,5980,0.2927927927927928
YBUSDT,4858,listing_aware,short_history,tail,42,lv_638bb9adf0,0.1053931659118979,721,0.1484149855907781,523,0.10765747221078634
YFIUSDT,20424,strict_full_history,full_2024_2026apr,tail,60,lv_1c45188236,0.3039561300430866,721,0.03530160595377987,7273,0.3561006658832746
YGGUSDT,20424,strict_full_history,full_2024_2026apr,top200,90,lv_88725ec87a,0.11966314140227184,721,0.03530160595377987,4097,0.20059733646690167
ZAMAUSDT,2679,listing_aware,short_history,top200,32,lv_5e67fe5d76,0.11459499813363196,721,0.269130272489735,843,0.3146696528555431
ZBTUSDT,4693,listing_aware,short_history,tail,42,lv_b55afb4193,0.11144257404645216,721,0.15363307053057745,266,0.05668016194331984
ZECUSDT,20424,strict_full_history,full_2024_2026apr,top200,81,lv_55243c3046,0.08930669800235018,721,0.03530160595377987,4088,0.20015667841754797
ZENUSDT,20424,strict_full_history,full_2024_2026apr,top200,73,lv_235777120f,0.08499804151978065,721,0.03530160595377987,243,0.01189776733254994
ZEREBROUSDT,11602,listing_aware,listed_by_2025H1,top200,65,lv_1f9d8a4f8c,0.07662471987588347,721,0.062144457852094465,2326,0.20048267540079295
ZETAUSDT,19648,strict_full_history,full_2024_2026apr,tail,121,lv_39df6193ca,0.0669279315960912,721,0.03669584690553746,5166,0.2629275244299674
ZILUSDT,20424,strict_full_history,full_2024_2026apr,tail,77,lv_96c26a261d,0.15139052095573835,721,0.03530160595377987,4098,0.20064629847238544
ZKCUSDT,5458,listing_aware,short_history,tail,29,lv_42c3e5cebb,0.11817515573470136,721,0.1320996702088677,117,0.021436423598387686
ZKPUSDT,3134,listing_aware,short_history,tail,28,lv_1bdbf52204,0.21091257179323547,721,0.23005743458838546,125,0.0398851308232291
ZKUSDT,16381,listing_aware,listed_by_2025H1,top200,76,lv_f947a5a9b1,0.07496489835785361,721,0.04401440693486356,3583,0.21872901532262987
ZORAUSDT,6709,listing_aware,short_history,top200,44,lv_c1d2308e8b,0.09226412282009241,721,0.10746758086152929,0,0.0
ZROUSDT,16306,listing_aware,listed_by_2025H1,top100,95,lv_eb465cc404,0.053231939163498096,721,0.04421685269226052,5213,0.31969827057524836
ZRXUSDT,20424,strict_full_history,full_2024_2026apr,tail,88,lv_96c26a261d,0.1297003525264395,721,0.03530160595377987,5836,0.2857422640031336
