epoch,panel_id,mechanism_id,lane_id,admission_policy,unit,group_type,all_strict,positive_gross,positive_gross_lcb_proxy,positive_net,positive_net_lcb,stable_worst_block,benchmark_incremental,survivor,gross_mean_median,gross_lcb_proxy_median,ic_mean_median,ic_lcb_median,turnover_mean_median,cost_drag_mean_median,net_mean_median,net_lcb_median,worst_block_median,stability_median,concentration_median,benchmark_increment_lcb_median,gross_lcb_method
EPOCH2B_HYBRID_REPORT_ONLY_REPLAY,ALL,ALL,ALL,ALL,UNIQUE_EXACT_REPORT_ONLY,ALL,768,408,22,13,4,4,0,0,1.7593060861306272e-06,-4.669544798932669e-05,0.0014331581124201,-0.0054324048422178,0.0624867063361612,3.124335316808065e-05,-3.2043980808728165e-05,-8.037791666576309e-05,-7.737997292259249e-05,0.724406779390325,0.153977466674373,-2.631031541277707e-05,SUMMARY_PROXY_NET_LCB_PLUS_MEAN_COST_DRAG
EPOCH2B_HYBRID_REPORT_ONLY_REPLAY,bbo_micro,ALL,ALL,ALL,UNIQUE_EXACT_REPORT_ONLY,PANEL,24,23,6,6,4,4,0,0,3.679903785685689e-05,-4.891075385802263e-05,0.02312064855062355,0.0057144143094236,0.07373979273688275,3.68698963684414e-05,8.119884008202467e-06,-8.099054603344128e-05,8.119884008202463e-06,1.0,0.1662983341951444,-0.00014678227549855,SUMMARY_PROXY_NET_LCB_PLUS_MEAN_COST_DRAG
EPOCH2B_HYBRID_REPORT_ONLY_REPLAY,main,ALL,ALL,ALL,UNIQUE_EXACT_REPORT_ONLY,PANEL,744,385,16,7,0,0,0,0,8.937261709223891e-07,-4.669422795141927e-05,0.0010874683475519,-0.0056748487305498,0.0615025354900778,3.0751267745038947e-05,-3.2381265099273114e-05,-8.037791666576309e-05,-7.908738110471884e-05,0.7178811847366864,0.1538122701502707,-2.4917332676218684e-05,SUMMARY_PROXY_NET_LCB_PLUS_MEAN_COST_DRAG
EPOCH2B_HYBRID_REPORT_ONLY_REPLAY,bbo_micro,liquidity_top_level,ALL,ALL,UNIQUE_EXACT_REPORT_ONLY,PANEL_MECHANISM,24,23,6,6,4,4,0,0,3.679903785685689e-05,-4.891075385802263e-05,0.02312064855062355,0.0057144143094236,0.07373979273688275,3.68698963684414e-05,8.119884008202467e-06,-8.099054603344128e-05,8.119884008202463e-06,1.0,0.1662983341951444,-0.00014678227549855,SUMMARY_PROXY_NET_LCB_PLUS_MEAN_COST_DRAG
EPOCH2B_HYBRID_REPORT_ONLY_REPLAY,main,basis_dislocation_convergence,ALL,ALL,UNIQUE_EXACT_REPORT_ONLY,PANEL_MECHANISM,157,95,7,2,0,0,0,0,5.705013827872048e-06,-4.113351602629934e-05,0.0011392272132395,-0.0060360541202955,0.1638001623046198,8.19000811523099e-05,-7.735102789649457e-05,-0.0001300561669861,-0.0001382025494985,0.7020637654876088,0.1545768565533092,-7.054719656399082e-05,SUMMARY_PROXY_NET_LCB_PLUS_MEAN_COST_DRAG
EPOCH2B_HYBRID_REPORT_ONLY_REPLAY,main,cross_asset_confirmation,ALL,ALL,UNIQUE_EXACT_REPORT_ONLY,PANEL_MECHANISM,123,51,2,0,0,0,0,0,-5.151755031737759e-06,-6.285523757210653e-05,0.0001355467146975,-0.0072336794882991,0.2070712073334129,0.0001035356036667,-0.0001363667979474,-0.0001863321278056,-0.0002008588875191,0.7111824249915875,0.1550085617771278,-0.0001222807596222,SUMMARY_PROXY_NET_LCB_PLUS_MEAN_COST_DRAG
EPOCH2B_HYBRID_REPORT_ONLY_REPLAY,main,funding_dynamics,ALL,ALL,UNIQUE_EXACT_REPORT_ONLY,PANEL_MECHANISM,1,0,0,0,0,0,0,0,-2.18500904316942e-05,-6.571887174812186e-05,-0.0006679378945205,-0.0071640302917401,0.0768982701367562,3.844913506837813e-05,-6.0299225500072296e-05,-0.0001041680068165,-8.393459974455922e-05,0.8411412609794232,0.153731681686248,-4.5631385763734586e-05,SUMMARY_PROXY_NET_LCB_PLUS_MEAN_COST_DRAG
EPOCH2B_HYBRID_REPORT_ONLY_REPLAY,main,mark_index_deviation,ALL,ALL,UNIQUE_EXACT_REPORT_ONLY,PANEL_MECHANISM,15,8,0,0,0,0,0,0,8.937261709223891e-07,-4.20546346533964e-05,-0.0022037999837704,-0.0086113484068651,0.0518368352566427,2.5918417628321355e-05,-2.134809192718196e-05,-6.797305228171775e-05,-7.737997292259249e-05,0.7234712716241953,0.1544653918006495,-9.79147757082764e-06,SUMMARY_PROXY_NET_LCB_PLUS_MEAN_COST_DRAG
EPOCH2B_HYBRID_REPORT_ONLY_REPLAY,main,oi_inventory,ALL,ALL,UNIQUE_EXACT_REPORT_ONLY,PANEL_MECHANISM,114,17,0,0,0,0,0,0,-2.8798487917271287e-06,-4.87830660954234e-05,0.0214502487939139,0.0144378631018919,0.01800473342078095,9.00236671039049e-06,-1.168515769279129e-05,-5.760259193892261e-05,-5.012935635943849e-05,0.6983857985018658,0.1527777777777778,2.359956254298011e-06,SUMMARY_PROXY_NET_LCB_PLUS_MEAN_COST_DRAG
EPOCH2B_HYBRID_REPORT_ONLY_REPLAY,main,orthogonal_exile,ALL,ALL,UNIQUE_EXACT_REPORT_ONLY,PANEL_MECHANISM,28,19,1,1,0,0,0,0,9.525966559583794e-06,-3.791723145677158e-05,0.0005836922221748499,-0.005773762520670149,0.0724577676616531,3.622888383082655e-05,-3.220893522407375e-05,-8.278139148152616e-05,-8.805163257640909e-05,0.7410326609203945,0.15510265991563316,-1.7849155919357616e-05,SUMMARY_PROXY_NET_LCB_PLUS_MEAN_COST_DRAG
EPOCH2B_HYBRID_REPORT_ONLY_REPLAY,main,session_time,ALL,ALL,UNIQUE_EXACT_REPORT_ONLY,PANEL_MECHANISM,18,9,1,0,0,0,0,0,-1.5363850270604326e-07,-4.604618471569154e-05,0.00039148109048305004,-0.0062134807599334,0.0641805171401488,3.2090258570074436e-05,-4.008310210433325e-05,-8.21925564443368e-05,-8.85546709470154e-05,0.6916316042145758,0.15350674381982726,-2.706852058817169e-05,SUMMARY_PROXY_NET_LCB_PLUS_MEAN_COST_DRAG
EPOCH2B_HYBRID_REPORT_ONLY_REPLAY,main,taker_imbalance,ALL,ALL,UNIQUE_EXACT_REPORT_ONLY,PANEL_MECHANISM,41,26,1,1,0,0,0,0,7.216458648073684e-06,-4.134645464770222e-05,-0.0027144560697029,-0.0095881625048835,0.0796960394601904,3.9848019730095225e-05,-3.233978657161578e-05,-7.946191568060914e-05,-7.789216068702444e-05,0.7468823372414227,0.1547651022222939,-3.212560448106239e-05,SUMMARY_PROXY_NET_LCB_PLUS_MEAN_COST_DRAG
EPOCH2B_HYBRID_REPORT_ONLY_REPLAY,main,temporal_state_path,ALL,ALL,UNIQUE_EXACT_REPORT_ONLY,PANEL_MECHANISM,44,23,0,0,0,0,0,0,2.74660074559265e-07,-4.5739497908111026e-05,-0.00134329620497825,-0.008002427949590451,0.0459828557030484,2.2991427851524226e-05,-2.876792304020189e-05,-7.84008914101307e-05,-7.420718186432018e-05,0.7619288631840719,0.15282991562700077,-1.6350801397682835e-05,SUMMARY_PROXY_NET_LCB_PLUS_MEAN_COST_DRAG
EPOCH2B_HYBRID_REPORT_ONLY_REPLAY,main,volatility_regime,ALL,ALL,UNIQUE_EXACT_REPORT_ONLY,PANEL_MECHANISM,203,137,4,3,0,0,0,0,1.0636417603107555e-05,-3.617212996836133e-05,0.0010903460311904498,-0.0054924692323361,0.04747389400403735,2.3736947002018708e-05,-1.935848919994018e-05,-6.620201209279984e-05,-5.859319339713702e-05,0.7528772064721077,0.15407082741136396,-6.94918930016495e-06,SUMMARY_PROXY_NET_LCB_PLUS_MEAN_COST_DRAG
EPOCH2B_HYBRID_REPORT_ONLY_REPLAY,bbo_micro,ALL,evolutionary_random_control,ALL,UNIQUE_EXACT_REPORT_ONLY,PANEL_LANE,3,3,2,2,1,1,0,0,0.0001146326773687,2.778464979009132e-05,0.028819885716282,0.0120188679065638,0.0696670328908949,3.483351644544747e-05,8.373070472369575e-05,-3.1173228550006185e-06,8.373070472369575e-05,1.0,0.1662523717552688,-6.587784459972052e-05,SUMMARY_PROXY_NET_LCB_PLUS_MEAN_COST_DRAG
EPOCH2B_HYBRID_REPORT_ONLY_REPLAY,bbo_micro,ALL,evolutionary_repair,ALL,UNIQUE_EXACT_REPORT_ONLY,PANEL_LANE,6,6,3,3,3,3,0,0,0.00010832162760725577,1.555908340432494e-05,0.0310514489640305,0.0141529149800844,0.06288845233456394,3.1444226167282e-05,7.911497326407064e-05,-1.3647570938902562e-05,7.911497326407064e-05,1.0,0.16641426135597426,-4.839666644212061e-05,SUMMARY_PROXY_NET_LCB_PLUS_MEAN_COST_DRAG
EPOCH2B_HYBRID_REPORT_ONLY_REPLAY,bbo_micro,ALL,llm_random_repair_control,ALL,UNIQUE_EXACT_REPORT_ONLY,PANEL_LANE,1,1,0,0,0,0,0,0,3.444691746664362e-05,-4.9929121188088294e-05,0.024367172592781,0.0080182897590363,0.0778125525828706,3.890627629143534e-05,-4.459358824791712e-06,-8.883539747952363e-05,-4.459358824791711e-06,1.0,0.1662905939761063,-0.000148687116932,SUMMARY_PROXY_NET_LCB_PLUS_MEAN_COST_DRAG
EPOCH2B_HYBRID_REPORT_ONLY_REPLAY,bbo_micro,ALL,local_mcts_random_control,ALL,UNIQUE_EXACT_REPORT_ONLY,PANEL_LANE,2,2,0,0,0,0,0,0,7.950158853700128e-05,-1.2634026641569977e-05,0.02907119917970715,0.012301067548108249,0.0860787437402039,4.303937187010195e-05,3.646221666689931e-05,-5.5673398511671925e-05,3.64622166668993e-05,1.0,0.16561183742589508,-0.00011080362267745,SUMMARY_PROXY_NET_LCB_PLUS_MEAN_COST_DRAG
EPOCH2B_HYBRID_REPORT_ONLY_REPLAY,bbo_micro,ALL,local_mcts_repair,ALL,UNIQUE_EXACT_REPORT_ONLY,PANEL_LANE,12,11,1,1,0,0,0,0,2.346367375470459e-05,-6.671496104731118e-05,0.017795921988015898,0.00093085746962025,0.07971658804864595,3.985829402432301e-05,-1.8866648637709657e-05,-0.0001108100570013,-1.886664863770966e-05,1.0,0.16631733826309114,-0.00017319782291575002,SUMMARY_PROXY_NET_LCB_PLUS_MEAN_COST_DRAG
EPOCH2B_HYBRID_REPORT_ONLY_REPLAY,main,ALL,evolutionary_random_control,ALL,UNIQUE_EXACT_REPORT_ONLY,PANEL_LANE,144,63,3,1,0,0,0,0,-1.8701716619879025e-06,-4.73920296569796e-05,0.00624995633051495,-0.00059384884498305,0.044566358633221045,2.2283179316610534e-05,-1.652909457007317e-05,-6.192637667843346e-05,-5.380795944700925e-05,0.7007453704898821,0.15279283558912626,-2.360727285716102e-06,SUMMARY_PROXY_NET_LCB_PLUS_MEAN_COST_DRAG
EPOCH2B_HYBRID_REPORT_ONLY_REPLAY,main,ALL,evolutionary_repair,ALL,UNIQUE_EXACT_REPORT_ONLY,PANEL_LANE,154,77,2,2,0,0,0,0,5.27641089401239e-07,-4.62722509042989e-05,0.0003670954978344,-0.0063635253259417,0.04805135266889,2.402567633444502e-05,-2.845806565654108e-05,-7.704967565391648e-05,-7.566613115491495e-05,0.7335696740046551,0.154254763301087,-1.403635426121504e-05,SUMMARY_PROXY_NET_LCB_PLUS_MEAN_COST_DRAG
EPOCH2B_HYBRID_REPORT_ONLY_REPLAY,main,ALL,llm_random_repair_control,ALL,UNIQUE_EXACT_REPORT_ONLY,PANEL_LANE,36,14,0,0,0,0,0,0,-2.116902053925841e-06,-4.7830051639944e-05,0.0204299669803298,0.013502299528118301,0.0345874552533,1.7293727626650022e-05,-1.0715328231920791e-05,-5.6787586061458285e-05,-4.70754156618587e-05,0.7002634721360079,0.1527777777777778,2.5426559480580947e-06,SUMMARY_PROXY_NET_LCB_PLUS_MEAN_COST_DRAG
EPOCH2B_HYBRID_REPORT_ONLY_REPLAY,main,ALL,llm_typed_repair,ALL,UNIQUE_EXACT_REPORT_ONLY,PANEL_LANE,43,28,1,1,0,0,0,0,6.605052169846802e-06,-4.037425457043507e-05,-0.0001058108764679,-0.0071256071500502,0.0430592366786125,2.152961833930625e-05,-2.3014722169827502e-05,-6.823114408365967e-05,-6.811870645905368e-05,0.767109817359128,0.1539576738691052,-1.5810946719480215e-05,SUMMARY_PROXY_NET_LCB_PLUS_MEAN_COST_DRAG
EPOCH2B_HYBRID_REPORT_ONLY_REPLAY,main,ALL,local_mcts_random_control,ALL,UNIQUE_EXACT_REPORT_ONLY,PANEL_LANE,58,25,1,1,0,0,0,0,-1.373517664974648e-06,-4.673612924061521e-05,0.00326238444703755,-0.0032757801938677,0.04465817396014815,2.232908698007408e-05,-1.4764649738512236e-05,-6.009150990273692e-05,-6.534372402459574e-05,0.7061345046629426,0.1531537290890907,-1.7662620798200513e-06,SUMMARY_PROXY_NET_LCB_PLUS_MEAN_COST_DRAG
EPOCH2B_HYBRID_REPORT_ONLY_REPLAY,main,ALL,local_mcts_repair,ALL,UNIQUE_EXACT_REPORT_ONLY,PANEL_LANE,129,82,3,2,0,0,0,0,5.5854385766518665e-06,-4.0625097106930114e-05,1.872721555151058e-05,-0.0069465179829508,0.0662629992502085,3.313149962510429e-05,-3.772172975972917e-05,-8.405535396901815e-05,-8.211328849207763e-05,0.7383814099265471,0.15450926009562,-2.631031541277707e-05,SUMMARY_PROXY_NET_LCB_PLUS_MEAN_COST_DRAG
EPOCH2B_HYBRID_REPORT_ONLY_REPLAY,main,ALL,orthogonal_exile_fresh,ALL,UNIQUE_EXACT_REPORT_ONLY,PANEL_LANE,41,19,0,0,0,0,0,0,-1.2263637656625968e-06,-5.7292062149299995e-05,-0.0002401856510589,-0.0083597150089509,0.4182046817566261,0.0002091023408783,-0.0002162525301705,-0.0002580727767323,-0.0002539375770616,0.680992000658083,0.1527777777777778,-0.0001936272843811,SUMMARY_PROXY_NET_LCB_PLUS_MEAN_COST_DRAG
EPOCH2B_HYBRID_REPORT_ONLY_REPLAY,main,ALL,typed_ast_fresh,ALL,UNIQUE_EXACT_REPORT_ONLY,PANEL_LANE,59,31,3,0,0,0,0,0,1.7593060861306272e-06,-5.091494219378953e-05,-0.0010322269395314,-0.0082945190089041,0.3522504643411445,0.0001761252321705,-0.0001813181503873,-0.0002308297495916,-0.0002566958916203,0.705466630581655,0.1530859641607083,-0.0001742084371702,SUMMARY_PROXY_NET_LCB_PLUS_MEAN_COST_DRAG
EPOCH2B_HYBRID_REPORT_ONLY_REPLAY,main,ALL,typed_random_fresh,ALL,UNIQUE_EXACT_REPORT_ONLY,PANEL_LANE,80,46,3,0,0,0,0,0,3.064391753992122e-06,-5.690833602680002e-05,-0.0009679735200523499,-0.00864363611449,0.7596632050798643,0.0003798316025399,-0.00038336154504494996,-0.0004643644971515,-0.00047816479551935004,0.7047320913180917,0.15470218184470236,-0.0004169815599208,SUMMARY_PROXY_NET_LCB_PLUS_MEAN_COST_DRAG
EPOCH2B_HYBRID_REPORT_ONLY_REPLAY,bbo_micro,ALL,ALL,TRUE_60_40_AFTER_EXACT_DEDUP,UNIQUE_EXACT_REPORT_ONLY,PANEL_ADMISSION,24,23,6,6,4,4,0,0,3.679903785685689e-05,-4.891075385802263e-05,0.02312064855062355,0.0057144143094236,0.07373979273688275,3.68698963684414e-05,8.119884008202467e-06,-8.099054603344128e-05,8.119884008202463e-06,1.0,0.1662983341951444,-0.00014678227549855,SUMMARY_PROXY_NET_LCB_PLUS_MEAN_COST_DRAG
EPOCH2B_HYBRID_REPORT_ONLY_REPLAY,main,ALL,ALL,TRUE_60_40_AFTER_EXACT_DEDUP,UNIQUE_EXACT_REPORT_ONLY,PANEL_ADMISSION,744,385,16,7,0,0,0,0,8.937261709223891e-07,-4.669422795141927e-05,0.0010874683475519,-0.0056748487305498,0.0615025354900778,3.0751267745038947e-05,-3.2381265099273114e-05,-8.037791666576309e-05,-7.908738110471884e-05,0.7178811847366864,0.1538122701502707,-2.4917332676218684e-05,SUMMARY_PROXY_NET_LCB_PLUS_MEAN_COST_DRAG
EPOCH2B_HYBRID_REPORT_ONLY_REPLAY,bbo_micro,liquidity_top_level,evolutionary_random_control,TRUE_60_40_AFTER_EXACT_DEDUP,UNIQUE_EXACT_REPORT_ONLY,PANEL_MECHANISM_LANE_ADMISSION,3,3,2,2,1,1,0,0,0.0001146326773687,2.778464979009132e-05,0.028819885716282,0.0120188679065638,0.0696670328908949,3.483351644544747e-05,8.373070472369575e-05,-3.1173228550006185e-06,8.373070472369575e-05,1.0,0.1662523717552688,-6.587784459972052e-05,SUMMARY_PROXY_NET_LCB_PLUS_MEAN_COST_DRAG
EPOCH2B_HYBRID_REPORT_ONLY_REPLAY,bbo_micro,liquidity_top_level,evolutionary_repair,TRUE_60_40_AFTER_EXACT_DEDUP,UNIQUE_EXACT_REPORT_ONLY,PANEL_MECHANISM_LANE_ADMISSION,6,6,3,3,3,3,0,0,0.00010832162760725577,1.555908340432494e-05,0.0310514489640305,0.0141529149800844,0.06288845233456394,3.1444226167282e-05,7.911497326407064e-05,-1.3647570938902562e-05,7.911497326407064e-05,1.0,0.16641426135597426,-4.839666644212061e-05,SUMMARY_PROXY_NET_LCB_PLUS_MEAN_COST_DRAG
EPOCH2B_HYBRID_REPORT_ONLY_REPLAY,bbo_micro,liquidity_top_level,llm_random_repair_control,TRUE_60_40_AFTER_EXACT_DEDUP,UNIQUE_EXACT_REPORT_ONLY,PANEL_MECHANISM_LANE_ADMISSION,1,1,0,0,0,0,0,0,3.444691746664362e-05,-4.9929121188088294e-05,0.024367172592781,0.0080182897590363,0.0778125525828706,3.890627629143534e-05,-4.459358824791712e-06,-8.883539747952363e-05,-4.459358824791711e-06,1.0,0.1662905939761063,-0.000148687116932,SUMMARY_PROXY_NET_LCB_PLUS_MEAN_COST_DRAG
EPOCH2B_HYBRID_REPORT_ONLY_REPLAY,bbo_micro,liquidity_top_level,local_mcts_random_control,TRUE_60_40_AFTER_EXACT_DEDUP,UNIQUE_EXACT_REPORT_ONLY,PANEL_MECHANISM_LANE_ADMISSION,2,2,0,0,0,0,0,0,7.950158853700128e-05,-1.2634026641569977e-05,0.02907119917970715,0.012301067548108249,0.0860787437402039,4.303937187010195e-05,3.646221666689931e-05,-5.5673398511671925e-05,3.64622166668993e-05,1.0,0.16561183742589508,-0.00011080362267745,SUMMARY_PROXY_NET_LCB_PLUS_MEAN_COST_DRAG
EPOCH2B_HYBRID_REPORT_ONLY_REPLAY,bbo_micro,liquidity_top_level,local_mcts_repair,TRUE_60_40_AFTER_EXACT_DEDUP,UNIQUE_EXACT_REPORT_ONLY,PANEL_MECHANISM_LANE_ADMISSION,12,11,1,1,0,0,0,0,2.346367375470459e-05,-6.671496104731118e-05,0.017795921988015898,0.00093085746962025,0.07971658804864595,3.985829402432301e-05,-1.8866648637709657e-05,-0.0001108100570013,-1.886664863770966e-05,1.0,0.16631733826309114,-0.00017319782291575002,SUMMARY_PROXY_NET_LCB_PLUS_MEAN_COST_DRAG
EPOCH2B_HYBRID_REPORT_ONLY_REPLAY,main,basis_dislocation_convergence,evolutionary_random_control,TRUE_60_40_AFTER_EXACT_DEDUP,UNIQUE_EXACT_REPORT_ONLY,PANEL_MECHANISM_LANE_ADMISSION,17,8,1,0,0,0,0,0,-4.813981407863508e-07,-4.590547692656134e-05,0.0011896568851916,-0.0053598276966637,0.0869658227728902,4.348291138644512e-05,-3.984270856991327e-05,-8.352923626224552e-05,-6.824921107744265e-05,0.7245365032109236,0.1543558385044713,-2.793057093465929e-05,SUMMARY_PROXY_NET_LCB_PLUS_MEAN_COST_DRAG
EPOCH2B_HYBRID_REPORT_ONLY_REPLAY,main,basis_dislocation_convergence,evolutionary_repair,TRUE_60_40_AFTER_EXACT_DEDUP,UNIQUE_EXACT_REPORT_ONLY,PANEL_MECHANISM_LANE_ADMISSION,26,18,1,1,0,0,0,0,1.0453231204607429e-05,-3.622205223481147e-05,0.00709249818230135,0.0006669873141354,0.07794891440797055,3.8974457203985287e-05,-3.631264327253459e-05,-8.146872905617486e-05,-9.902303979873533e-05,0.6689915285103041,0.15447684106224852,-2.4149828660536398e-05,SUMMARY_PROXY_NET_LCB_PLUS_MEAN_COST_DRAG
EPOCH2B_HYBRID_REPORT_ONLY_REPLAY,main,basis_dislocation_convergence,llm_random_repair_control,TRUE_60_40_AFTER_EXACT_DEDUP,UNIQUE_EXACT_REPORT_ONLY,PANEL_MECHANISM_LANE_ADMISSION,2,2,0,0,0,0,0,0,1.6416758618574636e-05,-2.933517899180694e-05,-0.00676224216836445,-0.0133848160415923,0.10015103569290434,5.007551784645217e-05,-3.365875922787755e-05,-7.941069683825912e-05,-9.430332180054623e-05,0.7200685375709284,0.15408028843597676,-2.583694599191212e-05,SUMMARY_PROXY_NET_LCB_PLUS_MEAN_COST_DRAG
EPOCH2B_HYBRID_REPORT_ONLY_REPLAY,main,basis_dislocation_convergence,llm_typed_repair,TRUE_60_40_AFTER_EXACT_DEDUP,UNIQUE_EXACT_REPORT_ONLY,PANEL_MECHANISM_LANE_ADMISSION,8,7,1,1,0,0,0,0,1.3729451264336252e-05,-3.419839587807354e-05,0.00394043784794165,-0.0025665767691512497,0.09815172086400165,4.907586043200084e-05,-5.045336624974551e-05,-9.357497360478258e-05,-0.00010551475600233649,0.8012418744713119,0.1552377549688965,-3.779900867400647e-05,SUMMARY_PROXY_NET_LCB_PLUS_MEAN_COST_DRAG
EPOCH2B_HYBRID_REPORT_ONLY_REPLAY,main,basis_dislocation_convergence,local_mcts_random_control,TRUE_60_40_AFTER_EXACT_DEDUP,UNIQUE_EXACT_REPORT_ONLY,PANEL_MECHANISM_LANE_ADMISSION,7,4,0,0,0,0,0,0,7.822309014003687e-06,-3.482108997566685e-05,0.0016452941768788,-0.0046184843024149,0.1182560425311617,5.912802126558087e-05,-4.450133402608617e-05,-9.10113651709692e-05,-0.0001124815143036,0.7252603621359238,0.1558458476304348,-4.151969057782611e-05,SUMMARY_PROXY_NET_LCB_PLUS_MEAN_COST_DRAG
EPOCH2B_HYBRID_REPORT_ONLY_REPLAY,main,basis_dislocation_convergence,local_mcts_repair,TRUE_60_40_AFTER_EXACT_DEDUP,UNIQUE_EXACT_REPORT_ONLY,PANEL_MECHANISM_LANE_ADMISSION,34,22,0,0,0,0,0,0,7.036015868995076e-06,-3.771036706044303e-05,-0.0007366378571763499,-0.0078958464636236,0.10568568310664789,5.284284155332397e-05,-5.4562891823666575e-05,-9.812938942721958e-05,-0.00011331399797485001,0.7364253550155994,0.15470111590172964,-4.193103870134522e-05,SUMMARY_PROXY_NET_LCB_PLUS_MEAN_COST_DRAG
EPOCH2B_HYBRID_REPORT_ONLY_REPLAY,main,basis_dislocation_convergence,typed_ast_fresh,TRUE_60_40_AFTER_EXACT_DEDUP,UNIQUE_EXACT_REPORT_ONLY,PANEL_MECHANISM_LANE_ADMISSION,26,17,2,0,0,0,0,0,8.303586748732764e-06,-3.8924268724792034e-05,0.0013641503428678,-0.00697351734468945,0.8280210584678431,0.0004140105292339,-0.00038929751062550004,-0.000467119230498,-0.00047185287541084996,0.6885315084152781,0.15490919986229978,-0.00044317828487685,SUMMARY_PROXY_NET_LCB_PLUS_MEAN_COST_DRAG
EPOCH2B_HYBRID_REPORT_ONLY_REPLAY,main,basis_dislocation_convergence,typed_random_fresh,TRUE_60_40_AFTER_EXACT_DEDUP,UNIQUE_EXACT_REPORT_ONLY,PANEL_MECHANISM_LANE_ADMISSION,37,17,2,0,0,0,0,0,-6.4241300098958135e-06,-5.99800073039e-05,0.0007416188237457,-0.0080522978241488,0.9810692177781676,0.000490534608889,-0.0004606704272563,-0.0005161425906254,-0.000582688354055,0.6807340767049685,0.1546157312277196,-0.0005015362037992,SUMMARY_PROXY_NET_LCB_PLUS_MEAN_COST_DRAG
EPOCH2B_HYBRID_REPORT_ONLY_REPLAY,main,cross_asset_confirmation,evolutionary_random_control,TRUE_60_40_AFTER_EXACT_DEDUP,UNIQUE_EXACT_REPORT_ONLY,PANEL_MECHANISM_LANE_ADMISSION,16,7,0,0,0,0,0,0,-4.300710951681304e-06,-4.863492945930383e-05,0.0030577192717631003,-0.0034093513237754497,0.0564128825244269,2.8206441262213476e-05,-3.214758975254156e-05,-7.648180826016408e-05,-7.3546486234269e-05,0.762001457620958,0.1545436868104036,-1.1724263990162255e-05,SUMMARY_PROXY_NET_LCB_PLUS_MEAN_COST_DRAG
EPOCH2B_HYBRID_REPORT_ONLY_REPLAY,main,cross_asset_confirmation,evolutionary_repair,TRUE_60_40_AFTER_EXACT_DEDUP,UNIQUE_EXACT_REPORT_ONLY,PANEL_MECHANISM_LANE_ADMISSION,23,4,0,0,0,0,0,0,-1.4263445234768323e-05,-6.311442679561497e-05,-0.0022205301813255,-0.0090303442502129,0.0509235476029728,2.546177380148642e-05,-5.366916834215335e-05,-9.973215113155138e-05,-9.651939348944296e-05,0.7398675089022878,0.1551886412647734,-3.45780895239778e-05,SUMMARY_PROXY_NET_LCB_PLUS_MEAN_COST_DRAG
EPOCH2B_HYBRID_REPORT_ONLY_REPLAY,main,cross_asset_confirmation,llm_random_repair_control,TRUE_60_40_AFTER_EXACT_DEDUP,UNIQUE_EXACT_REPORT_ONLY,PANEL_MECHANISM_LANE_ADMISSION,2,1,0,0,0,0,0,0,-3.179254114037752e-06,-5.1915473675408494e-05,-0.0016545159067776498,-0.008367185437972149,0.0632979437606222,3.1648971880311105e-05,-3.4828225994348844e-05,-8.35644455557196e-05,-9.625887163913194e-05,0.6705718195454059,0.1632825860921085,-2.6653024065724074e-05,SUMMARY_PROXY_NET_LCB_PLUS_MEAN_COST_DRAG
EPOCH2B_HYBRID_REPORT_ONLY_REPLAY,main,cross_asset_confirmation,llm_typed_repair,TRUE_60_40_AFTER_EXACT_DEDUP,UNIQUE_EXACT_REPORT_ONLY,PANEL_MECHANISM_LANE_ADMISSION,7,0,0,0,0,0,0,0,-2.331862917186416e-05,-7.173979735258166e-05,-0.0039083476506181,-0.0107825770895998,0.07782981830611,3.891490915305502e-05,-5.983398592366506e-05,-0.0001055856167653,-0.0001139446062329,0.7439176079951302,0.1548030294452795,-4.254028448406302e-05,SUMMARY_PROXY_NET_LCB_PLUS_MEAN_COST_DRAG
EPOCH2B_HYBRID_REPORT_ONLY_REPLAY,main,cross_asset_confirmation,local_mcts_random_control,TRUE_60_40_AFTER_EXACT_DEDUP,UNIQUE_EXACT_REPORT_ONLY,PANEL_MECHANISM_LANE_ADMISSION,1,1,0,0,0,0,0,0,5.575547740932324e-06,-4.553449303981024e-05,0.004968256615931,-0.0020453727656616,0.0816326090287846,4.08163045143923e-05,-3.524075677345997e-05,-8.635079755420254e-05,-6.408943768532778e-05,0.7793082067283877,0.1601433032296546,-2.7957600322685724e-05,SUMMARY_PROXY_NET_LCB_PLUS_MEAN_COST_DRAG
EPOCH2B_HYBRID_REPORT_ONLY_REPLAY,main,cross_asset_confirmation,local_mcts_repair,TRUE_60_40_AFTER_EXACT_DEDUP,UNIQUE_EXACT_REPORT_ONLY,PANEL_MECHANISM_LANE_ADMISSION,11,7,0,0,0,0,0,0,5.5854385766518665e-06,-4.121378547090617e-05,0.0001355467146975,-0.0075437113975635,0.0533319534819783,2.6665976740989165e-05,-2.1683362709328764e-05,-6.843167592629888e-05,-8.246453196517883e-05,0.7509603224325966,0.1560192484461528,-1.0244721111418917e-05,SUMMARY_PROXY_NET_LCB_PLUS_MEAN_COST_DRAG
EPOCH2B_HYBRID_REPORT_ONLY_REPLAY,main,cross_asset_confirmation,orthogonal_exile_fresh,TRUE_60_40_AFTER_EXACT_DEDUP,UNIQUE_EXACT_REPORT_ONLY,PANEL_MECHANISM_LANE_ADMISSION,22,8,0,0,0,0,0,0,-1.129215900568518e-05,-6.607891540064996e-05,-0.0006796473121864,-0.00971434748497595,0.816076243879974,0.00040803812193995,-0.00042967511793625,-0.00052868535576955,-0.00053816801476365,0.6627703383478781,0.1528144914374405,-0.000514710229218,SUMMARY_PROXY_NET_LCB_PLUS_MEAN_COST_DRAG
EPOCH2B_HYBRID_REPORT_ONLY_REPLAY,main,cross_asset_confirmation,typed_ast_fresh,TRUE_60_40_AFTER_EXACT_DEDUP,UNIQUE_EXACT_REPORT_ONLY,PANEL_MECHANISM_LANE_ADMISSION,16,7,1,0,0,0,0,0,-3.8616581098716776e-06,-5.090155834309476e-05,0.00073602782791105,-0.00665150476975125,0.49410923440442894,0.00024705461720215,-0.00026393397919949996,-0.0003101584332855,-0.00029850843054295,0.6382182102966372,0.15281241566158926,-0.00025144131719715,SUMMARY_PROXY_NET_LCB_PLUS_MEAN_COST_DRAG
EPOCH2B_HYBRID_REPORT_ONLY_REPLAY,main,cross_asset_confirmation,typed_random_fresh,TRUE_60_40_AFTER_EXACT_DEDUP,UNIQUE_EXACT_REPORT_ONLY,PANEL_MECHANISM_LANE_ADMISSION,25,16,1,0,0,0,0,0,2.899327638981279e-06,-7.055635807609999e-05,-0.0001322359706035,-0.0077354027096748,1.162913065715349,0.0005814565328576,-0.0005813596394752,-0.0006321135652125,-0.0006465430601714,0.6849248628302737,0.1999252131527038,-0.0005824362992588,SUMMARY_PROXY_NET_LCB_PLUS_MEAN_COST_DRAG
EPOCH2B_HYBRID_REPORT_ONLY_REPLAY,main,funding_dynamics,evolutionary_repair,TRUE_60_40_AFTER_EXACT_DEDUP,UNIQUE_EXACT_REPORT_ONLY,PANEL_MECHANISM_LANE_ADMISSION,1,0,0,0,0,0,0,0,-2.18500904316942e-05,-6.571887174812186e-05,-0.0006679378945205,-0.0071640302917401,0.0768982701367562,3.844913506837813e-05,-6.0299225500072296e-05,-0.0001041680068165,-8.393459974455922e-05,0.8411412609794232,0.153731681686248,-4.5631385763734586e-05,SUMMARY_PROXY_NET_LCB_PLUS_MEAN_COST_DRAG
EPOCH2B_HYBRID_REPORT_ONLY_REPLAY,main,mark_index_deviation,evolutionary_random_control,TRUE_60_40_AFTER_EXACT_DEDUP,UNIQUE_EXACT_REPORT_ONLY,PANEL_MECHANISM_LANE_ADMISSION,3,3,0,0,0,0,0,0,4.570325701139385e-06,-4.161368455689111e-05,-0.0040236559404787,-0.0102832408904404,0.0518368352566427,2.5918417628321355e-05,-1.7182348518725733e-05,-6.53763586764724e-05,-6.247999666473399e-05,0.8034066700435931,0.1547490899544997,-3.251695850940345e-06,SUMMARY_PROXY_NET_LCB_PLUS_MEAN_COST_DRAG
EPOCH2B_HYBRID_REPORT_ONLY_REPLAY,main,mark_index_deviation,evolutionary_repair,TRUE_60_40_AFTER_EXACT_DEDUP,UNIQUE_EXACT_REPORT_ONLY,PANEL_MECHANISM_LANE_ADMISSION,4,2,0,0,0,0,0,0,-1.2604176239072962e-05,-5.4707684765060196e-05,-0.0004209670992361,-0.0069042424956264,0.06920016353876665,3.460008176938335e-05,-3.7560654089128014e-05,-8.080819563207471e-05,-9.353569008985702e-05,0.7323827826317737,0.1549466191141795,-2.0790808082238093e-05,SUMMARY_PROXY_NET_LCB_PLUS_MEAN_COST_DRAG
EPOCH2B_HYBRID_REPORT_ONLY_REPLAY,main,mark_index_deviation,llm_typed_repair,TRUE_60_40_AFTER_EXACT_DEDUP,UNIQUE_EXACT_REPORT_ONLY,PANEL_MECHANISM_LANE_ADMISSION,1,0,0,0,0,0,0,0,-1.924673154043952e-05,-6.237046221454882e-05,-0.0026276482095106,-0.0090468189143542,0.0366010054375705,1.830050271878529e-05,-3.75472342592248e-05,-8.067096493333411e-05,-7.737997292259249e-05,0.767109817359128,0.1527777777777778,-2.5080081883112443e-05,SUMMARY_PROXY_NET_LCB_PLUS_MEAN_COST_DRAG
EPOCH2B_HYBRID_REPORT_ONLY_REPLAY,main,mark_index_deviation,local_mcts_random_control,TRUE_60_40_AFTER_EXACT_DEDUP,UNIQUE_EXACT_REPORT_ONLY,PANEL_MECHANISM_LANE_ADMISSION,3,1,0,0,0,0,0,0,-1.23082421728923e-06,-4.61687564732307e-05,0.0017465749061126,-0.0046903052976034,0.0694047546267657,3.470237731338289e-05,-2.8856932052277632e-05,-7.37948643082191e-05,-7.601408469263846e-05,0.7578839155368952,0.1544653918006495,-8.975223655081828e-06,SUMMARY_PROXY_NET_LCB_PLUS_MEAN_COST_DRAG
EPOCH2B_HYBRID_REPORT_ONLY_REPLAY,main,mark_index_deviation,local_mcts_repair,TRUE_60_40_AFTER_EXACT_DEDUP,UNIQUE_EXACT_REPORT_ONLY,PANEL_MECHANISM_LANE_ADMISSION,1,0,0,0,0,0,0,0,-3.275198351508454e-05,-7.815359037457095e-05,0.0008202692268913,-0.0056377426958558,0.0728977309816581,3.644886549082905e-05,-6.920084900591362e-05,-0.0001146024558654,-0.0001264175398863,0.6742647851005534,0.1552859009914119,-5.57346436915043e-05,SUMMARY_PROXY_NET_LCB_PLUS_MEAN_COST_DRAG
EPOCH2B_HYBRID_REPORT_ONLY_REPLAY,main,mark_index_deviation,typed_ast_fresh,TRUE_60_40_AFTER_EXACT_DEDUP,UNIQUE_EXACT_REPORT_ONLY,PANEL_MECHANISM_LANE_ADMISSION,1,1,0,0,0,0,0,0,2.5296075771811927e-05,-2.0190288031272977e-05,0.0010181646796678,-0.0054982918347413,0.0344977941930851,1.7248897096542544e-05,8.047178675269382e-06,-3.743918512781552e-05,-2.6601633236808897e-05,0.711585866688233,0.1527777777777778,2.00702136021438e-05,SUMMARY_PROXY_NET_LCB_PLUS_MEAN_COST_DRAG
EPOCH2B_HYBRID_REPORT_ONLY_REPLAY,main,mark_index_deviation,typed_random_fresh,TRUE_60_40_AFTER_EXACT_DEDUP,UNIQUE_EXACT_REPORT_ONLY,PANEL_MECHANISM_LANE_ADMISSION,2,1,0,0,0,0,0,0,-3.5042769097414702e-06,-4.7365893760083945e-05,-0.00329183011645185,-0.0098037879696188,0.045588684261697446,2.279434213084874e-05,-2.629861904059021e-05,-7.016023589093269e-05,-8.310279927535434e-05,0.7232945286219512,0.15327966074836868,-1.131344828754866e-05,SUMMARY_PROXY_NET_LCB_PLUS_MEAN_COST_DRAG
EPOCH2B_HYBRID_REPORT_ONLY_REPLAY,main,oi_inventory,evolutionary_random_control,TRUE_60_40_AFTER_EXACT_DEDUP,UNIQUE_EXACT_REPORT_ONLY,PANEL_MECHANISM_LANE_ADMISSION,55,6,0,0,0,0,0,0,-2.8455539864309844e-06,-4.8693439252272755e-05,0.0214931317640035,0.0144814368536108,0.0149804189954754,7.490209497737736e-06,-1.0205032028241658e-05,-5.602897845563417e-05,-4.8834104950659146e-05,0.6980165024909069,0.1527777777777778,3.971586794360789e-06,SUMMARY_PROXY_NET_LCB_PLUS_MEAN_COST_DRAG
EPOCH2B_HYBRID_REPORT_ONLY_REPLAY,main,oi_inventory,evolutionary_repair,TRUE_60_40_AFTER_EXACT_DEDUP,UNIQUE_EXACT_REPORT_ONLY,PANEL_MECHANISM_LANE_ADMISSION,6,1,0,0,0,0,0,0,-2.3992665504640755e-05,-7.27788424805406e-05,-0.0050867362423667,-0.0119982835053341,0.051972315779195796,2.5986157889597912e-05,-4.736431186826022e-05,-9.615048884416006e-05,-0.00011080189945301132,0.7146930188128637,0.15348163082717836,-3.707531936497815e-05,SUMMARY_PROXY_NET_LCB_PLUS_MEAN_COST_DRAG
EPOCH2B_HYBRID_REPORT_ONLY_REPLAY,main,oi_inventory,llm_random_repair_control,TRUE_60_40_AFTER_EXACT_DEDUP,UNIQUE_EXACT_REPORT_ONLY,PANEL_MECHANISM_LANE_ADMISSION,20,1,0,0,0,0,0,0,-2.924364883839554e-06,-4.876374655224149e-05,0.02149950466307625,0.014481389885306301,0.0136148880721257,6.8074440360628646e-06,-1.0858999452034199e-05,-5.669753313431064e-05,-4.67733656895467e-05,0.6995016404950831,0.15277777777777773,3.6569313839456425e-06,SUMMARY_PROXY_NET_LCB_PLUS_MEAN_COST_DRAG
EPOCH2B_HYBRID_REPORT_ONLY_REPLAY,main,oi_inventory,local_mcts_random_control,TRUE_60_40_AFTER_EXACT_DEDUP,UNIQUE_EXACT_REPORT_ONLY,PANEL_MECHANISM_LANE_ADMISSION,19,0,0,0,0,0,0,0,-3.474460199242593e-06,-4.934271057895115e-05,0.0215191100180136,0.0144923932408736,0.0159015905672666,7.950795283633331e-06,-1.0922425957901107e-05,-5.686201499833572e-05,-4.87584022905252e-05,0.6964725542951744,0.1527793612789622,3.0553243860825607e-06,SUMMARY_PROXY_NET_LCB_PLUS_MEAN_COST_DRAG
EPOCH2B_HYBRID_REPORT_ONLY_REPLAY,main,oi_inventory,local_mcts_repair,TRUE_60_40_AFTER_EXACT_DEDUP,UNIQUE_EXACT_REPORT_ONLY,PANEL_MECHANISM_LANE_ADMISSION,10,7,0,0,0,0,0,0,1.4189417289090686e-06,-4.685128676170398e-05,-0.0023041883537789,-0.01125160727582885,0.0588271008300734,2.9413550415036714e-05,-2.5375424556865867e-05,-7.727187886418427e-05,-7.689710373889843e-05,0.7181017063187192,0.15300084171047074,-3.07420579745936e-05,SUMMARY_PROXY_NET_LCB_PLUS_MEAN_COST_DRAG
EPOCH2B_HYBRID_REPORT_ONLY_REPLAY,main,oi_inventory,typed_ast_fresh,TRUE_60_40_AFTER_EXACT_DEDUP,UNIQUE_EXACT_REPORT_ONLY,PANEL_MECHANISM_LANE_ADMISSION,2,1,0,0,0,0,0,0,-2.5896483060818597e-05,-7.00167753619469e-05,-0.0047614052755076,-0.01125953256506535,0.0658166583612124,3.2908329180606226e-05,-5.880481224142481e-05,-0.00010292510454255314,-0.00013723028824298388,0.6666999578488425,0.1527777777777778,-4.8738515463604824e-05,SUMMARY_PROXY_NET_LCB_PLUS_MEAN_COST_DRAG
EPOCH2B_HYBRID_REPORT_ONLY_REPLAY,main,oi_inventory,typed_random_fresh,TRUE_60_40_AFTER_EXACT_DEDUP,UNIQUE_EXACT_REPORT_ONLY,PANEL_MECHANISM_LANE_ADMISSION,2,1,0,0,0,0,0,0,2.2163162439062965e-07,-4.594374962054811e-05,0.0040219946694427,-0.0027789963143227997,0.11081769388582505,5.5408846942912526e-05,-5.518721531852188e-05,-0.00010135259656346063,-8.385292870240739e-05,0.7974209854849701,0.1528001063046856,-3.749516802729636e-05,SUMMARY_PROXY_NET_LCB_PLUS_MEAN_COST_DRAG
EPOCH2B_HYBRID_REPORT_ONLY_REPLAY,main,orthogonal_exile,evolutionary_random_control,TRUE_60_40_AFTER_EXACT_DEDUP,UNIQUE_EXACT_REPORT_ONLY,PANEL_MECHANISM_LANE_ADMISSION,7,6,0,0,0,0,0,0,1.2448551504559958e-05,-3.787769818624457e-05,0.0038690540361368,-0.0028993742929754,0.1117895759804128,5.589478799020643e-05,-3.237388963941934e-05,-8.286753767600991e-05,-8.641764145967652e-05,0.7405811374550212,0.1572732042981081,-1.4933347366000534e-05,SUMMARY_PROXY_NET_LCB_PLUS_MEAN_COST_DRAG
EPOCH2B_HYBRID_REPORT_ONLY_REPLAY,main,orthogonal_exile,evolutionary_repair,TRUE_60_40_AFTER_EXACT_DEDUP,UNIQUE_EXACT_REPORT_ONLY,PANEL_MECHANISM_LANE_ADMISSION,5,3,0,0,0,0,0,0,4.72414735905806e-06,-4.256326179996264e-05,0.0003514605935058,-0.0063699804224695,0.0519568669637826,2.5978433481891327e-05,-2.879099034776058e-05,-7.26726614333106e-05,-9.22985420996532e-05,0.7510748164526408,0.1549650106970186,-1.098297092826554e-05,SUMMARY_PROXY_NET_LCB_PLUS_MEAN_COST_DRAG
EPOCH2B_HYBRID_REPORT_ONLY_REPLAY,main,orthogonal_exile,llm_random_repair_control,TRUE_60_40_AFTER_EXACT_DEDUP,UNIQUE_EXACT_REPORT_ONLY,PANEL_MECHANISM_LANE_ADMISSION,2,2,0,0,0,0,0,0,1.4695568086402939e-05,-3.257239480016511e-05,0.00366401745465015,-0.0029914763444987,0.08588262914687961,4.2941314573439835e-05,-2.824574648703689e-05,-7.551370937360493e-05,-7.11907648245776e-05,0.7694937366040018,0.15459614806564748,-3.288916960420493e-06,SUMMARY_PROXY_NET_LCB_PLUS_MEAN_COST_DRAG
EPOCH2B_HYBRID_REPORT_ONLY_REPLAY,main,orthogonal_exile,llm_typed_repair,TRUE_60_40_AFTER_EXACT_DEDUP,UNIQUE_EXACT_REPORT_ONLY,PANEL_MECHANISM_LANE_ADMISSION,1,1,0,0,0,0,0,0,3.030320371248909e-05,-1.5796917835925585e-05,0.0052383934406741,-0.0013749797440188,0.0368677260930619,1.8433863046530967e-05,1.186934066595814e-05,-3.423078088245655e-05,-1.1511175234017826e-05,0.8540128881736846,0.1527983634398641,3.380957156808286e-05,SUMMARY_PROXY_NET_LCB_PLUS_MEAN_COST_DRAG
EPOCH2B_HYBRID_REPORT_ONLY_REPLAY,main,orthogonal_exile,local_mcts_random_control,TRUE_60_40_AFTER_EXACT_DEDUP,UNIQUE_EXACT_REPORT_ONLY,PANEL_MECHANISM_LANE_ADMISSION,1,1,0,0,0,0,0,0,1.2384953765277052e-05,-3.213024808503406e-05,0.0017445288470878,-0.004652204810192,0.037755206730276,1.887760336513801e-05,-6.492649599860956e-06,-5.100785145017207e-05,-8.196616833502064e-05,0.6120753528977987,0.1527777777777778,1.0215541917700218e-05,SUMMARY_PROXY_NET_LCB_PLUS_MEAN_COST_DRAG
EPOCH2B_HYBRID_REPORT_ONLY_REPLAY,main,orthogonal_exile,local_mcts_repair,TRUE_60_40_AFTER_EXACT_DEDUP,UNIQUE_EXACT_REPORT_ONLY,PANEL_MECHANISM_LANE_ADMISSION,6,4,1,1,0,0,0,0,1.3391284050756015e-05,-3.239234141172596e-05,0.0002752744873504174,-0.006197710121162849,0.08779279332574394,4.389639666287201e-05,-4.966867124235585e-05,-9.443136248986796e-05,-0.0001045591457388,0.7424777085741903,0.15447239368953203,-3.936661806253509e-05,SUMMARY_PROXY_NET_LCB_PLUS_MEAN_COST_DRAG
EPOCH2B_HYBRID_REPORT_ONLY_REPLAY,main,orthogonal_exile,orthogonal_exile_fresh,TRUE_60_40_AFTER_EXACT_DEDUP,UNIQUE_EXACT_REPORT_ONLY,PANEL_MECHANISM_LANE_ADMISSION,2,0,0,0,0,0,0,0,-1.2011326173686314e-05,-5.7593446409570966e-05,-0.0063886800320392505,-0.01293444451786775,0.0724577676616531,3.622888383082655e-05,-4.824021000451287e-05,-9.382233024039753e-05,-0.00011166210726163003,0.717699875419978,0.15723128942442532,-4.7341060836566355e-05,SUMMARY_PROXY_NET_LCB_PLUS_MEAN_COST_DRAG
EPOCH2B_HYBRID_REPORT_ONLY_REPLAY,main,orthogonal_exile,typed_ast_fresh,TRUE_60_40_AFTER_EXACT_DEDUP,UNIQUE_EXACT_REPORT_ONLY,PANEL_MECHANISM_LANE_ADMISSION,2,1,0,0,0,0,0,0,-3.044051941771688e-06,-5.440498971820665e-05,0.00098489163269125,-0.0059776112953019,0.08383473832690874,4.1917369163454395e-05,-4.496142110522608e-05,-9.632235888166105e-05,-9.674579157409598e-05,0.7603654036246519,0.1633728647928745,-3.452586569645509e-05,SUMMARY_PROXY_NET_LCB_PLUS_MEAN_COST_DRAG
EPOCH2B_HYBRID_REPORT_ONLY_REPLAY,main,orthogonal_exile,typed_random_fresh,TRUE_60_40_AFTER_EXACT_DEDUP,UNIQUE_EXACT_REPORT_ONLY,PANEL_MECHANISM_LANE_ADMISSION,2,1,0,0,0,0,0,0,-2.2949473831363192e-06,-5.584359956493809e-05,-0.002537498668992,-0.009761416199863,0.07427272596763355,3.713636298381677e-05,-3.943131036695309e-05,-9.297996254875485e-05,-8.706811317948399e-05,0.737151048728691,0.1529902512328725,-3.1192159861650144e-05,SUMMARY_PROXY_NET_LCB_PLUS_MEAN_COST_DRAG
EPOCH2B_HYBRID_REPORT_ONLY_REPLAY,main,session_time,evolutionary_random_control,TRUE_60_40_AFTER_EXACT_DEDUP,UNIQUE_EXACT_REPORT_ONLY,PANEL_MECHANISM_LANE_ADMISSION,1,1,1,0,0,0,0,0,4.9783712956775656e-05,7.129988928741894e-06,0.0067714756598492,0.0003202957807006,0.1772199138196369,8.860995690981845e-05,-3.88262439530428e-05,-8.147996798107656e-05,-0.0001026861040223,0.6630352909127455,0.1527782815958023,-2.2393865540207907e-05,SUMMARY_PROXY_NET_LCB_PLUS_MEAN_COST_DRAG
EPOCH2B_HYBRID_REPORT_ONLY_REPLAY,main,session_time,evolutionary_repair,TRUE_60_40_AFTER_EXACT_DEDUP,UNIQUE_EXACT_REPORT_ONLY,PANEL_MECHANISM_LANE_ADMISSION,6,2,0,0,0,0,0,0,-9.18004175731954e-06,-5.170851607568017e-05,-0.00127266685054595,-0.0077565587092522995,0.06598217944205051,3.299108972102527e-05,-4.4462398814876884e-05,-8.63197560676721e-05,-7.353534876506012e-05,0.7278526708068369,0.15350674381982726,-3.3227894894965963e-05,SUMMARY_PROXY_NET_LCB_PLUS_MEAN_COST_DRAG
EPOCH2B_HYBRID_REPORT_ONLY_REPLAY,main,session_time,llm_random_repair_control,TRUE_60_40_AFTER_EXACT_DEDUP,UNIQUE_EXACT_REPORT_ONLY,PANEL_MECHANISM_LANE_ADMISSION,2,1,0,0,0,0,0,0,-1.6199638766793283e-05,-6.221761164440702e-05,-0.0031710769536358496,-0.00978687654058495,0.03753571800655195,1.8767859003275986e-05,-3.496749777006928e-05,-8.098547064768302e-05,-0.00010021851330443236,0.6793336489994999,0.15280726557141394,-2.261972844168253e-05,SUMMARY_PROXY_NET_LCB_PLUS_MEAN_COST_DRAG
EPOCH2B_HYBRID_REPORT_ONLY_REPLAY,main,session_time,llm_typed_repair,TRUE_60_40_AFTER_EXACT_DEDUP,UNIQUE_EXACT_REPORT_ONLY,PANEL_MECHANISM_LANE_ADMISSION,1,1,0,0,0,0,0,0,2.748621690669169e-05,-1.7124270477065462e-05,0.0054319431223312,-0.0009990323334931,0.0658743279441364,3.293716397206822e-05,-5.450947065376531e-06,-5.0061434449133685e-05,-6.811870645905368e-05,0.613297757612942,0.1537565960960797,7.201942219438228e-06,SUMMARY_PROXY_NET_LCB_PLUS_MEAN_COST_DRAG
EPOCH2B_HYBRID_REPORT_ONLY_REPLAY,main,session_time,local_mcts_random_control,TRUE_60_40_AFTER_EXACT_DEDUP,UNIQUE_EXACT_REPORT_ONLY,PANEL_MECHANISM_LANE_ADMISSION,1,1,0,0,0,0,0,0,2.6204654816421103e-05,-1.9564761321332363e-05,0.0013778780347332,-0.0052397415249521,0.1107989867434993,5.5399493371749673e-05,-2.919483855532856e-05,-7.496425469308204e-05,-8.200290233553265e-05,0.6830821757662728,0.1555075254113262,-2.4683255482261263e-05,SUMMARY_PROXY_NET_LCB_PLUS_MEAN_COST_DRAG
EPOCH2B_HYBRID_REPORT_ONLY_REPLAY,main,session_time,local_mcts_repair,TRUE_60_40_AFTER_EXACT_DEDUP,UNIQUE_EXACT_REPORT_ONLY,PANEL_MECHANISM_LANE_ADMISSION,5,2,0,0,0,0,0,0,-1.060174993029432e-05,-5.849340502256225e-05,-0.0017154237967589,-0.0082731834983091,0.0608185446099125,3.040927230495625e-05,-5.375946941127752e-05,-0.000102902512815,-0.0001081367255819,0.6917341345505976,0.1538386908566782,-4.579256283921718e-05,SUMMARY_PROXY_NET_LCB_PLUS_MEAN_COST_DRAG
EPOCH2B_HYBRID_REPORT_ONLY_REPLAY,main,session_time,typed_random_fresh,TRUE_60_40_AFTER_EXACT_DEDUP,UNIQUE_EXACT_REPORT_ONLY,PANEL_MECHANISM_LANE_ADMISSION,2,1,0,0,0,0,0,0,-4.1852531442887085e-06,-4.822628831057978e-05,-0.0002371440130374998,-0.0066327457613627495,0.11489900093179725,5.744950046589863e-05,-6.163475361018199e-05,-0.0001056757887764784,-0.00011167014850359413,0.7044153615784696,0.15348604912902955,-4.713595212796658e-05,SUMMARY_PROXY_NET_LCB_PLUS_MEAN_COST_DRAG
EPOCH2B_HYBRID_REPORT_ONLY_REPLAY,main,taker_imbalance,evolutionary_random_control,TRUE_60_40_AFTER_EXACT_DEDUP,UNIQUE_EXACT_REPORT_ONLY,PANEL_MECHANISM_LANE_ADMISSION,6,4,1,1,0,0,0,0,3.4960124616508767e-05,-1.4724321855556618e-05,-0.0027029388417147,-0.0095584761694977,0.0660534897954993,3.302674489774969e-05,-1.1996077845679465e-05,-5.988106189364752e-05,-6.776718144190785e-05,0.6652506400466398,0.15532399087804039,-7.343290295287653e-06,SUMMARY_PROXY_NET_LCB_PLUS_MEAN_COST_DRAG
EPOCH2B_HYBRID_REPORT_ONLY_REPLAY,main,taker_imbalance,evolutionary_repair,TRUE_60_40_AFTER_EXACT_DEDUP,UNIQUE_EXACT_REPORT_ONLY,PANEL_MECHANISM_LANE_ADMISSION,5,2,0,0,0,0,0,0,-8.83306583150283e-06,-5.689027027283065e-05,0.0006342019373065,-0.0056528637914338,0.0621320833128883,3.106604165644418e-05,-3.7535195314708165e-05,-8.491105928241783e-05,-8.298590547545067e-05,0.7468823372414227,0.1571173805933289,-2.670165898927492e-05,SUMMARY_PROXY_NET_LCB_PLUS_MEAN_COST_DRAG
EPOCH2B_HYBRID_REPORT_ONLY_REPLAY,main,taker_imbalance,llm_typed_repair,TRUE_60_40_AFTER_EXACT_DEDUP,UNIQUE_EXACT_REPORT_ONLY,PANEL_MECHANISM_LANE_ADMISSION,2,1,0,0,0,0,0,0,2.0300099295806897e-05,-2.7946635078904816e-05,0.00767139640471825,0.0010146203534307,0.04432178827829475,2.2160894139147408e-05,-1.8607948433405099e-06,-5.010752921805223e-05,-8.584237154555063e-05,0.6154826462647437,0.1579266146985469,9.975897942422517e-06,SUMMARY_PROXY_NET_LCB_PLUS_MEAN_COST_DRAG
EPOCH2B_HYBRID_REPORT_ONLY_REPLAY,main,taker_imbalance,local_mcts_random_control,TRUE_60_40_AFTER_EXACT_DEDUP,UNIQUE_EXACT_REPORT_ONLY,PANEL_MECHANISM_LANE_ADMISSION,3,1,0,0,0,0,0,0,-1.9041133125397448e-06,-4.610478885254616e-05,0.0015345563534181,-0.0048216043151553,0.1192538039141076,5.962690195705384e-05,-6.153101526959358e-05,-0.0001057316908096,-0.00010695688496,0.7747497483905104,0.1575221921968326,-5.057195884107712e-05,SUMMARY_PROXY_NET_LCB_PLUS_MEAN_COST_DRAG
EPOCH2B_HYBRID_REPORT_ONLY_REPLAY,main,taker_imbalance,local_mcts_repair,TRUE_60_40_AFTER_EXACT_DEDUP,UNIQUE_EXACT_REPORT_ONLY,PANEL_MECHANISM_LANE_ADMISSION,9,5,0,0,0,0,0,0,3.0470828779339015e-07,-5.015412963508632e-05,-0.0039511302155945,-0.0107124106804287,0.0853786973888697,4.268934869443484e-05,-4.662825513741886e-05,-9.708714717600592e-05,-8.716073069034952e-05,0.7549058052776099,0.1527787826303019,-4.919674849266777e-05,SUMMARY_PROXY_NET_LCB_PLUS_MEAN_COST_DRAG
EPOCH2B_HYBRID_REPORT_ONLY_REPLAY,main,taker_imbalance,orthogonal_exile_fresh,TRUE_60_40_AFTER_EXACT_DEDUP,UNIQUE_EXACT_REPORT_ONLY,PANEL_MECHANISM_LANE_ADMISSION,6,5,0,0,0,0,0,0,1.1817619612399043e-05,-3.6028876471787856e-05,-0.0020059726458687,-0.0086882579642154,0.08059395142471984,4.029697571235994e-05,-3.57465356189969e-05,-8.573603211811369e-05,-8.028983746510053e-05,0.6957060101319976,0.1527777777777778,-3.1659711217505174e-05,SUMMARY_PROXY_NET_LCB_PLUS_MEAN_COST_DRAG
EPOCH2B_HYBRID_REPORT_ONLY_REPLAY,main,taker_imbalance,typed_ast_fresh,TRUE_60_40_AFTER_EXACT_DEDUP,UNIQUE_EXACT_REPORT_ONLY,PANEL_MECHANISM_LANE_ADMISSION,5,3,0,0,0,0,0,0,2.179761473331117e-07,-4.223215212732129e-05,-0.0018019360598713,-0.0084323556011317,0.0683991977452786,3.419959887263932e-05,-2.771097200449834e-05,-7.643175099996061e-05,-6.659123320219696e-05,0.7391450807437157,0.1566325553708024,-2.5213968140778186e-05,SUMMARY_PROXY_NET_LCB_PLUS_MEAN_COST_DRAG
EPOCH2B_HYBRID_REPORT_ONLY_REPLAY,main,taker_imbalance,typed_random_fresh,TRUE_60_40_AFTER_EXACT_DEDUP,UNIQUE_EXACT_REPORT_ONLY,PANEL_MECHANISM_LANE_ADMISSION,5,5,0,0,0,0,0,0,1.675094936202615e-05,-3.538166395779345e-05,-0.0055948049360652,-0.0124884862905646,0.109532086689995,5.476604334499752e-05,-3.233978657161578e-05,-8.120539878842319e-05,-6.536754717158339e-05,0.7964607040708296,0.1544227570236343,-3.762453373967957e-05,SUMMARY_PROXY_NET_LCB_PLUS_MEAN_COST_DRAG
EPOCH2B_HYBRID_REPORT_ONLY_REPLAY,main,temporal_state_path,evolutionary_random_control,TRUE_60_40_AFTER_EXACT_DEDUP,UNIQUE_EXACT_REPORT_ONLY,PANEL_MECHANISM_LANE_ADMISSION,4,1,0,0,0,0,0,0,-1.2558797133498417e-05,-5.703856133612059e-05,0.00033109735884120006,-0.006249725098594949,0.056405312906789046,2.8202656453394537e-05,-4.564950357469609e-05,-9.012926777731827e-05,-0.00010485629727772776,0.733472325721499,0.1528039196818065,-2.7691986604389467e-05,SUMMARY_PROXY_NET_LCB_PLUS_MEAN_COST_DRAG
EPOCH2B_HYBRID_REPORT_ONLY_REPLAY,main,temporal_state_path,evolutionary_repair,TRUE_60_40_AFTER_EXACT_DEDUP,UNIQUE_EXACT_REPORT_ONLY,PANEL_MECHANISM_LANE_ADMISSION,16,7,0,0,0,0,0,0,-5.4256392393574936e-06,-5.432527679532546e-05,-0.0009080218567563999,-0.0074558305639012,0.03828404781422695,1.9142023907113482e-05,-2.4266016764200093e-05,-7.410150061880414e-05,-7.720443035887124e-05,0.7617028995130507,0.15281430573637994,-9.053491533459876e-06,SUMMARY_PROXY_NET_LCB_PLUS_MEAN_COST_DRAG
EPOCH2B_HYBRID_REPORT_ONLY_REPLAY,main,temporal_state_path,llm_typed_repair,TRUE_60_40_AFTER_EXACT_DEDUP,UNIQUE_EXACT_REPORT_ONLY,PANEL_MECHANISM_LANE_ADMISSION,7,4,0,0,0,0,0,0,4.250424377341701e-06,-4.037425457043507e-05,-0.0032837907077698,-0.009709681916702,0.0374794808659075,1.8739740432953754e-05,-1.3530687759726134e-05,-5.978502614589216e-05,-7.424698206035553e-05,0.8540677267553488,0.1527777777777778,-1.4009610891901322e-06,SUMMARY_PROXY_NET_LCB_PLUS_MEAN_COST_DRAG
EPOCH2B_HYBRID_REPORT_ONLY_REPLAY,main,temporal_state_path,local_mcts_random_control,TRUE_60_40_AFTER_EXACT_DEDUP,UNIQUE_EXACT_REPORT_ONLY,PANEL_MECHANISM_LANE_ADMISSION,4,2,0,0,0,0,0,0,2.4250123696244072e-06,-4.1116488118935744e-05,-0.0003138201240336,-0.0068004654529083,0.07301105895378135,3.650552947689071e-05,-4.324685939077752e-05,-8.726586184009264e-05,-7.92213190664972e-05,0.7784548032382756,0.15423248095893755,-2.8956748013167833e-05,SUMMARY_PROXY_NET_LCB_PLUS_MEAN_COST_DRAG
EPOCH2B_HYBRID_REPORT_ONLY_REPLAY,main,temporal_state_path,local_mcts_repair,TRUE_60_40_AFTER_EXACT_DEDUP,UNIQUE_EXACT_REPORT_ONLY,PANEL_MECHANISM_LANE_ADMISSION,5,5,0,0,0,0,0,0,2.2111010937558228e-05,-3.274858358283393e-05,0.0017872764132173,-0.0051460641245609,0.0450722050627558,2.253610253137791e-05,-2.096719361449699e-06,-5.215907385605846e-05,-4.858643904839466e-05,0.7774399066006926,0.1585039142236767,1.476453247206882e-05,SUMMARY_PROXY_NET_LCB_PLUS_MEAN_COST_DRAG
EPOCH2B_HYBRID_REPORT_ONLY_REPLAY,main,temporal_state_path,orthogonal_exile_fresh,TRUE_60_40_AFTER_EXACT_DEDUP,UNIQUE_EXACT_REPORT_ONLY,PANEL_MECHANISM_LANE_ADMISSION,6,3,0,0,0,0,0,0,-7.546559180067333e-06,-5.369998779863031e-05,0.00250254912679535,-0.0043704569342393,0.0848067719747318,4.2403385987365904e-05,-4.0306748042405325e-05,-8.905574612818619e-05,-7.420101248511597e-05,0.7326407815912794,0.1527777777777778,-2.8111492010454628e-05,SUMMARY_PROXY_NET_LCB_PLUS_MEAN_COST_DRAG
EPOCH2B_HYBRID_REPORT_ONLY_REPLAY,main,temporal_state_path,typed_ast_fresh,TRUE_60_40_AFTER_EXACT_DEDUP,UNIQUE_EXACT_REPORT_ONLY,PANEL_MECHANISM_LANE_ADMISSION,1,0,0,0,0,0,0,0,-1.787714553601878e-05,-6.395009062114127e-05,-0.0011835592271982,-0.0077182484900215,0.0884559400275174,4.422797001375873e-05,-6.210511554977753e-05,-0.0001081780606349,-9.041832141173508e-05,0.7980299439319176,0.1528079954737749,-4.32541990816396e-05,SUMMARY_PROXY_NET_LCB_PLUS_MEAN_COST_DRAG
EPOCH2B_HYBRID_REPORT_ONLY_REPLAY,main,temporal_state_path,typed_random_fresh,TRUE_60_40_AFTER_EXACT_DEDUP,UNIQUE_EXACT_REPORT_ONLY,PANEL_MECHANISM_LANE_ADMISSION,1,1,0,0,0,0,0,0,3.833917954202824e-06,-4.520674491192315e-05,-0.0043581821793812,-0.0111364085921204,0.0577795535725847,2.888977678629237e-05,-2.505585883208956e-05,-7.409652169821551e-05,-7.416738166828484e-05,0.730665332837636,0.1527830496686108,-2.1299557044495912e-05,SUMMARY_PROXY_NET_LCB_PLUS_MEAN_COST_DRAG
EPOCH2B_HYBRID_REPORT_ONLY_REPLAY,main,volatility_regime,evolutionary_random_control,TRUE_60_40_AFTER_EXACT_DEDUP,UNIQUE_EXACT_REPORT_ONLY,PANEL_MECHANISM_LANE_ADMISSION,35,27,0,0,0,0,0,0,1.4586562766880864e-05,-3.5731018260020565e-05,0.0015048335885836,-0.0049856628065752,0.0473616922361692,2.368084611808464e-05,-1.3130421567631514e-05,-5.9101998232710246e-05,-5.555371411803016e-05,0.7723343734390538,0.1528893164079628,-6.698637469482456e-06,SUMMARY_PROXY_NET_LCB_PLUS_MEAN_COST_DRAG
EPOCH2B_HYBRID_REPORT_ONLY_REPLAY,main,volatility_regime,evolutionary_repair,TRUE_60_40_AFTER_EXACT_DEDUP,UNIQUE_EXACT_REPORT_ONLY,PANEL_MECHANISM_LANE_ADMISSION,62,38,1,1,0,0,0,0,1.1359830640735775e-05,-3.6189880283426686e-05,0.0008735824307469,-0.0058239275922076,0.0465928796894688,2.3296439844734404e-05,-1.5090282840347856e-05,-6.114291125010857e-05,-5.121021952517563e-05,0.7496638230521311,0.1546479255809643,-2.115240320612548e-06,SUMMARY_PROXY_NET_LCB_PLUS_MEAN_COST_DRAG
EPOCH2B_HYBRID_REPORT_ONLY_REPLAY,main,volatility_regime,llm_random_repair_control,TRUE_60_40_AFTER_EXACT_DEDUP,UNIQUE_EXACT_REPORT_ONLY,PANEL_MECHANISM_LANE_ADMISSION,8,7,0,0,0,0,0,0,1.413562292527538e-05,-3.212515960404193e-05,0.0016233798953211,-0.004834005302621,0.03803062055239785,1.9015310276198946e-05,-7.732346681493132e-06,-5.300684151436413e-05,-3.0160837476692794e-05,0.8102829122183988,0.1527777777777778,4.439590832862557e-06,SUMMARY_PROXY_NET_LCB_PLUS_MEAN_COST_DRAG
EPOCH2B_HYBRID_REPORT_ONLY_REPLAY,main,volatility_regime,llm_typed_repair,TRUE_60_40_AFTER_EXACT_DEDUP,UNIQUE_EXACT_REPORT_ONLY,PANEL_MECHANISM_LANE_ADMISSION,16,14,0,0,0,0,0,0,9.050906594901942e-06,-3.888839556393688e-05,0.0009902368932015,-0.0060163226824949,0.04362639241100205,2.1813196205501047e-05,-1.741822719130322e-05,-6.48244784770579e-05,-4.6231203333060755e-05,0.780765724692092,0.1539106339748822,-1.5807971923088449e-06,SUMMARY_PROXY_NET_LCB_PLUS_MEAN_COST_DRAG
EPOCH2B_HYBRID_REPORT_ONLY_REPLAY,main,volatility_regime,local_mcts_random_control,TRUE_60_40_AFTER_EXACT_DEDUP,UNIQUE_EXACT_REPORT_ONLY,PANEL_MECHANISM_LANE_ADMISSION,19,14,1,1,0,0,0,0,1.377434028237838e-05,-3.598982142310594e-05,0.0032862419730713,-0.0032144672243496,0.0451725997842503,2.258629989212516e-05,-1.068722996309224e-05,-5.946634612651718e-05,-5.405443236278311e-05,0.7487248240031197,0.1534443120884061,1.2894183969804176e-05,SUMMARY_PROXY_NET_LCB_PLUS_MEAN_COST_DRAG
EPOCH2B_HYBRID_REPORT_ONLY_REPLAY,main,volatility_regime,local_mcts_repair,TRUE_60_40_AFTER_EXACT_DEDUP,UNIQUE_EXACT_REPORT_ONLY,PANEL_MECHANISM_LANE_ADMISSION,48,30,2,1,0,0,0,0,9.313630639521551e-06,-3.8822518851342216e-05,0.0013205716446064,-0.00532002669074725,0.04939185105216155,2.469592552608078e-05,-2.860094422403942e-05,-7.512736394064534e-05,-7.12055291073356e-05,0.7400373445050203,0.1543474971303295,-1.3504783954344287e-05,SUMMARY_PROXY_NET_LCB_PLUS_MEAN_COST_DRAG
EPOCH2B_HYBRID_REPORT_ONLY_REPLAY,main,volatility_regime,orthogonal_exile_fresh,TRUE_60_40_AFTER_EXACT_DEDUP,UNIQUE_EXACT_REPORT_ONLY,PANEL_MECHANISM_LANE_ADMISSION,5,3,0,0,0,0,0,0,1.7515429757210895e-05,-3.0496673049574353e-05,0.0020541234626107,-0.0047250059062202,0.0978550028410559,4.892750142052796e-05,-4.942901478082473e-05,-9.744111758761e-05,-0.0001118608188457,0.671380988341004,0.1527777777777778,-3.0178007168617955e-05,SUMMARY_PROXY_NET_LCB_PLUS_MEAN_COST_DRAG
EPOCH2B_HYBRID_REPORT_ONLY_REPLAY,main,volatility_regime,typed_ast_fresh,TRUE_60_40_AFTER_EXACT_DEDUP,UNIQUE_EXACT_REPORT_ONLY,PANEL_MECHANISM_LANE_ADMISSION,6,1,0,0,0,0,0,0,-1.7244293033234582e-05,-6.831211971958783e-05,-0.0061765333001402006,-0.01320042494446895,0.0505589371919248,2.5279468595962434e-05,-4.0393120732671884e-05,-9.146094741902514e-05,-9.14183679951428e-05,0.7986043081938373,0.1527777777777778,-4.363431087810593e-05,SUMMARY_PROXY_NET_LCB_PLUS_MEAN_COST_DRAG
EPOCH2B_HYBRID_REPORT_ONLY_REPLAY,main,volatility_regime,typed_random_fresh,TRUE_60_40_AFTER_EXACT_DEDUP,UNIQUE_EXACT_REPORT_ONLY,PANEL_MECHANISM_LANE_ADMISSION,4,3,0,0,0,0,0,0,1.2221392969922977e-05,-3.5037182249028284e-05,-0.005052703865255401,-0.01184582775274285,0.0758849679420986,3.794248397104932e-05,-2.342866683848939e-05,-7.297966622007761e-05,-6.938163380891549e-05,0.7597453655723738,0.15428184810192414,-2.5681254903809676e-05,SUMMARY_PROXY_NET_LCB_PLUS_MEAN_COST_DRAG
